timestamp,aggregate,label,is_anomaly,ch_geyser,ch_ac,ch_washing_machine,ch_tv,ch_fridge
2023-01-01 00:00:00,179.57,fridge,0,2.99,3.86,5.89,3.29,163.53
2023-01-01 00:01:00,223.12,fridge,0,6.95,9.38,6.21,6.69,193.88
2023-01-01 00:02:00,138.3,fridge,0,1.73,2.71,5.13,4.29,124.43
2023-01-01 00:03:00,176.55,fridge,0,1.83,4.42,4.71,5.96,159.63
2023-01-01 00:04:00,205.18,fridge,0,4.17,8.35,5.64,2.34,184.67
2023-01-01 00:05:00,130.3,fridge,0,7.37,8.24,6.21,1.27,107.21
2023-01-01 00:06:00,169.42,fridge,0,2.66,4.05,5.65,3.81,153.25
2023-01-01 00:07:00,175.29,fridge,0,3.78,7.42,5.67,6.92,151.51
2023-01-01 00:08:00,180.3,fridge,0,3.02,6.01,4.69,6.62,159.96
2023-01-01 00:09:00,187.65,fridge,0,6.6,7.7,8.42,4.41,160.51
2023-01-01 00:10:00,180.85,fridge,0,2.11,6.48,6.78,6.18,159.3
2023-01-01 00:11:00,216.09,fridge,0,6.06,6.26,4.91,5.74,193.12
2023-01-01 00:12:00,159.29,fridge,0,3.04,6.22,2.95,7.32,139.77
2023-01-01 00:13:00,208.25,fridge,0,6.61,2.17,7.18,7.32,184.97
2023-01-01 00:14:00,177.08,fridge,0,5.27,3.42,5.74,4.25,158.41
2023-01-01 00:15:00,140.52,fridge,0,3.05,4.62,3.66,1.06,128.12
2023-01-01 00:16:00,161.27,fridge,0,4.11,4.01,6.61,5.19,141.35
2023-01-01 00:17:00,141.58,fridge,0,2.73,3.33,3.05,6.85,125.62
2023-01-01 00:18:00,145.25,fridge,0,5.6,7.6,4.53,7.54,119.99
2023-01-01 00:19:00,158.11,fridge,0,4.97,2.93,3.81,5.33,141.06
2023-01-01 00:20:00,140.85,fridge,0,5.21,2.63,6.28,2.84,123.89
2023-01-01 00:21:00,201.39,fridge,0,6.97,5.95,4.78,6.99,176.7
2023-01-01 00:22:00,219.42,fridge,0,9.37,7.45,4.68,7.49,190.43
2023-01-01 00:23:00,182.55,fridge,0,4.56,6.53,6.32,8.11,157.04
2023-01-01 00:24:00,206.22,fridge,0,6.87,5.97,10.2,6.09,177.1
2023-01-01 00:25:00,168.64,fridge,0,4.36,5.33,4.2,5.19,149.56
2023-01-01 00:26:00,206.61,fridge,0,5.08,4.48,3.51,7.74,185.8
2023-01-01 00:27:00,154.22,fridge,0,5.36,0.93,5.64,4.12,138.18
2023-01-01 00:28:00,195.75,fridge,0,9.31,7.25,3.89,4.35,170.96
2023-01-01 00:29:00,160.17,fridge,0,6.09,6.8,5.57,5.37,136.35
2023-01-01 00:30:00,191.31,fridge,0,4.88,6.29,5.04,4.8,170.31
2023-01-01 00:31:00,169.3,fridge,0,4.68,7.56,3.85,8.34,144.86
2023-01-01 00:32:00,159.34,fridge,0,7.08,3.76,5.38,3.32,139.8
2023-01-01 00:33:00,184.1,fridge,0,2.46,5.23,5.62,6.27,164.52
2023-01-01 00:34:00,126.62,fridge,0,8.38,3.75,4.12,4.61,105.77
2023-01-01 00:35:00,162.74,fridge,0,4.04,7.51,5.61,4.31,141.27
2023-01-01 00:36:00,178.07,fridge,0,5.14,7.25,2.88,1.33,161.46
2023-01-01 00:37:00,190.29,fridge,0,6.45,1.07,7.34,4.52,170.91
2023-01-01 00:38:00,196.41,fridge,0,7.2,4.3,3.87,4.48,176.57
2023-01-01 00:39:00,206.71,fridge,0,8.59,6.11,5.33,1.98,184.71
2023-01-01 00:40:00,143.52,fridge,0,7.25,5.75,2.42,3.87,124.24
2023-01-01 00:41:00,167.73,fridge,0,2.25,3.49,4.48,4.78,152.73
2023-01-01 00:42:00,175.75,fridge,0,2.91,4.12,5.46,3.6,159.66
2023-01-01 00:43:00,132.76,fridge,0,6.47,8.63,4.17,4.57,108.92
2023-01-01 00:44:00,154.99,fridge,0,5.64,4.06,2.16,4.7,138.44
2023-01-01 00:45:00,199.17,fridge,0,3.95,5.26,5.3,6.88,177.78
2023-01-01 00:46:00,183.0,fridge,0,5.2,7.26,6.11,6.18,158.26
2023-01-01 00:47:00,182.0,fridge,0,3.98,5.98,5.13,7.32,159.59
2023-01-01 00:48:00,200.72,fridge,0,4.19,5.52,5.29,2.74,182.98
2023-01-01 00:49:00,165.16,fridge,0,6.06,6.09,5.31,4.99,142.71
2023-01-01 00:50:00,184.48,fridge,0,1.79,6.76,3.24,5.73,166.95
2023-01-01 00:51:00,138.48,fridge,0,4.15,3.28,7.54,2.82,120.7
2023-01-01 00:52:00,185.61,fridge,0,6.7,5.75,3.12,2.98,167.05
2023-01-01 00:53:00,168.32,fridge,0,6.6,4.17,5.35,3.75,148.45
2023-01-01 00:54:00,180.54,fridge,0,2.92,4.39,7.64,5.39,160.21
2023-01-01 00:55:00,168.34,fridge,0,0.55,4.87,3.31,7.29,152.32
2023-01-01 00:56:00,144.51,fridge,0,5.35,6.34,4.5,12.15,116.17
2023-01-01 00:57:00,145.62,fridge,0,6.46,5.75,4.39,4.31,124.71
2023-01-01 00:58:00,143.59,fridge,0,4.28,0.98,4.67,2.9,130.75
2023-01-01 00:59:00,152.04,fridge,0,3.33,6.8,1.76,7.46,132.69
2023-01-01 01:00:00,160.18,fridge,0,6.07,2.63,3.72,4.0,143.76
2023-01-01 01:01:00,157.01,fridge,0,4.74,3.22,2.94,3.33,142.77
2023-01-01 01:02:00,176.66,fridge,0,3.79,7.06,5.46,0.7,159.64
2023-01-01 01:03:00,150.58,fridge,0,4.29,4.49,7.81,6.23,127.76
2023-01-01 01:04:00,160.32,fridge,0,5.53,2.33,5.39,0.96,146.12
2023-01-01 01:05:00,159.71,fridge,0,2.67,6.86,5.87,3.69,140.63
2023-01-01 01:06:00,137.97,fridge,0,5.31,2.4,6.04,7.72,116.5
2023-01-01 01:07:00,197.38,fridge,0,7.16,5.46,7.36,2.68,174.72
2023-01-01 01:08:00,161.3,fridge,0,6.98,4.49,3.39,10.24,136.19
2023-01-01 01:09:00,179.26,fridge,0,6.9,6.18,6.3,8.24,151.63
2023-01-01 01:10:00,141.76,fridge,0,7.3,6.61,3.68,5.61,118.56
2023-01-01 01:11:00,176.88,fridge,0,4.81,4.09,3.63,6.61,157.74
2023-01-01 01:12:00,186.74,fridge,0,5.42,4.37,8.26,9.77,158.93
2023-01-01 01:13:00,166.43,fridge,0,1.37,4.54,4.7,3.44,152.38
2023-01-01 01:14:00,169.89,fridge,0,5.47,7.19,2.86,0.22,154.14
2023-01-01 01:15:00,176.16,fridge,0,9.96,2.91,2.65,1.58,159.06
2023-01-01 01:16:00,208.98,fridge,0,7.23,6.68,5.54,2.81,186.72
2023-01-01 01:17:00,173.28,fridge,0,5.41,3.31,3.13,5.21,156.21
2023-01-01 01:18:00,187.08,fridge,0,3.86,4.6,6.18,6.02,166.42
2023-01-01 01:19:00,148.17,fridge,0,5.34,1.67,4.32,3.98,132.86
2023-01-01 01:20:00,161.34,fridge,0,5.13,3.28,6.46,7.5,138.97
2023-01-01 01:21:00,163.77,fridge,0,4.87,6.69,2.51,4.44,145.25
2023-01-01 01:22:00,171.86,fridge,0,4.92,6.64,2.71,4.39,153.19
2023-01-01 01:23:00,152.44,fridge,0,2.32,5.88,2.55,4.8,136.88
2023-01-01 01:24:00,150.48,fridge,0,6.55,4.53,3.5,0.71,135.19
2023-01-01 01:25:00,156.28,fridge,0,2.48,4.44,4.37,5.59,139.41
2023-01-01 01:26:00,175.04,fridge,0,5.97,3.83,8.21,5.1,151.94
2023-01-01 01:27:00,173.0,fridge,0,5.3,4.6,5.05,4.17,153.88
2023-01-01 01:28:00,163.0,fridge,0,4.71,0.2,4.49,6.83,146.77
2023-01-01 01:29:00,168.39,fridge,0,8.62,4.55,5.92,0.8,148.5
2023-01-01 01:30:00,166.79,fridge,0,5.58,2.96,7.95,3.11,147.18
2023-01-01 01:31:00,200.15,fridge,0,5.71,9.15,7.15,0.28,177.86
2023-01-01 01:32:00,153.67,fridge,0,3.9,6.99,2.31,4.68,135.78
2023-01-01 01:33:00,173.3,fridge,0,1.67,1.14,4.28,6.65,159.55
2023-01-01 01:34:00,176.65,fridge,0,6.36,3.62,5.56,6.49,154.62
2023-01-01 01:35:00,171.77,fridge,0,4.21,5.64,4.21,4.13,153.59
2023-01-01 01:36:00,174.12,fridge,0,4.17,3.22,3.01,8.23,155.49
2023-01-01 01:37:00,190.37,fridge,0,5.93,6.62,2.79,3.56,171.47
2023-01-01 01:38:00,168.74,fridge,0,5.78,3.25,6.45,3.34,149.91
2023-01-01 01:39:00,140.06,fridge,0,7.54,4.08,5.37,6.32,116.75
2023-01-01 01:40:00,149.73,fridge,0,6.41,6.79,5.09,2.06,129.37
2023-01-01 01:41:00,169.26,fridge,0,4.53,5.03,6.31,4.63,148.75
2023-01-01 01:42:00,183.02,fridge,0,4.98,3.44,4.12,3.42,167.07
2023-01-01 01:43:00,156.32,fridge,0,2.27,4.3,4.44,5.59,139.73
2023-01-01 01:44:00,145.44,fridge,0,7.4,3.43,4.5,3.78,126.33
2023-01-01 01:45:00,180.91,fridge,0,7.2,7.35,5.85,5.33,155.18
2023-01-01 01:46:00,128.87,fridge,0,6.08,3.79,2.72,5.52,110.76
2023-01-01 01:47:00,162.6,fridge,0,4.07,5.99,8.61,4.72,139.21
2023-01-01 01:48:00,164.52,fridge,0,3.1,1.33,7.21,4.68,148.2
2023-01-01 01:49:00,194.31,fridge,0,5.64,6.25,4.49,6.75,171.18
2023-01-01 01:50:00,151.12,fridge,0,3.47,2.67,5.15,2.61,137.21
2023-01-01 01:51:00,150.87,fridge,0,3.11,3.63,4.93,3.61,135.58
2023-01-01 01:52:00,183.09,fridge,0,4.86,5.63,3.5,5.78,163.32
2023-01-01 01:53:00,180.85,fridge,0,4.57,5.75,6.28,4.81,159.45
2023-01-01 01:54:00,190.58,fridge,0,6.21,4.34,6.41,6.98,166.63
2023-01-01 01:55:00,176.47,fridge,0,6.02,2.66,8.33,1.54,157.92
2023-01-01 01:56:00,156.18,fridge,0,7.42,8.76,4.72,1.36,133.92
2023-01-01 01:57:00,161.69,fridge,0,3.48,5.69,6.5,3.97,142.05
2023-01-01 01:58:00,187.7,fridge,0,8.88,3.71,3.37,6.58,165.16
2023-01-01 01:59:00,175.2,fridge,0,6.21,6.27,7.09,7.58,148.04
2023-01-01 02:00:00,166.54,fridge,0,3.57,4.47,3.84,5.32,149.34
2023-01-01 02:01:00,165.89,fridge,0,5.55,6.59,4.87,4.74,144.14
2023-01-01 02:02:00,151.1,fridge,0,4.31,1.49,2.54,2.46,140.31
2023-01-01 02:03:00,159.83,fridge,0,3.32,5.2,5.69,1.27,144.35
2023-01-01 02:04:00,160.34,fridge,0,5.1,7.72,1.61,9.13,136.77
2023-01-01 02:05:00,171.54,fridge,0,4.25,4.92,2.33,5.64,154.4
2023-01-01 02:06:00,140.72,fridge,0,5.92,7.64,5.78,7.82,113.56
2023-01-01 02:07:00,151.25,fridge,0,0.0,3.99,5.4,6.26,135.6
2023-01-01 02:08:00,153.97,fridge,0,3.95,8.28,4.68,9.33,127.74
2023-01-01 02:09:00,195.22,fridge,0,7.19,6.44,2.91,6.19,172.5
2023-01-01 02:10:00,182.77,fridge,0,6.77,5.95,5.24,2.6,162.2
2023-01-01 02:11:00,148.68,fridge,0,6.79,5.86,6.23,3.85,125.95
2023-01-01 02:12:00,159.41,fridge,0,5.13,5.02,2.96,6.13,140.18
2023-01-01 02:13:00,157.64,fridge,0,5.83,1.26,3.47,3.23,143.85
2023-01-01 02:14:00,163.5,fridge,0,6.68,2.58,3.31,3.84,147.09
2023-01-01 02:15:00,196.34,fridge,0,7.79,7.69,5.08,9.03,166.74
2023-01-01 02:16:00,164.59,fridge,0,2.94,6.99,3.83,6.91,143.93
2023-01-01 02:17:00,173.4,fridge,0,6.71,7.18,5.4,3.63,150.49
2023-01-01 02:18:00,161.74,fridge,0,5.1,2.15,3.1,6.74,144.67
2023-01-01 02:19:00,185.48,fridge,0,7.37,6.39,2.6,5.21,163.91
2023-01-01 02:20:00,204.91,fridge,0,5.79,6.1,3.4,1.47,188.14
2023-01-01 02:21:00,154.33,fridge,0,7.95,6.37,3.83,6.74,129.45
2023-01-01 02:22:00,162.97,fridge,0,2.55,3.87,2.91,4.88,148.76
2023-01-01 02:23:00,188.36,fridge,0,1.66,3.05,7.05,6.87,169.73
2023-01-01 02:24:00,176.65,fridge,0,3.72,3.14,4.36,1.83,163.61
2023-01-01 02:25:00,163.44,fridge,0,5.35,4.43,4.44,5.38,143.84
2023-01-01 02:26:00,224.17,fridge,1,2.09,16.56,8.02,6.55,190.94
2023-01-01 02:27:00,185.98,fridge,0,5.07,4.98,4.15,5.58,166.2
2023-01-01 02:28:00,188.44,fridge,0,4.49,6.36,2.22,2.15,173.22
2023-01-01 02:29:00,139.83,fridge,0,4.24,8.01,3.38,2.44,121.75
2023-01-01 02:30:00,156.78,fridge,0,5.66,3.56,4.64,1.14,141.78
2023-01-01 02:31:00,154.15,fridge,0,3.09,4.24,4.79,1.76,140.27
2023-01-01 02:32:00,151.05,fridge,0,3.03,3.93,7.09,4.5,132.5
2023-01-01 02:33:00,162.67,fridge,0,3.15,4.35,4.51,2.11,148.55
2023-01-01 02:34:00,201.67,fridge,0,6.63,3.28,7.43,3.88,180.45
2023-01-01 02:35:00,179.52,fridge,0,5.74,2.56,5.77,4.47,160.98
2023-01-01 02:36:00,162.82,fridge,0,4.8,4.73,7.54,4.65,141.1
2023-01-01 02:37:00,187.37,fridge,0,5.88,6.31,6.74,4.86,163.57
2023-01-01 02:38:00,193.36,fridge,0,3.11,3.1,9.39,7.17,170.59
2023-01-01 02:39:00,249.0,fridge,0,7.73,7.57,4.07,3.75,225.87
2023-01-01 02:40:00,161.38,fridge,0,6.68,2.75,3.99,5.95,142.01
2023-01-01 02:41:00,152.99,fridge,0,7.42,4.32,4.56,3.63,133.07
2023-01-01 02:42:00,183.37,fridge,0,5.34,1.62,5.46,7.14,163.81
2023-01-01 02:43:00,158.7,fridge,0,6.64,4.36,2.74,5.69,139.27
2023-01-01 02:44:00,136.92,fridge,0,4.77,7.34,2.66,2.13,120.01
2023-01-01 02:45:00,155.6,fridge,0,2.92,4.1,5.71,6.68,136.2
2023-01-01 02:46:00,149.33,fridge,0,3.75,5.16,5.15,4.74,130.53
2023-01-01 02:47:00,143.97,fridge,0,6.06,1.44,3.89,5.22,127.36
2023-01-01 02:48:00,158.65,fridge,0,4.6,4.31,4.78,5.97,138.99
2023-01-01 02:49:00,169.27,fridge,0,4.16,7.09,8.36,3.22,146.43
2023-01-01 02:50:00,164.97,fridge,0,3.4,4.46,6.09,5.93,145.1
2023-01-01 02:51:00,186.57,fridge,0,4.14,7.48,4.47,1.37,169.11
2023-01-01 02:52:00,198.67,fridge,0,1.04,8.1,5.97,5.86,177.7
2023-01-01 02:53:00,176.2,fridge,0,4.79,7.45,6.14,3.75,154.07
2023-01-01 02:54:00,148.23,fridge,0,0.0,7.48,4.55,7.46,128.74
2023-01-01 02:55:00,181.09,fridge,0,3.88,1.74,8.45,5.89,161.12
2023-01-01 02:56:00,161.06,fridge,0,4.04,8.09,2.48,2.96,143.5
2023-01-01 02:57:00,208.92,fridge,0,4.16,10.25,2.52,5.54,186.44
2023-01-01 02:58:00,190.64,fridge,0,6.58,6.57,5.82,2.19,169.47
2023-01-01 02:59:00,170.99,fridge,0,5.44,4.01,5.71,4.31,151.54
2023-01-01 03:00:00,164.36,fridge,0,5.69,2.96,9.71,1.72,144.28
2023-01-01 03:01:00,155.13,fridge,0,4.75,3.86,6.41,3.15,136.96
2023-01-01 03:02:00,143.56,fridge,0,2.43,8.07,0.13,7.37,125.56
2023-01-01 03:03:00,188.48,fridge,0,1.17,7.51,4.15,1.83,173.81
2023-01-01 03:04:00,166.43,fridge,0,3.71,1.67,5.41,6.49,149.15
2023-01-01 03:05:00,153.57,fridge,0,4.98,7.68,6.6,7.69,126.63
2023-01-01 03:06:00,154.43,fridge,0,4.27,0.0,0.0,1.45,148.71
2023-01-01 03:07:00,150.68,fridge,0,4.05,3.98,4.59,2.85,135.22
2023-01-01 03:08:00,183.66,fridge,0,3.66,4.78,2.45,4.91,167.87
2023-01-01 03:09:00,191.11,fridge,0,1.45,3.46,1.7,2.69,181.81
2023-01-01 03:10:00,192.17,fridge,0,5.79,4.06,4.58,5.87,171.87
2023-01-01 03:11:00,189.75,fridge,0,6.18,3.85,6.1,3.22,170.4
2023-01-01 03:12:00,187.05,fridge,0,1.98,7.59,5.66,6.8,165.03
2023-01-01 03:13:00,170.5,fridge,0,6.42,7.69,4.24,5.7,146.45
2023-01-01 03:14:00,146.66,fridge,0,1.92,8.04,3.7,5.9,127.1
2023-01-01 03:15:00,185.89,fridge,0,3.78,5.44,5.39,5.46,165.83
2023-01-01 03:16:00,174.7,fridge,0,6.83,6.95,6.61,0.0,154.3
2023-01-01 03:17:00,146.4,fridge,0,6.93,3.73,3.65,2.82,129.27
2023-01-01 03:18:00,219.91,fridge,0,3.59,0.0,4.6,3.42,208.31
2023-01-01 03:19:00,168.36,fridge,1,14.6,2.64,9.31,1.19,140.62
2023-01-01 03:20:00,176.06,fridge,0,7.57,6.03,3.92,5.71,152.83
2023-01-01 03:21:00,159.16,fridge,0,8.2,3.86,6.65,7.52,132.94
2023-01-01 03:22:00,147.35,fridge,0,2.94,3.88,3.22,6.85,130.46
2023-01-01 03:23:00,149.4,fridge,0,6.74,1.84,5.36,7.14,128.31
2023-01-01 03:24:00,175.96,fridge,0,7.31,2.61,3.35,0.0,162.69
2023-01-01 03:25:00,145.34,fridge,0,3.66,5.81,7.94,5.2,122.72
2023-01-01 03:26:00,183.81,fridge,0,5.72,5.15,4.85,5.11,162.98
2023-01-01 03:27:00,172.33,fridge,0,6.1,2.88,3.4,7.41,152.54
2023-01-01 03:28:00,205.03,fridge,0,3.3,4.75,4.16,6.26,186.56
2023-01-01 03:29:00,165.38,fridge,0,6.74,5.43,4.53,6.47,142.21
2023-01-01 03:30:00,186.97,fridge,0,3.32,4.04,6.49,3.4,169.72
2023-01-01 03:31:00,171.43,fridge,0,6.39,5.17,3.94,9.48,146.45
2023-01-01 03:32:00,145.21,fridge,0,10.2,3.56,3.65,6.81,120.98
2023-01-01 03:33:00,153.62,fridge,0,2.14,3.49,3.18,2.51,142.3
2023-01-01 03:34:00,135.33,fridge,0,2.54,5.16,3.74,5.05,118.83
2023-01-01 03:35:00,126.65,fridge,0,5.27,5.11,3.47,2.47,110.34
2023-01-01 03:36:00,160.39,fridge,0,6.35,5.78,2.0,2.14,144.12
2023-01-01 03:37:00,134.89,fridge,0,8.62,6.53,4.53,5.35,109.87
2023-01-01 03:38:00,164.08,fridge,0,3.35,4.78,1.5,2.82,151.62
2023-01-01 03:39:00,189.06,fridge,0,4.47,5.9,3.23,6.41,169.06
2023-01-01 03:40:00,165.45,fridge,0,3.36,5.15,7.49,8.24,141.21
2023-01-01 03:41:00,150.98,fridge,0,12.09,1.71,5.68,3.78,127.72
2023-01-01 03:42:00,166.89,fridge,0,0.0,5.41,6.12,3.88,151.47
2023-01-01 03:43:00,221.74,fridge,0,4.83,3.85,6.15,7.31,199.6
2023-01-01 03:44:00,173.17,fridge,0,7.78,7.44,4.29,7.4,146.26
2023-01-01 03:45:00,179.74,fridge,0,7.06,5.92,3.97,0.0,162.79
2023-01-01 03:46:00,164.12,fridge,0,6.98,4.65,4.34,5.56,142.59
2023-01-01 03:47:00,153.46,fridge,0,5.83,5.23,6.04,4.49,131.87
2023-01-01 03:48:00,199.43,fridge,0,3.66,4.44,4.09,10.03,177.21
2023-01-01 03:49:00,158.99,fridge,0,5.45,3.98,7.42,6.13,136.01
2023-01-01 03:50:00,188.78,fridge,0,3.69,4.13,5.33,3.49,172.14
2023-01-01 03:51:00,196.46,fridge,0,4.8,6.41,6.82,3.05,175.37
2023-01-01 03:52:00,149.42,fridge,0,6.83,4.6,2.0,5.86,130.13
2023-01-01 03:53:00,190.46,fridge,0,6.06,3.61,6.49,3.2,171.1
2023-01-01 03:54:00,153.62,fridge,0,3.43,2.33,5.34,5.0,137.52
2023-01-01 03:55:00,170.63,fridge,0,4.97,5.26,6.93,7.44,146.02
2023-01-01 03:56:00,168.24,fridge,0,1.92,1.4,8.9,7.96,148.07
2023-01-01 03:57:00,147.86,fridge,0,7.16,3.88,2.52,7.72,126.57
2023-01-01 03:58:00,189.34,fridge,0,4.55,6.25,4.58,7.89,166.07
2023-01-01 03:59:00,190.86,fridge,0,4.16,6.49,7.13,3.15,169.92
2023-01-01 04:00:00,197.93,fridge,0,2.65,4.25,2.05,6.28,182.71
2023-01-01 04:01:00,180.99,fridge,0,6.26,7.17,2.43,8.37,156.76
2023-01-01 04:02:00,186.86,fridge,0,3.95,3.73,2.83,6.73,169.62
2023-01-01 04:03:00,166.37,fridge,0,6.74,5.08,5.17,2.49,146.9
2023-01-01 04:04:00,201.74,fridge,0,6.27,4.4,8.12,3.32,179.63
2023-01-01 04:05:00,148.2,fridge,0,1.36,4.62,5.91,2.62,133.68
2023-01-01 04:06:00,159.77,fridge,0,7.85,5.12,5.5,6.43,134.86
2023-01-01 04:07:00,191.13,fridge,0,8.9,6.28,5.17,4.87,165.91
2023-01-01 04:08:00,202.39,fridge,0,1.95,3.21,7.39,4.93,184.91
2023-01-01 04:09:00,169.99,fridge,0,8.95,3.43,5.15,3.53,148.93
2023-01-01 04:10:00,122.0,fridge,0,6.66,5.37,6.29,1.08,102.6
2023-01-01 04:11:00,151.25,fridge,0,7.57,3.3,5.81,10.11,124.46
2023-01-01 04:12:00,185.3,fridge,0,6.76,6.09,9.71,3.08,159.66
2023-01-01 04:13:00,144.75,fridge,0,2.74,5.83,1.52,5.75,128.92
2023-01-01 04:14:00,180.77,fridge,0,2.69,3.55,8.38,2.54,163.61
2023-01-01 04:15:00,146.82,fridge,0,6.37,6.29,2.05,8.14,123.97
2023-01-01 04:16:00,183.43,fridge,0,5.49,2.94,6.62,3.79,164.59
2023-01-01 04:17:00,165.22,fridge,0,4.61,6.55,5.09,5.38,143.6
2023-01-01 04:18:00,192.95,fridge,0,5.47,5.55,5.83,4.23,171.88
2023-01-01 04:19:00,186.61,fridge,0,3.21,4.87,8.04,2.97,167.53
2023-01-01 04:20:00,182.45,fridge,0,5.84,4.29,8.34,6.3,157.68
2023-01-01 04:21:00,144.12,fridge,0,4.05,3.0,3.79,3.35,129.93
2023-01-01 04:22:00,172.62,fridge,0,6.88,2.44,5.07,5.96,152.26
2023-01-01 04:23:00,138.8,fridge,0,4.33,5.85,6.5,7.02,115.11
2023-01-01 04:24:00,168.51,fridge,0,6.77,2.41,4.57,8.45,146.32
2023-01-01 04:25:00,176.01,fridge,0,8.32,1.87,5.05,3.99,156.77
2023-01-01 04:26:00,176.72,fridge,0,5.65,7.17,4.86,6.22,152.82
2023-01-01 04:27:00,195.44,fridge,0,4.92,7.85,4.55,4.46,173.65
2023-01-01 04:28:00,160.88,fridge,0,7.23,1.63,4.26,0.23,147.54
2023-01-01 04:29:00,148.95,fridge,0,2.35,4.23,6.67,5.02,130.68
2023-01-01 04:30:00,206.54,fridge,0,4.72,7.3,3.93,7.67,182.92
2023-01-01 04:31:00,170.64,fridge,0,5.03,5.51,5.99,4.43,149.69
2023-01-01 04:32:00,142.62,fridge,0,4.99,3.43,6.56,0.85,126.79
2023-01-01 04:33:00,160.52,fridge,0,5.12,7.77,1.75,10.04,135.84
2023-01-01 04:34:00,169.72,fridge,0,4.06,5.13,5.9,3.03,151.6
2023-01-01 04:35:00,144.29,fridge,0,4.82,3.66,1.48,4.13,130.2
2023-01-01 04:36:00,156.86,fridge,0,4.02,5.83,5.86,6.11,135.03
2023-01-01 04:37:00,187.42,fridge,0,8.14,3.59,3.82,5.44,166.42
2023-01-01 04:38:00,170.1,fridge,0,2.93,0.0,3.18,2.74,161.26
2023-01-01 04:39:00,180.17,fridge,0,7.09,5.39,6.28,7.08,154.33
2023-01-01 04:40:00,169.47,fridge,0,7.65,3.33,5.01,1.07,152.41
2023-01-01 04:41:00,183.82,fridge,0,8.09,2.22,5.29,4.16,164.06
2023-01-01 04:42:00,151.19,fridge,0,3.65,7.45,8.09,4.82,127.18
2023-01-01 04:43:00,143.09,fridge,0,0.94,3.77,7.64,6.31,124.44
2023-01-01 04:44:00,170.75,fridge,0,4.99,3.45,4.15,4.0,154.17
2023-01-01 04:45:00,194.6,fridge,0,5.98,2.22,4.28,3.47,178.66
2023-01-01 04:46:00,175.74,fridge,0,5.69,3.24,5.15,7.32,154.34
2023-01-01 04:47:00,171.4,fridge,0,1.5,5.5,9.18,6.49,148.73
2023-01-01 04:48:00,148.01,fridge,0,3.19,6.02,7.38,8.6,122.82
2023-01-01 04:49:00,178.65,fridge,0,7.14,4.51,0.0,5.25,161.75
2023-01-01 04:50:00,160.25,fridge,0,4.22,3.21,6.65,2.58,143.6
2023-01-01 04:51:00,197.66,fridge,0,6.74,3.17,3.93,7.45,176.36
2023-01-01 04:52:00,169.55,fridge,1,0.0,5.51,19.11,3.93,141.0
2023-01-01 04:53:00,174.65,fridge,0,2.51,4.7,9.03,4.24,154.18
2023-01-01 04:54:00,175.27,fridge,0,0.0,8.72,5.41,6.38,154.76
2023-01-01 04:55:00,161.89,fridge,0,5.99,5.6,1.85,4.02,144.43
2023-01-01 04:56:00,141.28,fridge,0,4.91,3.18,5.9,7.93,119.36
2023-01-01 04:57:00,214.15,fridge,0,6.72,5.21,8.31,6.9,187.01
2023-01-01 04:58:00,160.6,fridge,0,4.84,2.86,7.65,5.17,140.09
2023-01-01 04:59:00,143.61,fridge,0,7.22,4.44,3.8,2.06,126.09
2023-01-01 05:00:00,1675.7,geyser,0,1509.34,6.97,3.74,6.64,149.02
2023-01-01 05:01:00,1703.25,geyser,0,1545.02,6.47,0.22,3.98,147.55
2023-01-01 05:02:00,1557.23,geyser,0,1417.68,5.81,4.79,3.03,125.92
2023-01-01 05:03:00,1670.87,geyser,0,1503.38,4.47,3.11,1.25,158.66
2023-01-01 05:04:00,1651.41,geyser,0,1491.61,2.64,1.92,7.23,148.01
2023-01-01 05:05:00,1554.6,geyser,0,1338.68,5.09,5.31,3.12,202.4
2023-01-01 05:06:00,1644.78,geyser,0,1483.91,6.47,0.42,4.78,149.2
2023-01-01 05:07:00,1601.06,geyser,0,1460.23,3.36,4.31,3.95,129.21
2023-01-01 05:08:00,1873.93,geyser,0,1694.78,5.29,2.45,2.65,168.76
2023-01-01 05:09:00,1510.39,geyser,0,1339.21,1.95,4.56,3.32,161.36
2023-01-01 05:10:00,1705.24,geyser,0,1530.71,8.16,6.08,1.65,158.63
2023-01-01 05:11:00,1712.42,geyser,0,1567.6,3.07,4.82,3.62,133.32
2023-01-01 05:12:00,1603.42,geyser,0,1439.54,4.17,4.34,4.29,151.08
2023-01-01 05:13:00,1766.72,geyser,0,1632.7,6.42,3.23,3.98,120.39
2023-01-01 05:14:00,1648.75,geyser,0,1491.35,4.42,6.38,5.68,140.93
2023-01-01 05:15:00,1699.3,geyser,0,1523.29,5.95,5.24,6.74,158.09
2023-01-01 05:16:00,1747.25,geyser,0,1586.75,5.28,6.09,0.0,149.12
2023-01-01 05:17:00,1678.74,geyser,0,1509.68,5.71,2.91,4.92,155.53
2023-01-01 05:18:00,1619.63,geyser,0,1435.01,5.8,4.32,4.08,170.42
2023-01-01 05:19:00,1799.08,geyser,0,1644.7,4.88,6.52,6.9,136.08
2023-01-01 05:20:00,1501.33,geyser,0,1336.68,4.83,5.0,4.26,150.57
2023-01-01 05:21:00,1739.9,geyser,0,1569.28,6.15,9.27,1.63,153.57
2023-01-01 05:22:00,1539.74,geyser,0,1377.72,7.4,5.26,3.74,145.61
2023-01-01 05:23:00,1680.9,geyser,0,1521.07,2.96,7.12,3.52,146.23
2023-01-01 05:24:00,1647.6,geyser,0,1487.22,9.63,3.03,0.0,147.71
2023-01-01 05:25:00,1737.19,geyser,0,1544.24,8.86,7.29,4.1,172.69
2023-01-01 05:26:00,1653.63,geyser,0,1499.24,1.0,2.8,3.13,147.46
2023-01-01 05:27:00,1740.85,geyser,1,1583.68,25.14,2.71,4.67,124.64
2023-01-01 05:28:00,1657.8,geyser,0,1508.74,4.27,5.09,4.28,135.43
2023-01-01 05:29:00,1762.94,geyser,0,1626.09,6.51,4.34,6.21,119.8
2023-01-01 05:30:00,1552.84,geyser,0,1418.14,7.64,4.18,5.42,117.46
2023-01-01 05:31:00,1582.36,geyser,0,1436.56,1.94,2.46,6.28,135.13
2023-01-01 05:32:00,1771.02,geyser,0,1604.91,9.86,7.83,2.47,145.96
2023-01-01 05:33:00,1655.0,geyser,0,1498.48,2.89,1.68,7.25,144.7
2023-01-01 05:34:00,1795.5,geyser,0,1631.08,6.13,5.8,0.29,152.21
2023-01-01 05:35:00,1523.28,geyser,0,1369.35,4.27,5.84,7.17,136.64
2023-01-01 05:36:00,1852.08,geyser,0,1657.85,3.29,4.77,4.22,181.95
2023-01-01 05:37:00,1528.02,geyser,0,1370.18,4.45,6.39,4.49,142.51
2023-01-01 05:38:00,1696.47,geyser,0,1561.95,1.14,3.35,1.12,128.91
2023-01-01 05:39:00,1597.85,geyser,0,1436.02,5.11,1.14,5.47,150.13
2023-01-01 05:40:00,1793.36,geyser,0,1642.09,6.23,5.74,0.96,138.35
2023-01-01 05:41:00,1833.37,geyser,0,1631.85,7.85,5.9,4.07,183.7
2023-01-01 05:42:00,1681.87,geyser,0,1498.51,8.35,6.91,3.67,164.43
2023-01-01 05:43:00,1382.04,geyser,0,1212.66,7.04,7.65,5.15,149.55
2023-01-01 05:44:00,1785.07,geyser,0,1586.44,6.34,5.1,0.61,186.58
2023-01-01 05:45:00,1601.79,geyser,0,1444.38,4.97,8.09,6.04,138.31
2023-01-01 05:46:00,1781.38,geyser,0,1626.66,6.05,7.74,4.19,136.74
2023-01-01 05:47:00,1649.86,geyser,0,1461.08,5.79,4.86,5.58,172.54
2023-01-01 05:48:00,1534.06,geyser,0,1358.43,6.0,2.2,7.1,160.32
2023-01-01 05:49:00,1737.27,geyser,0,1561.92,5.81,2.87,1.1,165.56
2023-01-01 05:50:00,1809.11,geyser,0,1618.9,5.52,5.19,4.47,175.02
2023-01-01 05:51:00,1851.35,geyser,0,1709.43,5.17,4.26,7.01,125.48
2023-01-01 05:52:00,1407.64,geyser,0,1276.37,5.35,4.4,5.67,115.85
2023-01-01 05:53:00,1814.79,geyser,0,1629.05,5.54,5.47,5.83,168.9
2023-01-01 05:54:00,1647.59,geyser,0,1463.53,4.95,3.4,2.32,173.39
2023-01-01 05:55:00,1472.48,geyser,0,1294.24,4.19,1.47,6.82,165.76
2023-01-01 05:56:00,1510.03,geyser,0,1352.98,4.4,7.54,2.27,142.83
2023-01-01 05:57:00,1882.86,geyser,0,1710.7,3.61,2.5,6.49,159.56
2023-01-01 05:58:00,1592.43,geyser,0,1412.87,5.58,7.32,7.09,159.57
2023-01-01 05:59:00,1577.48,geyser,0,1440.59,3.57,7.62,1.25,124.45
2023-01-01 06:00:00,1835.4,geyser,0,1696.99,5.58,2.73,6.96,123.14
2023-01-01 06:01:00,1650.47,geyser,0,1469.72,8.5,6.81,5.7,159.74
2023-01-01 06:02:00,1984.42,geyser,1,1453.16,6.81,5.42,6.4,512.64
2023-01-01 06:03:00,1688.83,geyser,0,1484.73,5.09,5.79,3.72,189.49
2023-01-01 06:04:00,1697.05,geyser,0,1564.09,7.18,3.03,6.67,116.08
2023-01-01 06:05:00,1617.6,geyser,0,1404.19,3.98,4.35,8.05,197.03
2023-01-01 06:06:00,1588.75,geyser,0,1416.26,7.92,5.72,6.2,152.64
2023-01-01 06:07:00,1639.22,geyser,0,1448.34,6.34,4.56,4.32,175.65
2023-01-01 06:08:00,1507.61,geyser,0,1364.3,4.34,4.99,3.35,130.62
2023-01-01 06:09:00,1671.53,geyser,0,1515.92,8.45,5.67,4.27,137.23
2023-01-01 06:10:00,1488.85,geyser,0,1302.24,3.36,7.54,6.77,168.93
2023-01-01 06:11:00,5667.72,geyser,1,5462.24,7.69,5.48,3.28,189.03
2023-01-01 06:12:00,1494.03,geyser,0,1304.64,3.53,2.56,4.29,179.01
2023-01-01 06:13:00,1660.37,geyser,0,1483.11,5.6,4.29,4.4,162.98
2023-01-01 06:14:00,1596.75,geyser,0,1465.09,6.56,2.26,7.07,115.78
2023-01-01 06:15:00,1608.94,geyser,0,1467.67,7.78,1.8,7.72,123.97
2023-01-01 06:16:00,1661.08,geyser,0,1484.89,5.12,2.37,4.92,163.77
2023-01-01 06:17:00,1711.52,geyser,0,1535.92,8.6,5.11,5.32,156.57
2023-01-01 06:18:00,1670.47,geyser,0,1511.15,3.51,8.1,6.91,140.81
2023-01-01 06:19:00,1561.51,geyser,1,1416.27,6.74,7.22,14.92,116.36
2023-01-01 06:20:00,1677.19,geyser,0,1508.08,3.48,3.53,0.96,161.14
2023-01-01 06:21:00,1894.71,geyser,0,1696.13,8.59,6.97,4.43,178.59
2023-01-01 06:22:00,1817.67,geyser,0,1628.41,6.14,7.48,3.56,172.08
2023-01-01 06:23:00,1620.8,geyser,0,1446.09,5.86,5.12,6.43,157.3
2023-01-01 06:24:00,1535.49,geyser,0,1368.44,7.45,2.94,5.51,151.15
2023-01-01 06:25:00,1619.58,geyser,0,1452.1,5.75,4.02,1.98,155.74
2023-01-01 06:26:00,1606.18,geyser,0,1447.87,7.42,3.35,5.66,141.88
2023-01-01 06:27:00,1552.99,geyser,0,1386.16,2.86,5.13,6.82,152.02
2023-01-01 06:28:00,1709.48,geyser,0,1532.45,5.35,8.44,5.28,157.95
2023-01-01 06:29:00,1691.89,geyser,0,1528.78,5.27,4.21,5.59,148.05
2023-01-01 06:30:00,1766.41,geyser,0,1601.8,7.24,6.04,4.75,146.58
2023-01-01 06:31:00,1439.23,geyser,0,1332.05,9.04,2.9,4.16,91.08
2023-01-01 06:32:00,1585.3,geyser,0,1435.96,2.01,2.08,6.34,138.9
2023-01-01 06:33:00,1640.83,geyser,0,1493.49,7.63,6.74,3.89,129.08
2023-01-01 06:34:00,1651.98,geyser,0,1485.31,8.44,8.85,4.01,145.36
2023-01-01 06:35:00,1640.47,geyser,0,1509.69,6.34,5.33,3.43,115.68
2023-01-01 06:36:00,1859.8,geyser,0,1705.39,6.3,1.55,3.95,142.61
2023-01-01 06:37:00,1473.65,geyser,0,1295.88,4.04,5.67,8.24,159.82
2023-01-01 06:38:00,1828.77,geyser,0,1647.63,10.33,5.42,5.2,160.19
2023-01-01 06:39:00,1644.92,geyser,0,1478.34,5.06,3.74,5.71,152.07
2023-01-01 06:40:00,1714.44,geyser,0,1546.06,4.74,1.87,7.34,154.43
2023-01-01 06:41:00,1662.45,geyser,0,1483.11,6.55,4.51,7.25,161.03
2023-01-01 06:42:00,1476.93,geyser,0,1293.52,1.05,4.45,3.63,174.29
2023-01-01 06:43:00,1526.52,geyser,0,1353.56,9.49,5.11,6.38,151.99
2023-01-01 06:44:00,1656.05,geyser,0,1446.69,4.48,5.46,7.4,192.02
2023-01-01 06:45:00,1597.26,geyser,0,1444.93,3.33,5.37,3.75,139.88
2023-01-01 06:46:00,1529.41,geyser,0,1368.1,6.74,4.81,4.66,145.09
2023-01-01 06:47:00,1554.97,geyser,0,1358.54,9.43,5.32,7.03,174.64
2023-01-01 06:48:00,1814.03,geyser,0,1649.39,4.18,4.3,4.86,151.3
2023-01-01 06:49:00,1738.0,geyser,0,1592.1,5.95,0.78,5.94,133.22
2023-01-01 06:50:00,1444.59,geyser,0,1301.71,2.92,3.81,3.95,132.2
2023-01-01 06:51:00,1727.87,geyser,0,1533.54,5.71,7.16,4.26,177.19
2023-01-01 06:52:00,1716.86,geyser,0,1529.51,7.81,7.44,7.72,164.38
2023-01-01 06:53:00,1638.77,geyser,0,1477.74,5.07,3.52,4.18,148.26
2023-01-01 06:54:00,1728.65,geyser,0,1585.23,1.01,5.57,4.09,132.74
2023-01-01 06:55:00,1692.14,geyser,0,1522.12,5.2,7.28,0.0,157.54
2023-01-01 06:56:00,1556.83,geyser,0,1388.16,1.83,6.84,7.41,152.6
2023-01-01 06:57:00,1670.11,geyser,0,1536.31,1.6,3.4,5.33,123.45
2023-01-01 06:58:00,1728.38,geyser,0,1530.31,1.35,6.83,3.62,186.27
2023-01-01 06:59:00,1496.54,geyser,0,1337.09,5.59,1.99,2.35,149.53
2023-01-01 07:00:00,1854.22,geyser,0,1643.73,6.05,6.39,5.81,192.25
2023-01-01 07:01:00,1914.51,geyser,0,1759.39,4.92,3.61,5.36,141.22
2023-01-01 07:02:00,1898.36,geyser,0,1722.52,4.38,0.7,6.56,164.19
2023-01-01 07:03:00,1445.16,geyser,0,1268.55,9.26,6.87,5.77,154.71
2023-01-01 07:04:00,1744.71,geyser,0,1568.99,5.9,1.99,5.81,162.02
2023-01-01 07:05:00,1363.74,geyser,0,1215.25,5.28,3.24,5.89,134.08
2023-01-01 07:06:00,1837.05,geyser,0,1639.05,0.83,5.95,8.52,182.7
2023-01-01 07:07:00,1897.58,geyser,0,1717.61,5.85,2.24,3.03,168.85
2023-01-01 07:08:00,1484.83,geyser,0,1332.7,5.21,8.64,6.53,131.75
2023-01-01 07:09:00,1744.01,geyser,0,1632.56,9.46,9.65,4.95,87.39
2023-01-01 07:10:00,1486.93,geyser,0,1356.52,6.19,2.16,3.26,118.79
2023-01-01 07:11:00,1624.76,geyser,0,1530.95,3.95,3.35,8.77,77.73
2023-01-01 07:12:00,1629.97,geyser,0,1489.49,4.04,8.3,4.18,123.96
2023-01-01 07:13:00,1557.57,geyser,0,1378.05,4.22,3.08,4.56,167.66
2023-01-01 07:14:00,1771.33,geyser,0,1613.32,6.12,3.56,5.61,142.72
2023-01-01 07:15:00,1928.35,geyser,0,1749.8,7.85,5.36,6.44,158.9
2023-01-01 07:16:00,1724.56,geyser,0,1583.61,2.52,4.47,4.83,129.12
2023-01-01 07:17:00,1706.72,geyser,1,1533.44,7.67,6.24,3.29,156.08
2023-01-01 07:18:00,1702.05,geyser,0,1540.57,3.08,5.48,5.76,147.17
2023-01-01 07:19:00,1461.61,geyser,0,1302.3,4.36,5.03,5.46,144.46
2023-01-01 07:20:00,1730.57,geyser,0,1547.72,7.35,4.22,6.41,164.87
2023-01-01 07:21:00,1809.66,geyser,0,1631.42,5.11,6.91,6.09,160.13
2023-01-01 07:22:00,1590.96,geyser,0,1399.16,6.63,8.25,5.43,171.48
2023-01-01 07:23:00,1563.25,geyser,0,1413.18,4.54,4.25,3.14,138.14
2023-01-01 07:24:00,1736.75,geyser,0,1577.91,3.8,5.41,3.26,146.37
2023-01-01 07:25:00,1585.73,geyser,0,1441.17,8.99,3.56,3.78,128.23
2023-01-01 07:26:00,1792.61,geyser,0,1618.42,3.51,4.03,9.37,157.28
2023-01-01 07:27:00,1605.36,geyser,0,1450.47,9.22,2.66,4.14,138.87
2023-01-01 07:28:00,2042.93,geyser,0,1889.63,4.89,4.28,4.76,139.37
2023-01-01 07:29:00,1895.02,geyser,0,1714.82,3.31,6.12,5.57,165.19
2023-01-01 07:30:00,1551.59,geyser,0,1398.16,4.68,3.88,6.38,138.49
2023-01-01 07:31:00,1870.51,geyser,0,1714.28,5.46,1.5,7.74,141.54
2023-01-01 07:32:00,1590.71,geyser,0,1452.15,7.59,2.81,0.96,127.21
2023-01-01 07:33:00,1467.66,geyser,0,1296.72,6.61,4.82,4.83,154.69
2023-01-01 07:34:00,1615.39,geyser,0,1425.55,4.33,0.79,5.4,179.31
2023-01-01 07:35:00,1619.62,geyser,0,1468.16,4.27,4.71,2.63,139.85
2023-01-01 07:36:00,1685.82,geyser,1,1529.77,4.13,11.54,6.1,134.28
2023-01-01 07:37:00,1774.23,geyser,0,1595.82,6.69,4.23,3.66,163.83
2023-01-01 07:38:00,1597.14,geyser,0,1427.31,3.56,3.2,4.82,158.26
2023-01-01 07:39:00,1712.18,geyser,0,1580.23,8.47,5.08,6.98,111.42
2023-01-01 07:40:00,1607.01,geyser,0,1466.21,6.63,3.0,4.51,126.66
2023-01-01 07:41:00,1660.96,geyser,0,1520.06,5.49,2.78,7.25,125.38
2023-01-01 07:42:00,1678.83,geyser,0,1499.38,4.45,3.57,4.25,167.19
2023-01-01 07:43:00,1696.54,geyser,0,1517.06,5.67,5.05,4.12,164.64
2023-01-01 07:44:00,1704.05,geyser,0,1560.05,2.97,7.39,3.99,129.64
2023-01-01 07:45:00,1830.27,geyser,0,1621.48,5.54,2.63,5.79,194.83
2023-01-01 07:46:00,1594.1,geyser,0,1418.12,4.51,5.61,8.69,157.16
2023-01-01 07:47:00,1584.26,geyser,0,1415.29,8.93,4.18,3.98,151.87
2023-01-01 07:48:00,1695.41,geyser,0,1531.3,5.31,4.5,3.76,150.54
2023-01-01 07:49:00,1640.95,geyser,0,1478.17,5.87,4.03,3.55,149.33
2023-01-01 07:50:00,1834.52,geyser,0,1649.66,4.54,5.68,6.76,167.87
2023-01-01 07:51:00,1486.62,geyser,0,1312.46,7.28,5.47,4.65,156.76
2023-01-01 07:52:00,1710.13,geyser,0,1535.11,6.27,7.78,0.31,160.65
2023-01-01 07:53:00,1805.71,geyser,0,1651.44,6.09,5.42,0.0,142.75
2023-01-01 07:54:00,1684.54,geyser,0,1524.88,9.25,5.01,2.67,142.74
2023-01-01 07:55:00,1702.17,geyser,0,1535.89,5.75,3.25,4.36,152.91
2023-01-01 07:56:00,1724.14,geyser,0,1551.69,6.11,5.49,5.67,155.2
2023-01-01 07:57:00,1585.51,geyser,0,1449.37,6.08,4.76,2.76,122.54
2023-01-01 07:58:00,1625.45,geyser,0,1456.27,6.27,10.82,5.57,146.51
2023-01-01 07:59:00,1521.45,geyser,0,1366.18,9.37,4.72,1.57,139.61
2023-01-01 08:00:00,2317.85,geyser,0,1563.2,4.85,599.51,7.45,142.84
2023-01-01 08:01:00,2160.0,geyser,0,1467.12,6.37,531.7,2.25,152.56
2023-01-01 08:02:00,2254.5,geyser,0,1472.18,3.48,606.4,7.36,165.08
2023-01-01 08:03:00,2515.17,geyser,0,1519.76,6.32,858.15,4.75,126.19
2023-01-01 08:04:00,2308.49,geyser,0,1384.99,2.17,784.39,5.61,131.33
2023-01-01 08:05:00,2045.51,geyser,0,1291.45,4.28,601.95,6.26,141.57
2023-01-01 08:06:00,2269.11,geyser,0,1385.46,3.34,736.77,5.81,137.72
2023-01-01 08:07:00,2094.33,geyser,0,1293.7,2.02,643.78,6.69,148.14
2023-01-01 08:08:00,2413.68,geyser,0,1554.54,5.35,708.79,7.02,137.98
2023-01-01 08:09:00,2423.25,geyser,0,1581.56,5.73,685.32,6.37,144.26
2023-01-01 08:10:00,2596.32,geyser,1,1608.98,7.88,825.66,14.19,139.61
2023-01-01 08:11:00,2369.22,geyser,0,1521.42,5.73,700.13,4.16,137.78
2023-01-01 08:12:00,2298.15,geyser,0,1605.37,2.33,529.93,1.05,159.47
2023-01-01 08:13:00,2540.76,geyser,0,1621.73,2.76,759.54,8.55,148.19
2023-01-01 08:14:00,2509.97,geyser,0,1556.07,7.78,779.41,4.5,162.2
2023-01-01 08:15:00,2207.17,geyser,0,1429.34,2.42,625.25,3.7,146.45
2023-01-01 08:16:00,2229.06,geyser,1,1525.13,9.72,559.5,5.52,129.19
2023-01-01 08:17:00,2585.41,geyser,0,1709.19,5.58,710.04,3.31,157.29
2023-01-01 08:18:00,2413.53,geyser,0,1620.15,5.33,625.21,1.28,161.56
2023-01-01 08:19:00,2296.87,geyser,0,1375.09,4.26,732.61,4.95,179.96
2023-01-01 08:20:00,2310.68,geyser,0,1427.74,2.23,741.29,6.41,133.01
2023-01-01 08:21:00,2407.49,geyser,0,1353.08,0.83,894.44,2.15,156.99
2023-01-01 08:22:00,2175.24,geyser,0,1377.95,4.74,659.6,2.48,130.47
2023-01-01 08:23:00,2451.22,geyser,0,1522.21,4.42,766.31,4.09,154.18
2023-01-01 08:24:00,2311.13,geyser,0,1464.33,4.04,714.13,3.51,125.13
2023-01-01 08:25:00,2344.88,geyser,0,1407.19,4.13,743.77,2.99,186.79
2023-01-01 08:26:00,2340.49,geyser,0,1496.57,4.85,711.86,7.6,119.62
2023-01-01 08:27:00,2356.35,geyser,0,1552.16,4.07,645.18,6.09,148.85
2023-01-01 08:28:00,2341.53,geyser,0,1459.72,6.13,703.97,6.15,165.55
2023-01-01 08:29:00,2295.53,geyser,0,1473.1,7.52,638.55,7.21,169.16
2023-01-01 08:30:00,2604.48,geyser,0,1714.84,3.82,709.73,3.33,172.76
2023-01-01 08:31:00,2348.05,geyser,0,1495.59,6.93,655.63,7.05,182.85
2023-01-01 08:32:00,2292.75,geyser,0,1509.3,6.73,618.38,5.07,153.27
2023-01-01 08:33:00,2602.24,geyser,0,1778.88,9.11,655.07,4.41,154.77
2023-01-01 08:34:00,2512.05,geyser,0,1506.84,4.79,846.7,6.42,147.29
2023-01-01 08:35:00,2233.57,geyser,0,1459.73,4.25,636.44,5.57,127.59
2023-01-01 08:36:00,2608.11,geyser,0,1829.29,1.63,636.27,5.4,135.53
2023-01-01 08:37:00,2362.95,geyser,0,1442.3,4.05,749.02,6.44,161.14
2023-01-01 08:38:00,2477.16,geyser,0,1467.54,4.0,842.35,7.3,155.96
2023-01-01 08:39:00,2314.88,geyser,0,1464.68,5.27,685.04,3.87,156.02
2023-01-01 08:40:00,2323.74,geyser,0,1527.24,4.89,641.1,4.97,145.55
2023-01-01 08:41:00,2118.68,geyser,0,1324.31,4.91,647.06,5.61,136.78
2023-01-01 08:42:00,2483.99,geyser,0,1448.84,7.43,835.65,3.76,188.31
2023-01-01 08:43:00,2408.73,geyser,0,1524.96,1.96,727.63,4.98,149.2
2023-01-01 08:44:00,2393.49,geyser,0,1509.68,5.47,720.67,7.03,150.65
2023-01-01 08:45:00,2360.9,geyser,0,1505.23,2.25,709.7,5.55,138.17
2023-01-01 08:46:00,2495.45,geyser,0,1715.35,6.37,651.58,2.66,119.49
2023-01-01 08:47:00,2037.2,geyser,0,1367.74,5.31,508.89,2.86,152.39
2023-01-01 08:48:00,2159.29,geyser,0,1420.04,2.44,600.95,4.3,131.55
2023-01-01 08:49:00,2360.36,geyser,0,1516.45,4.96,675.13,5.43,158.4
2023-01-01 08:50:00,2413.81,geyser,0,1304.53,7.68,924.67,5.26,171.68
2023-01-01 08:51:00,2448.37,geyser,0,1613.65,6.4,675.95,3.3,149.08
2023-01-01 08:52:00,2325.95,geyser,0,1637.76,4.53,546.29,6.41,130.95
2023-01-01 08:53:00,2115.49,geyser,0,1308.24,5.93,607.79,3.4,190.13
2023-01-01 08:54:00,2299.8,geyser,0,1420.75,7.47,690.39,7.73,173.45
2023-01-01 08:55:00,2304.92,geyser,0,1431.0,5.8,696.3,5.33,166.49
2023-01-01 08:56:00,2366.61,geyser,0,1507.29,7.46,696.12,7.09,148.66
2023-01-01 08:57:00,2349.32,geyser,0,1417.12,2.84,772.19,7.2,149.97
2023-01-01 08:58:00,2465.03,geyser,0,1527.15,4.35,803.29,4.51,125.74
2023-01-01 08:59:00,2042.92,geyser,0,1191.43,7.05,679.66,5.18,159.6
2023-01-01 09:00:00,846.22,washing_machine,0,4.06,6.12,691.45,2.07,142.53
2023-01-01 09:01:00,700.91,washing_machine,0,0.92,7.61,526.72,3.89,161.78
2023-01-01 09:02:00,1077.58,washing_machine,0,4.49,7.94,902.9,7.28,154.97
2023-01-01 09:03:00,676.5,washing_machine,0,4.06,0.94,511.76,3.5,156.24
2023-01-01 09:04:00,920.89,washing_machine,0,6.28,4.07,703.44,4.58,202.53
2023-01-01 09:05:00,881.75,washing_machine,0,4.3,3.16,732.71,5.32,136.25
2023-01-01 09:06:00,881.89,washing_machine,0,2.83,3.49,694.48,0.96,180.13
2023-01-01 09:07:00,686.0,washing_machine,1,0.93,2.32,524.41,11.7,146.65
2023-01-01 09:08:00,719.91,washing_machine,0,0.16,6.52,518.98,3.45,190.8
2023-01-01 09:09:00,848.2,washing_machine,0,2.22,1.19,676.43,4.75,163.62
2023-01-01 09:10:00,877.1,washing_machine,0,7.04,7.03,694.62,4.25,164.17
2023-01-01 09:11:00,1002.17,washing_machine,0,0.44,5.68,833.32,5.98,156.75
2023-01-01 09:12:00,887.49,washing_machine,0,4.16,6.0,681.82,8.9,186.61
2023-01-01 09:13:00,972.27,washing_machine,0,5.1,1.85,798.37,4.61,162.33
2023-01-01 09:14:00,660.66,washing_machine,0,5.66,8.89,464.28,5.75,176.08
2023-01-01 09:15:00,739.2,washing_machine,0,1.32,4.13,574.4,5.19,154.16
2023-01-01 09:16:00,932.8,washing_machine,0,3.43,4.03,785.49,3.98,135.87
2023-01-01 09:17:00,924.61,washing_machine,0,0.72,6.3,746.34,4.54,166.7
2023-01-01 09:18:00,906.6,washing_machine,0,6.38,2.06,731.62,3.47,163.08
2023-01-01 09:19:00,946.35,washing_machine,0,5.4,5.51,768.23,0.0,167.2
2023-01-01 09:20:00,826.68,washing_machine,0,4.56,1.67,658.01,7.74,154.7
2023-01-01 09:21:00,817.89,washing_machine,0,6.16,6.62,671.65,6.0,127.45
2023-01-01 09:22:00,910.97,washing_machine,0,4.16,3.74,740.62,4.01,158.44
2023-01-01 09:23:00,884.43,washing_machine,0,9.5,7.03,725.21,4.65,138.04
2023-01-01 09:24:00,885.18,washing_machine,0,3.55,5.83,696.44,5.49,173.88
2023-01-01 09:25:00,802.02,washing_machine,1,3.82,29.27,623.76,6.88,138.29
2023-01-01 09:26:00,934.98,washing_machine,0,1.91,3.44,770.11,3.33,156.19
2023-01-01 09:27:00,787.43,washing_machine,0,6.09,4.56,615.77,6.71,154.3
2023-01-01 09:28:00,785.02,washing_machine,0,4.8,9.81,654.35,4.95,111.11
2023-01-01 09:29:00,770.91,washing_machine,0,7.73,3.03,590.06,8.55,161.54
2023-01-01 09:30:00,809.16,washing_machine,0,6.65,5.9,648.0,4.69,143.92
2023-01-01 09:31:00,937.2,washing_machine,0,6.58,2.74,744.12,4.3,179.45
2023-01-01 09:32:00,804.12,washing_machine,0,6.11,2.85,629.81,3.95,161.4
2023-01-01 09:33:00,818.17,washing_machine,0,6.73,4.23,670.89,5.93,130.4
2023-01-01 09:34:00,822.38,washing_machine,0,6.25,3.05,638.24,1.55,173.29
2023-01-01 09:35:00,697.71,washing_machine,0,1.88,8.77,532.84,2.66,151.57
2023-01-01 09:36:00,661.15,washing_machine,0,8.92,3.88,478.31,8.63,161.41
2023-01-01 09:37:00,883.6,washing_machine,0,3.66,5.23,723.93,5.73,145.04
2023-01-01 09:38:00,825.01,washing_machine,0,4.6,3.41,649.89,3.29,163.82
2023-01-01 09:39:00,834.66,washing_machine,0,4.53,4.05,706.83,9.16,110.1
2023-01-01 09:40:00,919.62,washing_machine,0,4.11,2.85,793.83,5.03,113.79
2023-01-01 09:41:00,940.87,washing_machine,0,4.17,5.2,776.14,2.24,153.12
2023-01-01 09:42:00,867.08,washing_machine,0,3.53,4.12,701.95,5.41,152.06
2023-01-01 09:43:00,891.86,washing_machine,0,4.99,1.37,722.87,4.81,157.81
2023-01-01 09:44:00,915.38,washing_machine,0,1.79,3.71,762.87,4.92,142.09
2023-01-01 09:45:00,874.64,washing_machine,0,4.45,6.74,710.56,7.48,145.41
2023-01-01 09:46:00,792.51,washing_machine,0,4.88,2.69,605.37,4.44,175.13
2023-01-01 09:47:00,835.11,washing_machine,0,2.26,5.15,641.55,4.73,181.41
2023-01-01 09:48:00,849.91,washing_machine,0,5.38,3.95,645.7,8.02,186.86
2023-01-01 09:49:00,967.22,washing_machine,0,3.26,2.02,818.76,5.2,137.98
2023-01-01 09:50:00,889.94,washing_machine,0,8.17,9.55,722.75,5.44,144.04
2023-01-01 09:51:00,654.86,washing_machine,0,3.57,3.18,520.79,2.35,124.97
2023-01-01 09:52:00,846.75,washing_machine,0,4.36,4.46,679.71,3.05,155.17
2023-01-01 09:53:00,802.31,washing_machine,0,4.39,2.55,635.12,3.94,156.31
2023-01-01 09:54:00,901.57,washing_machine,0,5.83,7.67,710.05,4.35,173.67
2023-01-01 09:55:00,1116.43,washing_machine,0,5.05,4.64,904.96,2.06,199.72
2023-01-01 09:56:00,900.41,washing_machine,0,5.78,7.33,745.81,7.2,134.29
2023-01-01 09:57:00,804.82,washing_machine,0,4.37,4.66,666.54,5.51,123.75
2023-01-01 09:58:00,852.93,washing_machine,0,3.06,4.43,681.64,7.38,156.41
2023-01-01 09:59:00,1011.0,washing_machine,0,2.84,5.85,795.65,5.65,200.99
2023-01-01 10:00:00,807.62,washing_machine,0,5.62,4.48,622.29,5.47,169.76
2023-01-01 10:01:00,820.16,washing_machine,0,2.22,7.71,649.29,5.8,155.14
2023-01-01 10:02:00,977.18,washing_machine,0,5.17,7.39,825.35,3.51,135.75
2023-01-01 10:03:00,899.86,washing_machine,0,7.34,6.25,729.68,8.59,148.01
2023-01-01 10:04:00,894.12,washing_machine,0,3.34,4.91,756.47,4.43,124.96
2023-01-01 10:05:00,966.55,washing_machine,0,5.42,7.24,810.71,6.71,136.47
2023-01-01 10:06:00,873.35,washing_machine,1,5.86,2.83,711.28,16.2,137.18
2023-01-01 10:07:00,859.52,washing_machine,0,4.39,7.36,723.91,7.35,116.52
2023-01-01 10:08:00,942.96,washing_machine,0,4.54,4.73,763.44,3.38,166.87
2023-01-01 10:09:00,850.03,washing_machine,0,7.82,4.9,666.63,7.97,162.71
2023-01-01 10:10:00,831.03,washing_machine,0,7.11,2.54,628.75,5.44,187.18
2023-01-01 10:11:00,822.27,washing_machine,0,5.81,4.39,663.22,2.33,146.52
2023-01-01 10:12:00,768.21,washing_machine,0,4.84,2.4,611.72,2.31,146.94
2023-01-01 10:13:00,910.68,washing_machine,0,5.91,4.52,728.29,2.86,169.09
2023-01-01 10:14:00,905.06,washing_machine,0,4.22,7.62,762.11,6.2,124.92
2023-01-01 10:15:00,1015.6,washing_machine,0,2.6,4.83,851.71,2.51,153.95
2023-01-01 10:16:00,827.29,washing_machine,0,5.3,3.99,680.8,2.29,134.91
2023-01-01 10:17:00,935.06,washing_machine,0,3.39,3.36,782.3,7.16,138.86
2023-01-01 10:18:00,794.54,washing_machine,0,2.13,1.39,653.39,4.43,133.2
2023-01-01 10:19:00,700.02,washing_machine,0,3.33,3.01,544.86,4.71,144.11
2023-01-01 10:20:00,829.14,washing_machine,0,5.24,5.96,647.22,4.92,165.79
2023-01-01 10:21:00,920.77,washing_machine,0,4.63,2.91,771.46,4.19,137.58
2023-01-01 10:22:00,862.72,washing_machine,0,6.9,8.14,674.57,0.0,173.11
2023-01-01 10:23:00,756.22,washing_machine,0,6.02,7.08,583.46,5.84,153.81
2023-01-01 10:24:00,1084.29,washing_machine,0,6.13,1.47,920.53,3.19,152.96
2023-01-01 10:25:00,890.22,washing_machine,0,4.29,2.2,746.69,5.1,131.94
2023-01-01 10:26:00,742.7,washing_machine,0,1.06,6.33,547.62,7.29,180.4
2023-01-01 10:27:00,853.31,washing_machine,0,7.16,3.89,685.7,2.97,153.58
2023-01-01 10:28:00,787.35,washing_machine,0,5.35,2.4,587.68,2.79,189.13
2023-01-01 10:29:00,816.27,washing_machine,0,2.28,2.51,638.72,4.36,168.4
2023-01-01 10:30:00,901.28,washing_machine,0,4.52,7.23,708.11,6.37,175.05
2023-01-01 10:31:00,832.4,washing_machine,0,7.28,3.46,669.55,0.78,151.33
2023-01-01 10:32:00,961.58,washing_machine,0,5.54,3.32,773.9,2.38,176.45
2023-01-01 10:33:00,1011.69,washing_machine,0,5.33,8.92,859.48,8.35,129.61
2023-01-01 10:34:00,738.94,washing_machine,0,2.45,2.47,611.63,3.56,118.83
2023-01-01 10:35:00,955.26,washing_machine,0,4.15,6.24,789.44,4.45,150.98
2023-01-01 10:36:00,727.72,washing_machine,0,7.79,4.87,571.91,3.29,139.86
2023-01-01 10:37:00,958.94,washing_machine,0,8.11,4.94,802.93,0.93,142.03
2023-01-01 10:38:00,784.02,washing_machine,0,5.72,4.91,648.02,6.95,118.42
2023-01-01 10:39:00,882.43,washing_machine,0,4.67,4.02,716.85,6.75,150.14
2023-01-01 10:40:00,838.65,washing_machine,0,8.8,5.51,671.86,4.33,148.16
2023-01-01 10:41:00,897.94,washing_machine,0,5.97,3.36,757.68,5.28,125.66
2023-01-01 10:42:00,824.37,washing_machine,0,5.34,4.07,690.41,3.86,120.68
2023-01-01 10:43:00,750.18,washing_machine,0,4.11,8.6,589.31,2.71,145.46
2023-01-01 10:44:00,804.75,washing_machine,0,4.76,5.82,634.95,4.41,154.8
2023-01-01 10:45:00,796.82,washing_machine,0,7.08,4.05,660.54,5.99,119.16
2023-01-01 10:46:00,707.16,washing_machine,0,5.79,3.72,562.52,4.93,130.19
2023-01-01 10:47:00,831.0,washing_machine,0,3.21,3.8,682.09,6.36,135.55
2023-01-01 10:48:00,880.88,washing_machine,0,7.21,6.24,688.69,2.83,175.91
2023-01-01 10:49:00,882.71,washing_machine,0,5.3,5.39,727.9,8.89,135.24
2023-01-01 10:50:00,853.42,washing_machine,0,6.24,1.94,679.54,2.89,162.82
2023-01-01 10:51:00,916.47,washing_machine,0,7.41,5.66,722.05,3.63,177.72
2023-01-01 10:52:00,841.61,washing_machine,0,6.82,4.3,677.02,3.92,149.55
2023-01-01 10:53:00,716.48,washing_machine,0,1.57,6.17,566.7,1.53,140.5
2023-01-01 10:54:00,831.99,washing_machine,0,3.37,8.17,637.36,3.2,179.88
2023-01-01 10:55:00,828.98,washing_machine,0,6.08,2.88,683.99,0.85,135.17
2023-01-01 10:56:00,837.07,washing_machine,0,5.59,2.25,656.15,4.63,168.46
2023-01-01 10:57:00,853.13,washing_machine,0,3.52,4.03,668.14,6.78,170.66
2023-01-01 10:58:00,823.96,washing_machine,0,8.76,0.2,667.29,5.42,142.29
2023-01-01 10:59:00,754.19,washing_machine,0,4.88,2.69,607.76,4.27,134.59
2023-01-01 11:00:00,713.8,washing_machine,0,4.59,6.77,552.88,3.28,146.28
2023-01-01 11:01:00,756.56,washing_machine,0,4.5,6.58,625.4,2.25,117.83
2023-01-01 11:02:00,765.88,washing_machine,0,4.75,3.92,611.19,3.64,142.39
2023-01-01 11:03:00,825.0,washing_machine,0,7.13,4.88,639.6,4.36,169.04
2023-01-01 11:04:00,857.45,washing_machine,0,5.58,2.62,684.87,2.97,161.42
2023-01-01 11:05:00,841.05,washing_machine,0,6.53,4.55,693.52,7.01,129.44
2023-01-01 11:06:00,919.52,washing_machine,0,4.7,6.29,722.67,6.68,179.18
2023-01-01 11:07:00,1017.91,washing_machine,0,3.76,1.19,841.76,6.57,164.63
2023-01-01 11:08:00,839.88,washing_machine,0,6.56,5.9,672.69,2.91,151.82
2023-01-01 11:09:00,796.13,washing_machine,0,6.69,3.9,618.48,6.4,160.65
2023-01-01 11:10:00,1067.79,washing_machine,0,3.68,0.49,898.64,6.07,158.92
2023-01-01 11:11:00,921.3,washing_machine,0,6.4,6.74,745.42,5.7,157.04
2023-01-01 11:12:00,820.55,washing_machine,0,6.51,8.18,648.59,2.86,154.42
2023-01-01 11:13:00,730.23,washing_machine,0,6.24,2.47,575.11,0.0,146.42
2023-01-01 11:14:00,871.27,washing_machine,0,3.44,5.5,694.74,3.14,164.46
2023-01-01 11:15:00,766.36,washing_machine,0,4.62,4.04,605.82,5.79,146.1
2023-01-01 11:16:00,806.25,washing_machine,0,5.13,4.11,646.17,5.51,145.33
2023-01-01 11:17:00,719.95,washing_machine,0,4.24,4.83,551.41,0.11,159.36
2023-01-01 11:18:00,1001.76,washing_machine,0,3.46,5.31,821.47,4.37,167.16
2023-01-01 11:19:00,877.22,washing_machine,0,3.83,4.1,700.03,2.2,167.06
2023-01-01 11:20:00,683.5,washing_machine,0,2.45,6.51,495.71,8.67,170.15
2023-01-01 11:21:00,973.82,washing_machine,0,4.97,4.67,793.99,4.22,165.96
2023-01-01 11:22:00,914.56,washing_machine,0,5.03,1.54,789.5,4.44,114.04
2023-01-01 11:23:00,900.93,washing_machine,0,3.82,5.04,720.5,6.68,164.89
2023-01-01 11:24:00,862.8,washing_machine,0,3.07,3.51,665.25,5.4,185.58
2023-01-01 11:25:00,722.41,washing_machine,0,3.64,7.95,583.95,2.67,124.2
2023-01-01 11:26:00,892.51,washing_machine,0,10.22,0.0,767.85,4.94,109.5
2023-01-01 11:27:00,881.59,washing_machine,0,7.87,3.66,683.22,6.2,180.65
2023-01-01 11:28:00,756.28,washing_machine,0,3.19,4.06,592.27,3.17,153.6
2023-01-01 11:29:00,967.3,washing_machine,0,4.73,4.85,773.09,3.94,180.7
2023-01-01 11:30:00,973.16,washing_machine,0,4.84,3.37,790.87,7.27,166.8
2023-01-01 11:31:00,765.6,washing_machine,0,3.16,6.2,590.94,8.64,156.67
2023-01-01 11:32:00,955.16,washing_machine,0,5.4,3.75,780.86,5.78,159.37
2023-01-01 11:33:00,811.73,washing_machine,0,4.55,2.19,657.1,6.97,140.93
2023-01-01 11:34:00,747.95,washing_machine,0,6.46,5.24,573.74,4.99,157.51
2023-01-01 11:35:00,941.46,washing_machine,0,5.75,6.65,758.77,4.86,165.43
2023-01-01 11:36:00,1087.49,washing_machine,0,3.52,4.44,902.91,4.35,172.27
2023-01-01 11:37:00,832.44,washing_machine,0,1.58,6.82,650.16,4.33,169.55
2023-01-01 11:38:00,847.52,washing_machine,0,6.69,3.82,683.69,5.95,147.37
2023-01-01 11:39:00,700.32,washing_machine,0,5.22,7.75,508.11,3.17,176.07
2023-01-01 11:40:00,1023.91,washing_machine,0,2.12,1.67,882.2,3.95,133.99
2023-01-01 11:41:00,875.76,washing_machine,0,4.89,2.79,703.97,4.3,159.81
2023-01-01 11:42:00,821.26,washing_machine,1,20.42,5.2,661.86,7.37,126.41
2023-01-01 11:43:00,895.25,washing_machine,0,5.36,0.14,749.09,5.91,134.74
2023-01-01 11:44:00,831.1,washing_machine,0,2.24,7.85,654.32,6.84,159.86
2023-01-01 11:45:00,829.53,washing_machine,0,4.06,4.64,666.65,6.83,147.36
2023-01-01 11:46:00,710.02,washing_machine,0,3.89,10.19,567.86,6.6,121.47
2023-01-01 11:47:00,709.81,washing_machine,0,6.76,4.19,561.69,3.65,133.52
2023-01-01 11:48:00,755.18,washing_machine,0,3.92,5.95,584.68,4.68,155.94
2023-01-01 11:49:00,889.85,washing_machine,0,2.88,5.57,738.8,6.12,136.49
2023-01-01 11:50:00,825.85,washing_machine,0,8.91,7.96,653.84,3.24,151.9
2023-01-01 11:51:00,730.64,washing_machine,0,5.08,5.52,562.62,7.1,150.33
2023-01-01 11:52:00,744.48,washing_machine,0,3.85,4.76,619.04,4.29,112.55
2023-01-01 11:53:00,826.03,washing_machine,0,4.88,4.19,662.95,3.75,150.26
2023-01-01 11:54:00,837.73,washing_machine,0,7.41,7.51,680.1,4.31,138.4
2023-01-01 11:55:00,677.24,washing_machine,0,4.34,5.06,511.4,3.03,153.41
2023-01-01 11:56:00,656.35,washing_machine,0,2.94,4.95,524.91,10.02,113.53
2023-01-01 11:57:00,822.52,washing_machine,0,7.19,8.47,615.14,4.54,187.18
2023-01-01 11:58:00,705.96,washing_machine,0,5.06,1.31,530.44,5.73,163.42
2023-01-01 11:59:00,912.52,washing_machine,0,5.75,3.56,757.83,4.69,140.69
2023-01-01 12:00:00,1211.04,ac,0,3.8,1058.42,4.04,7.14,137.64
2023-01-01 12:01:00,1439.5,ac,0,8.24,1294.54,6.06,5.09,125.57
2023-01-01 12:02:00,1183.86,ac,0,6.24,1019.53,4.18,4.06,149.85
2023-01-01 12:03:00,1197.48,ac,0,3.42,1059.59,4.1,8.3,122.07
2023-01-01 12:04:00,1342.5,ac,0,8.19,1159.1,3.31,3.32,168.59
2023-01-01 12:05:00,1429.17,ac,0,2.38,1248.28,5.89,3.78,168.84
2023-01-01 12:06:00,1172.31,ac,0,6.18,1039.39,5.08,4.7,116.96
2023-01-01 12:07:00,1276.91,ac,0,3.85,1102.59,5.89,4.45,160.13
2023-01-01 12:08:00,1278.99,ac,0,2.24,1121.9,6.05,8.91,139.89
2023-01-01 12:09:00,1092.38,ac,0,3.35,926.0,3.19,4.55,155.29
2023-01-01 12:10:00,1265.89,ac,0,3.96,1108.34,5.74,7.95,139.9
2023-01-01 12:11:00,1513.64,ac,0,7.77,1354.35,2.87,7.92,140.73
2023-01-01 12:12:00,1410.29,ac,0,4.27,1241.97,6.2,2.56,155.29
2023-01-01 12:13:00,1355.17,ac,0,3.41,1194.76,7.03,6.6,143.37
2023-01-01 12:14:00,1162.13,ac,0,3.59,980.22,6.83,3.83,167.65
2023-01-01 12:15:00,1268.55,ac,0,9.22,1054.8,3.23,5.8,195.5
2023-01-01 12:16:00,1261.09,ac,0,4.58,1099.76,1.4,0.95,154.4
2023-01-01 12:17:00,1545.39,ac,0,4.98,1377.24,4.13,5.23,153.8
2023-01-01 12:18:00,1655.0,ac,0,2.97,1498.2,4.16,4.82,144.85
2023-01-01 12:19:00,1307.15,ac,0,3.5,1162.5,4.8,4.37,131.98
2023-01-01 12:20:00,1442.75,ac,0,2.6,1287.23,2.71,4.21,146.01
2023-01-01 12:21:00,1503.57,ac,0,3.81,1333.58,2.21,6.4,157.57
2023-01-01 12:22:00,1459.38,ac,0,5.25,1283.02,4.01,7.77,159.33
2023-01-01 12:23:00,1324.69,ac,0,8.65,1156.6,1.51,5.84,152.09
2023-01-01 12:24:00,1351.05,ac,0,4.13,1170.29,3.91,4.24,168.48
2023-01-01 12:25:00,1406.03,ac,0,5.92,1211.68,5.67,5.48,177.28
2023-01-01 12:26:00,1167.92,ac,0,7.56,994.24,4.99,4.47,156.65
2023-01-01 12:27:00,1544.02,ac,0,5.3,1328.36,6.47,4.06,199.83
2023-01-01 12:28:00,1426.35,ac,0,4.88,1222.01,8.87,3.42,187.17
2023-01-01 12:29:00,1422.14,ac,0,3.75,1241.62,8.12,6.12,162.53
2023-01-01 12:30:00,1409.44,ac,0,3.63,1238.39,4.2,4.01,159.22
2023-01-01 12:31:00,1100.99,ac,0,4.96,937.38,7.79,6.54,144.32
2023-01-01 12:32:00,4463.35,ac,1,3.46,4306.22,6.26,3.33,144.08
2023-01-01 12:33:00,1574.34,ac,0,7.36,1382.71,4.79,4.98,174.5
2023-01-01 12:34:00,1452.4,ac,0,4.56,1278.08,4.03,7.11,158.63
2023-01-01 12:35:00,1488.98,ac,0,7.19,1294.92,5.81,2.88,178.18
2023-01-01 12:36:00,1342.44,ac,0,4.22,1174.8,4.59,2.47,156.36
2023-01-01 12:37:00,1243.3,ac,0,4.19,1066.77,3.61,1.75,166.98
2023-01-01 12:38:00,1256.92,ac,0,6.33,1115.86,4.86,5.89,123.98
2023-01-01 12:39:00,1588.67,ac,0,4.05,1403.87,6.41,4.55,169.79
2023-01-01 12:40:00,1444.83,ac,0,1.17,1289.76,1.64,5.97,146.29
2023-01-01 12:41:00,1348.63,ac,0,5.46,1207.41,4.49,0.0,131.26
2023-01-01 12:42:00,1164.06,ac,0,4.18,998.58,7.61,5.76,147.93
2023-01-01 12:43:00,1090.1,ac,0,3.8,943.69,0.22,3.93,138.46
2023-01-01 12:44:00,1452.79,ac,0,5.35,1321.56,2.38,3.28,120.23
2023-01-01 12:45:00,1660.56,ac,0,1.78,1483.61,3.87,5.14,166.15
2023-01-01 12:46:00,1240.66,ac,0,7.6,1062.57,8.75,8.36,153.38
2023-01-01 12:47:00,1066.31,ac,0,5.39,898.44,3.97,7.47,151.04
2023-01-01 12:48:00,1375.13,ac,0,3.01,1189.11,6.49,4.87,171.66
2023-01-01 12:49:00,1377.23,ac,0,5.68,1216.36,2.55,6.31,146.32
2023-01-01 12:50:00,1574.11,ac,0,3.61,1432.1,2.77,1.31,134.32
2023-01-01 12:51:00,1081.93,ac,0,6.76,930.67,8.75,10.29,125.47
2023-01-01 12:52:00,1115.77,ac,0,4.33,979.43,8.13,2.96,120.92
2023-01-01 12:53:00,1203.32,ac,0,4.86,1072.39,1.91,4.56,119.61
2023-01-01 12:54:00,1213.62,ac,0,2.59,1029.85,5.05,4.07,172.06
2023-01-01 12:55:00,1206.15,ac,0,4.91,1030.68,7.54,3.95,159.07
2023-01-01 12:56:00,1305.51,ac,0,2.28,1147.49,7.27,4.21,144.25
2023-01-01 12:57:00,1514.88,ac,0,9.31,1363.17,6.2,4.84,131.35
2023-01-01 12:58:00,1192.17,ac,0,8.86,1023.06,6.17,5.16,148.92
2023-01-01 12:59:00,1307.09,ac,0,6.16,1142.95,4.34,6.91,146.73
2023-01-01 13:00:00,1438.29,ac,0,7.49,1277.61,9.42,5.84,137.93
2023-01-01 13:01:00,1271.79,ac,0,7.41,1099.32,3.0,6.78,155.27
2023-01-01 13:02:00,1675.63,ac,0,7.69,1515.02,4.62,2.77,145.53
2023-01-01 13:03:00,1239.85,ac,0,0.07,1099.04,3.61,4.53,132.6
2023-01-01 13:04:00,1249.33,ac,0,8.01,1129.25,1.85,7.33,102.89
2023-01-01 13:05:00,1477.86,ac,0,3.89,1321.11,1.76,3.34,147.75
2023-01-01 13:06:00,1407.72,ac,0,2.64,1287.07,5.09,5.79,107.13
2023-01-01 13:07:00,1458.02,ac,0,5.37,1287.71,3.06,4.49,157.39
2023-01-01 13:08:00,1398.14,ac,0,6.56,1253.35,2.81,3.0,132.43
2023-01-01 13:09:00,1392.69,ac,0,4.06,1262.6,3.62,5.58,116.83
2023-01-01 13:10:00,1375.23,ac,0,3.61,1224.55,3.09,9.36,134.62
2023-01-01 13:11:00,1313.14,ac,0,6.38,1151.35,1.17,2.56,151.69
2023-01-01 13:12:00,1383.2,ac,0,5.77,1170.79,3.13,4.03,199.48
2023-01-01 13:13:00,1588.87,ac,0,2.37,1397.17,4.78,3.19,181.36
2023-01-01 13:14:00,1492.09,ac,0,6.07,1333.14,1.66,4.95,146.27
2023-01-01 13:15:00,1433.65,ac,0,5.63,1264.0,3.19,6.37,154.46
2023-01-01 13:16:00,1236.99,ac,0,4.68,1065.5,6.69,2.91,157.22
2023-01-01 13:17:00,1288.41,ac,0,4.33,1096.2,3.77,5.72,178.39
2023-01-01 13:18:00,1057.56,ac,0,3.04,930.06,3.4,3.95,117.11
2023-01-01 13:19:00,1524.95,ac,0,4.52,1372.61,4.94,3.29,139.58
2023-01-01 13:20:00,1239.69,ac,0,3.95,1082.15,2.84,5.29,145.45
2023-01-01 13:21:00,1432.12,ac,0,8.82,1264.78,7.44,5.21,145.87
2023-01-01 13:22:00,1319.26,ac,0,6.28,1182.13,4.77,2.59,123.49
2023-01-01 13:23:00,1639.25,ac,0,7.04,1439.64,7.79,5.31,179.47
2023-01-01 13:24:00,1545.25,ac,0,2.56,1384.55,3.44,8.28,146.42
2023-01-01 13:25:00,1503.04,ac,0,2.15,1321.9,4.53,6.25,168.2
2023-01-01 13:26:00,1380.27,ac,0,8.34,1220.25,4.1,7.14,140.44
2023-01-01 13:27:00,1634.09,ac,0,8.57,1470.69,0.0,3.08,151.76
2023-01-01 13:28:00,1367.03,ac,0,3.54,1179.65,6.84,6.17,170.82
2023-01-01 13:29:00,1528.62,ac,0,7.37,1354.58,0.37,5.8,160.51
2023-01-01 13:30:00,1290.06,ac,0,4.05,1156.26,7.39,7.45,114.91
2023-01-01 13:31:00,1328.54,ac,0,5.35,1172.45,5.98,3.66,141.1
2023-01-01 13:32:00,1365.33,ac,0,6.02,1229.52,1.89,4.93,122.96
2023-01-01 13:33:00,1409.53,ac,0,2.38,1255.47,5.69,2.7,143.28
2023-01-01 13:34:00,1298.44,ac,0,3.18,1118.44,4.93,6.38,165.51
2023-01-01 13:35:00,1377.25,ac,0,3.97,1210.46,4.56,4.69,153.57
2023-01-01 13:36:00,1268.99,ac,0,6.92,1115.36,5.08,3.11,138.52
2023-01-01 13:37:00,1361.71,ac,0,7.14,1221.66,3.61,2.09,127.21
2023-01-01 13:38:00,1286.64,ac,0,2.6,1114.6,3.38,2.59,163.46
2023-01-01 13:39:00,1284.92,ac,0,8.05,1134.23,6.21,4.26,132.17
2023-01-01 13:40:00,1589.3,ac,0,0.77,1414.42,3.68,5.17,165.26
2023-01-01 13:41:00,1532.02,ac,0,7.13,1376.14,5.64,6.34,136.76
2023-01-01 13:42:00,1530.71,ac,0,6.97,1356.42,4.97,8.65,153.69
2023-01-01 13:43:00,1234.89,ac,0,2.08,1063.99,3.02,6.95,158.86
2023-01-01 13:44:00,1425.78,ac,0,6.02,1267.54,5.12,5.19,141.91
2023-01-01 13:45:00,1209.13,ac,0,6.53,1015.58,5.19,5.8,176.04
2023-01-01 13:46:00,1684.82,ac,0,3.96,1547.97,4.1,3.67,125.12
2023-01-01 13:47:00,1367.83,ac,0,4.29,1214.85,7.44,4.41,136.84
2023-01-01 13:48:00,1189.62,ac,0,3.08,1041.15,3.21,6.03,136.15
2023-01-01 13:49:00,1404.26,ac,0,4.68,1248.82,1.39,4.13,145.24
2023-01-01 13:50:00,1304.17,ac,0,6.28,1126.01,4.61,5.9,161.37
2023-01-01 13:51:00,1341.42,ac,0,4.4,1176.74,7.51,6.44,146.32
2023-01-01 13:52:00,1374.59,ac,0,4.7,1211.87,6.0,3.88,148.14
2023-01-01 13:53:00,1418.38,ac,0,6.87,1231.05,5.8,1.95,172.72
2023-01-01 13:54:00,1409.04,ac,0,7.17,1234.09,5.32,3.54,158.92
2023-01-01 13:55:00,1628.95,ac,0,4.87,1429.78,7.26,8.01,179.03
2023-01-01 13:56:00,1305.59,ac,0,3.54,1159.22,8.48,5.21,129.13
2023-01-01 13:57:00,1287.59,ac,0,6.77,1117.67,3.27,2.88,157.02
2023-01-01 13:58:00,1485.02,ac,0,4.67,1309.01,4.03,2.02,165.29
2023-01-01 13:59:00,1174.14,ac,0,5.0,1020.71,2.1,5.57,140.76
2023-01-01 14:00:00,1237.03,ac,0,5.18,1094.23,2.18,4.49,130.95
2023-01-01 14:01:00,1479.5,ac,0,1.71,1325.97,4.57,7.07,140.18
2023-01-01 14:02:00,1307.19,ac,0,2.03,1137.04,5.93,5.68,156.51
2023-01-01 14:03:00,1305.15,ac,0,4.56,1142.85,3.35,6.35,148.05
2023-01-01 14:04:00,1298.26,ac,0,4.33,1125.88,3.94,4.57,159.55
2023-01-01 14:05:00,1482.22,ac,0,4.25,1330.11,5.01,2.74,140.11
2023-01-01 14:06:00,1268.99,ac,0,5.74,1108.59,6.98,3.25,144.43
2023-01-01 14:07:00,1596.05,ac,0,4.81,1433.87,3.9,9.5,143.97
2023-01-01 14:08:00,1198.55,ac,0,8.25,1009.1,5.88,0.16,175.16
2023-01-01 14:09:00,1393.25,ac,0,4.66,1239.15,2.39,1.59,145.46
2023-01-01 14:10:00,1053.28,ac,0,5.92,896.07,0.05,7.01,144.23
2023-01-01 14:11:00,1136.28,ac,0,2.92,934.12,9.24,4.63,185.37
2023-01-01 14:12:00,1224.04,ac,0,2.22,1021.42,5.14,4.47,190.79
2023-01-01 14:13:00,1487.97,ac,0,7.82,1330.48,9.35,6.86,133.46
2023-01-01 14:14:00,1723.09,ac,0,5.93,1554.96,4.65,3.75,153.8
2023-01-01 14:15:00,4879.47,ac,1,6.05,4738.55,6.58,7.44,120.84
2023-01-01 14:16:00,1463.17,ac,0,4.7,1267.84,0.77,4.64,185.21
2023-01-01 14:17:00,1434.92,ac,0,9.52,1276.15,5.87,3.78,139.6
2023-01-01 14:18:00,1225.51,ac,0,7.34,1060.62,2.13,7.47,147.95
2023-01-01 14:19:00,1293.2,ac,0,3.98,1151.5,2.85,2.93,131.94
2023-01-01 14:20:00,1503.04,ac,0,4.89,1300.41,5.33,7.15,185.26
2023-01-01 14:21:00,1118.46,ac,0,7.42,929.63,6.43,3.15,171.83
2023-01-01 14:22:00,1474.61,ac,0,3.91,1315.69,3.67,3.41,147.92
2023-01-01 14:23:00,1420.98,ac,0,5.74,1296.7,4.1,3.28,111.16
2023-01-01 14:24:00,1237.35,ac,0,2.17,1026.97,7.94,9.1,191.17
2023-01-01 14:25:00,1128.94,ac,0,4.54,949.21,7.04,8.33,159.8
2023-01-01 14:26:00,1347.02,ac,0,6.24,1165.87,4.39,4.03,166.49
2023-01-01 14:27:00,1429.47,ac,0,8.0,1235.92,6.57,5.73,173.25
2023-01-01 14:28:00,1302.07,ac,0,3.66,1142.99,5.84,3.9,145.68
2023-01-01 14:29:00,1350.31,ac,0,4.13,1166.5,8.06,10.07,161.54
2023-01-01 14:30:00,1480.21,ac,0,3.05,1285.5,6.87,2.17,182.61
2023-01-01 14:31:00,1367.16,ac,0,2.18,1199.73,5.23,3.05,156.97
2023-01-01 14:32:00,1314.18,ac,0,6.1,1155.11,4.55,4.12,144.31
2023-01-01 14:33:00,1219.37,ac,0,6.15,1049.39,2.77,5.96,155.11
2023-01-01 14:34:00,1540.27,ac,0,5.74,1384.27,5.91,3.18,141.17
2023-01-01 14:35:00,1574.54,ac,0,4.62,1396.49,4.47,4.15,164.81
2023-01-01 14:36:00,1381.29,ac,0,4.07,1222.45,7.81,6.75,140.21
2023-01-01 14:37:00,1242.95,ac,0,3.98,1091.38,5.07,4.78,137.73
2023-01-01 14:38:00,1443.61,ac,0,5.66,1309.31,8.55,5.55,114.53
2023-01-01 14:39:00,1300.81,ac,0,4.68,1121.13,4.29,5.02,165.69
2023-01-01 14:40:00,1424.12,ac,0,7.62,1263.55,5.25,4.68,143.01
2023-01-01 14:41:00,1339.44,ac,0,0.4,1179.36,4.93,7.04,147.72
2023-01-01 14:42:00,1362.35,ac,0,4.25,1186.15,3.93,2.58,165.44
2023-01-01 14:43:00,1366.37,ac,0,8.49,1168.18,7.14,6.46,176.09
2023-01-01 14:44:00,1652.05,ac,1,4.21,1505.83,0.0,1.93,140.08
2023-01-01 14:45:00,1426.28,ac,0,7.06,1275.68,5.28,5.04,133.21
2023-01-01 14:46:00,1264.39,ac,0,6.47,1125.46,7.3,5.77,119.4
2023-01-01 14:47:00,1540.87,ac,0,7.8,1376.79,3.51,6.66,146.11
2023-01-01 14:48:00,1411.16,ac,0,4.01,1228.3,6.74,4.66,167.45
2023-01-01 14:49:00,1171.81,ac,0,2.66,1005.9,4.01,5.68,153.56
2023-01-01 14:50:00,1469.72,ac,0,4.67,1318.83,5.57,7.39,133.26
2023-01-01 14:51:00,3996.05,ac,1,6.24,3826.2,5.69,6.88,151.03
2023-01-01 14:52:00,1564.29,ac,0,1.06,1390.81,6.32,2.59,163.51
2023-01-01 14:53:00,1551.01,ac,0,1.48,1381.53,4.23,7.3,156.46
2023-01-01 14:54:00,1398.38,ac,0,5.24,1234.34,6.58,2.6,149.61
2023-01-01 14:55:00,1478.23,ac,0,4.28,1280.49,6.61,5.94,180.93
2023-01-01 14:56:00,1496.91,ac,0,7.74,1318.21,7.6,3.35,160.01
2023-01-01 14:57:00,1359.16,ac,1,15.45,1167.16,9.2,0.91,166.45
2023-01-01 14:58:00,1553.68,ac,0,4.29,1391.97,9.97,6.3,141.14
2023-01-01 14:59:00,1316.05,ac,0,4.47,1142.73,5.47,5.31,158.07
2023-01-01 15:00:00,1222.47,ac,0,9.49,1047.42,2.82,8.32,154.43
2023-01-01 15:01:00,1333.75,ac,0,6.24,1204.9,4.2,5.02,113.4
2023-01-01 15:02:00,1250.88,ac,0,6.96,1087.35,4.88,5.63,146.07
2023-01-01 15:03:00,1477.17,ac,0,5.65,1284.41,5.73,4.75,176.63
2023-01-01 15:04:00,1192.84,ac,0,6.42,993.54,5.13,5.74,182.01
2023-01-01 15:05:00,1160.57,ac,0,5.24,957.28,4.99,5.55,187.51
2023-01-01 15:06:00,1520.77,ac,0,0.3,1351.99,3.04,0.0,165.44
2023-01-01 15:07:00,1361.21,ac,0,4.43,1206.43,4.65,1.82,143.88
2023-01-01 15:08:00,1276.12,ac,0,6.89,1134.51,6.92,7.68,120.12
2023-01-01 15:09:00,1855.65,ac,0,6.23,1664.89,5.61,7.59,171.32
2023-01-01 15:10:00,1438.18,ac,0,0.73,1276.51,6.33,2.6,152.01
2023-01-01 15:11:00,1344.03,ac,0,3.93,1174.89,1.76,6.25,157.21
2023-01-01 15:12:00,1389.68,ac,0,6.27,1236.74,5.74,5.14,135.78
2023-01-01 15:13:00,1547.15,ac,0,3.42,1363.37,1.99,3.79,174.57
2023-01-01 15:14:00,1427.88,ac,0,10.6,1276.1,3.36,2.15,135.67
2023-01-01 15:15:00,1333.04,ac,0,5.97,1169.79,4.94,4.54,147.8
2023-01-01 15:16:00,1585.22,ac,0,5.7,1391.53,7.29,3.27,177.43
2023-01-01 15:17:00,1287.99,ac,0,4.39,1141.95,4.16,7.19,130.3
2023-01-01 15:18:00,1463.8,ac,0,5.87,1263.62,6.76,1.07,186.47
2023-01-01 15:19:00,1373.39,ac,0,5.8,1212.59,7.39,7.22,140.38
2023-01-01 15:20:00,1388.16,ac,0,0.65,1227.46,4.13,7.41,148.51
2023-01-01 15:21:00,958.31,ac,0,8.52,774.85,3.87,6.56,164.52
2023-01-01 15:22:00,1378.82,ac,0,5.89,1245.21,4.67,2.68,120.37
2023-01-01 15:23:00,1577.66,ac,0,4.43,1428.42,3.96,4.26,136.58
2023-01-01 15:24:00,1429.98,ac,0,2.76,1272.64,7.07,5.64,141.87
2023-01-01 15:25:00,1332.51,ac,0,6.61,1195.99,4.71,3.85,121.35
2023-01-01 15:26:00,1401.49,ac,0,5.71,1221.73,0.0,5.62,168.43
2023-01-01 15:27:00,1377.55,ac,0,5.84,1218.31,1.55,1.96,149.91
2023-01-01 15:28:00,1176.19,ac,0,0.1,1014.78,2.83,3.64,154.84
2023-01-01 15:29:00,1155.75,ac,0,4.51,1001.08,2.43,3.24,144.49
2023-01-01 15:30:00,1333.21,ac,0,1.81,1154.69,6.6,5.2,164.9
2023-01-01 15:31:00,1509.71,ac,0,6.43,1353.67,5.43,2.24,141.94
2023-01-01 15:32:00,1615.19,ac,0,8.23,1469.57,2.92,6.5,127.98
2023-01-01 15:33:00,1554.96,ac,0,0.0,1340.59,4.43,4.39,205.56
2023-01-01 15:34:00,1392.9,ac,0,5.27,1251.57,5.79,5.66,124.61
2023-01-01 15:35:00,1193.22,ac,0,5.1,1005.92,5.91,3.65,172.63
2023-01-01 15:36:00,1538.17,ac,0,5.53,1362.77,3.39,4.45,162.02
2023-01-01 15:37:00,1334.15,ac,0,3.17,1176.73,4.5,5.84,143.91
2023-01-01 15:38:00,1289.25,ac,0,5.7,1090.88,6.07,2.8,183.81
2023-01-01 15:39:00,1158.92,ac,0,6.4,992.57,5.04,3.05,151.86
2023-01-01 15:40:00,1324.89,ac,0,4.27,1154.04,3.39,6.14,157.04
2023-01-01 15:41:00,1539.47,ac,0,4.93,1382.03,4.51,7.38,140.62
2023-01-01 15:42:00,1602.08,ac,0,5.53,1445.43,4.05,6.0,141.08
2023-01-01 15:43:00,854.99,ac,0,3.25,713.44,9.82,5.95,122.54
2023-01-01 15:44:00,1470.97,ac,0,3.92,1299.96,5.94,5.37,155.78
2023-01-01 15:45:00,1445.98,ac,0,2.34,1276.68,4.45,6.07,156.45
2023-01-01 15:46:00,1488.01,ac,0,9.66,1316.32,5.47,4.65,151.9
2023-01-01 15:47:00,1295.22,ac,0,6.17,1113.51,3.6,6.02,165.92
2023-01-01 15:48:00,1306.94,ac,0,6.23,1108.96,4.54,5.89,181.32
2023-01-01 15:49:00,1088.47,ac,0,7.21,928.97,2.89,5.63,143.76
2023-01-01 15:50:00,1026.15,ac,0,7.65,871.99,5.48,5.99,135.04
2023-01-01 15:51:00,1622.28,ac,0,0.0,1486.54,4.86,5.27,125.61
2023-01-01 15:52:00,1560.54,ac,0,4.04,1423.19,6.64,3.86,122.8
2023-01-01 15:53:00,1352.74,ac,1,7.24,1203.67,14.26,4.74,122.82
2023-01-01 15:54:00,1375.75,ac,0,1.86,1203.64,8.85,6.15,155.25
2023-01-01 15:55:00,1180.34,ac,0,7.87,1026.02,7.1,5.75,133.6
2023-01-01 15:56:00,1202.01,ac,0,3.45,1029.02,3.07,4.78,161.69
2023-01-01 15:57:00,1146.62,ac,0,6.16,970.75,5.51,1.08,163.12
2023-01-01 15:58:00,1461.72,ac,0,5.36,1298.39,6.5,3.38,148.09
2023-01-01 15:59:00,1347.62,ac,0,3.76,1154.34,3.59,5.53,180.39
2023-01-01 16:00:00,1736.33,ac,0,4.59,1554.57,5.45,5.13,166.59
2023-01-01 16:01:00,1559.78,ac,0,4.65,1397.47,7.82,4.16,145.68
2023-01-01 16:02:00,1470.21,ac,0,5.27,1330.77,2.73,4.16,127.28
2023-01-01 16:03:00,1479.06,ac,0,5.98,1306.5,10.25,8.15,148.17
2023-01-01 16:04:00,1264.4,ac,0,3.06,1098.1,7.47,4.04,151.73
2023-01-01 16:05:00,1550.54,ac,0,2.53,1351.63,6.34,3.81,186.23
2023-01-01 16:06:00,1360.95,ac,0,6.25,1199.43,4.92,7.72,142.63
2023-01-01 16:07:00,1522.2,ac,0,5.9,1334.79,4.08,1.98,175.45
2023-01-01 16:08:00,1383.81,ac,0,4.02,1206.71,5.81,6.71,160.56
2023-01-01 16:09:00,1238.86,ac,0,4.82,1088.27,3.07,5.12,137.58
2023-01-01 16:10:00,1530.34,ac,0,0.0,1368.87,6.3,2.79,152.38
2023-01-01 16:11:00,1218.74,ac,0,1.15,1048.86,7.55,6.68,154.5
2023-01-01 16:12:00,1129.87,ac,0,4.6,953.65,4.01,3.92,163.69
2023-01-01 16:13:00,1265.32,ac,0,6.36,1114.17,5.08,3.02,136.7
2023-01-01 16:14:00,1166.94,ac,0,7.72,999.47,7.64,2.91,149.19
2023-01-01 16:15:00,1458.55,ac,0,1.23,1301.9,8.15,8.06,139.2
2023-01-01 16:16:00,1412.95,ac,0,2.86,1275.47,2.72,4.36,127.54
2023-01-01 16:17:00,1395.64,ac,0,3.84,1234.98,5.34,3.54,147.94
2023-01-01 16:18:00,1431.43,ac,0,6.99,1264.85,6.18,6.93,146.48
2023-01-01 16:19:00,1154.97,ac,0,4.89,961.2,5.94,6.51,176.43
2023-01-01 16:20:00,1021.01,ac,0,6.18,826.92,6.98,3.99,176.94
2023-01-01 16:21:00,1236.14,ac,0,0.0,1073.88,4.6,3.46,154.2
2023-01-01 16:22:00,1418.5,ac,0,5.3,1222.69,4.45,6.58,179.48
2023-01-01 16:23:00,1397.73,ac,0,2.96,1232.61,5.22,2.95,153.99
2023-01-01 16:24:00,1438.48,ac,0,4.26,1279.39,7.24,6.09,141.51
2023-01-01 16:25:00,1407.01,ac,0,7.43,1248.2,3.92,6.58,140.88
2023-01-01 16:26:00,1294.97,ac,0,3.01,1128.7,2.16,4.55,156.55
2023-01-01 16:27:00,1345.18,ac,1,5.51,1162.44,5.18,40.03,132.01
2023-01-01 16:28:00,1501.62,ac,0,6.42,1341.94,5.47,4.67,143.13
2023-01-01 16:29:00,1468.84,ac,0,2.05,1275.32,4.09,7.14,180.24
2023-01-01 16:30:00,1452.71,ac,0,4.22,1283.55,4.74,7.81,152.39
2023-01-01 16:31:00,1641.23,ac,0,4.07,1472.79,5.81,7.74,150.81
2023-01-01 16:32:00,1641.61,ac,0,7.52,1433.96,1.52,9.44,189.17
2023-01-01 16:33:00,1319.93,ac,0,10.88,1180.84,8.26,8.43,111.51
2023-01-01 16:34:00,1395.68,ac,0,4.88,1225.62,6.57,6.02,152.59
2023-01-01 16:35:00,1542.91,ac,0,0.66,1352.49,6.98,4.56,178.22
2023-01-01 16:36:00,1044.01,ac,0,3.5,892.34,2.72,4.38,141.07
2023-01-01 16:37:00,1113.21,ac,0,2.13,959.32,3.91,1.82,146.04
2023-01-01 16:38:00,1447.5,ac,0,4.62,1266.62,3.65,3.82,168.79
2023-01-01 16:39:00,1514.26,ac,0,4.1,1392.91,6.62,4.66,105.98
2023-01-01 16:40:00,1493.52,ac,0,2.96,1317.97,7.15,3.45,161.98
2023-01-01 16:41:00,4640.07,ac,1,4.84,4487.62,4.89,3.53,139.19
2023-01-01 16:42:00,1364.7,ac,0,1.56,1226.17,7.71,3.23,126.04
2023-01-01 16:43:00,978.7,ac,0,8.51,825.41,1.19,5.09,138.51
2023-01-01 16:44:00,1136.82,ac,0,4.81,963.79,5.62,4.04,158.57
2023-01-01 16:45:00,1346.57,ac,0,4.83,1199.12,3.25,5.31,134.07
2023-01-01 16:46:00,1244.26,ac,0,3.68,1113.76,4.72,4.06,118.03
2023-01-01 16:47:00,1510.73,ac,0,4.9,1348.14,5.05,7.31,145.33
2023-01-01 16:48:00,1443.02,ac,0,7.53,1237.59,4.46,3.75,189.7
2023-01-01 16:49:00,1139.34,ac,0,1.71,990.66,5.12,1.05,140.8
2023-01-01 16:50:00,1397.12,ac,0,3.37,1218.16,7.85,3.95,163.78
2023-01-01 16:51:00,1289.07,ac,0,3.2,1134.54,4.5,3.32,143.5
2023-01-01 16:52:00,1446.01,ac,0,7.46,1257.6,8.23,5.3,167.42
2023-01-01 16:53:00,1569.09,ac,0,7.25,1416.85,4.14,2.19,138.67
2023-01-01 16:54:00,1508.09,ac,0,6.78,1331.93,8.24,6.77,154.37
2023-01-01 16:55:00,1442.46,ac,0,3.13,1266.43,4.73,5.72,162.45
2023-01-01 16:56:00,1383.37,ac,0,5.28,1223.9,3.55,5.57,145.07
2023-01-01 16:57:00,1248.83,ac,0,3.85,1073.81,2.35,4.98,163.85
2023-01-01 16:58:00,1269.36,ac,0,4.33,1090.22,4.54,4.11,166.15
2023-01-01 16:59:00,1226.95,ac,0,2.54,1068.0,5.7,9.14,141.57
2023-01-01 17:00:00,1374.39,ac,0,4.19,1026.11,7.68,173.13,163.28
2023-01-01 17:01:00,1517.78,ac,0,3.72,1133.32,2.13,228.92,149.68
2023-01-01 17:02:00,1626.66,ac,0,7.67,1347.19,6.54,129.37,135.9
2023-01-01 17:03:00,1355.22,ac,0,6.07,1002.46,5.59,161.93,179.17
2023-01-01 17:04:00,1643.79,ac,0,5.37,1313.32,3.99,205.4,115.71
2023-01-01 17:05:00,1408.78,ac,0,8.11,1102.46,6.65,184.72,106.84
2023-01-01 17:06:00,1674.29,ac,0,3.35,1362.19,4.66,162.71,141.38
2023-01-01 17:07:00,1592.11,ac,0,6.09,1219.15,6.9,247.25,112.73
2023-01-01 17:08:00,1633.67,ac,0,5.11,1262.44,3.16,214.17,148.8
2023-01-01 17:09:00,1728.33,ac,0,5.37,1318.0,6.55,243.29,155.12
2023-01-01 17:10:00,1322.82,ac,0,4.16,983.91,3.95,173.63,157.17
2023-01-01 17:11:00,1256.9,ac,0,5.21,936.57,5.21,196.9,113.01
2023-01-01 17:12:00,1532.04,ac,0,4.85,1284.06,6.82,115.08,121.24
2023-01-01 17:13:00,1832.28,ac,0,3.32,1437.78,9.04,223.19,158.95
2023-01-01 17:14:00,1659.01,ac,0,2.82,1314.99,2.11,212.81,126.28
2023-01-01 17:15:00,1700.41,ac,0,2.94,1255.84,3.0,274.33,164.3
2023-01-01 17:16:00,1596.82,ac,0,2.51,1204.97,4.65,244.99,139.7
2023-01-01 17:17:00,1699.2,ac,0,1.88,1384.44,5.43,162.92,144.53
2023-01-01 17:18:00,1502.94,ac,0,7.35,1104.45,1.48,224.22,165.43
2023-01-01 17:19:00,1346.19,ac,0,7.77,1073.31,1.43,130.26,133.43
2023-01-01 17:20:00,1436.63,ac,0,2.41,1121.85,3.27,194.31,114.79
2023-01-01 17:21:00,1732.45,ac,0,2.94,1348.12,4.26,229.98,147.14
2023-01-01 17:22:00,1572.92,ac,0,2.88,1200.07,1.84,217.15,150.99
2023-01-01 17:23:00,1712.63,ac,0,3.84,1317.88,6.21,242.53,142.16
2023-01-01 17:24:00,1498.35,ac,0,1.69,1188.08,6.99,182.06,119.54
2023-01-01 17:25:00,1435.46,ac,0,5.12,1118.63,7.74,179.17,124.8
2023-01-01 17:26:00,1861.84,ac,0,7.89,1428.05,3.84,265.53,156.53
2023-01-01 17:27:00,1704.89,ac,0,4.6,1336.47,3.8,198.32,161.71
2023-01-01 17:28:00,1692.57,ac,0,7.44,1372.86,5.01,182.83,124.42
2023-01-01 17:29:00,1447.82,ac,0,2.83,1106.19,1.57,198.82,138.41
2023-01-01 17:30:00,1584.12,ac,0,3.05,1164.41,6.63,283.49,126.53
2023-01-01 17:31:00,1497.56,ac,0,4.14,1141.14,4.36,198.3,149.61
2023-01-01 17:32:00,4611.37,ac,1,5.36,4267.37,4.16,169.26,165.22
2023-01-01 17:33:00,1584.3,ac,0,4.24,1149.74,4.19,284.07,142.06
2023-01-01 17:34:00,1330.13,ac,0,4.57,1038.59,4.52,122.52,159.94
2023-01-01 17:35:00,1699.3,ac,0,4.88,1295.17,4.26,258.15,136.84
2023-01-01 17:36:00,1953.35,ac,0,5.55,1547.72,4.31,262.2,133.56
2023-01-01 17:37:00,1584.7,ac,0,3.14,1263.17,6.99,172.46,138.94
2023-01-01 17:38:00,1525.07,ac,0,7.32,1257.31,4.54,89.86,166.04
2023-01-01 17:39:00,1475.04,ac,0,7.69,1061.64,6.17,268.56,130.98
2023-01-01 17:40:00,1802.23,ac,0,4.13,1388.99,4.12,250.49,154.51
2023-01-01 17:41:00,1706.64,ac,0,2.41,1339.91,4.87,204.1,155.36
2023-01-01 17:42:00,1535.5,ac,0,6.12,1144.22,5.71,264.32,115.14
2023-01-01 17:43:00,1315.48,ac,0,4.27,993.46,4.29,195.23,118.22
2023-01-01 17:44:00,1475.02,ac,0,3.25,1178.75,9.56,138.61,144.84
2023-01-01 17:45:00,1722.25,ac,0,5.08,1346.72,5.18,218.46,146.82
2023-01-01 17:46:00,1632.3,ac,0,3.31,1285.53,3.76,211.28,128.42
2023-01-01 17:47:00,1591.62,ac,0,6.07,1295.36,5.88,158.28,126.03
2023-01-01 17:48:00,1463.58,ac,0,4.2,1167.56,3.55,161.93,126.34
2023-01-01 17:49:00,1582.51,ac,0,6.52,1172.17,9.39,236.8,157.64
2023-01-01 17:50:00,1368.5,ac,0,4.73,895.63,6.47,285.78,175.9
2023-01-01 17:51:00,1648.66,ac,0,0.0,1240.39,2.74,250.12,155.41
2023-01-01 17:52:00,1272.52,ac,0,10.15,921.32,2.06,201.74,137.25
2023-01-01 17:53:00,1507.23,ac,0,7.68,1253.69,6.41,105.72,133.73
2023-01-01 17:54:00,1693.51,ac,0,5.93,1254.42,5.73,276.75,150.69
2023-01-01 17:55:00,1465.04,ac,0,5.53,1161.38,6.43,154.25,137.44
2023-01-01 17:56:00,1217.71,ac,0,5.36,933.5,2.69,139.33,136.85
2023-01-01 17:57:00,1582.91,ac,0,0.84,1158.82,7.47,271.06,144.71
2023-01-01 17:58:00,1412.71,ac,0,9.11,986.32,6.51,221.11,189.66
2023-01-01 17:59:00,1627.79,ac,0,5.02,1248.61,5.92,182.75,185.48
2023-01-01 18:00:00,1470.99,ac,0,1.14,1138.83,6.38,193.59,131.06
2023-01-01 18:01:00,1540.27,ac,0,4.21,1174.92,7.96,198.73,154.46
2023-01-01 18:02:00,2099.0,ac,0,5.01,1690.4,7.08,275.27,121.23
2023-01-01 18:03:00,1675.44,ac,0,5.04,1402.92,5.83,162.38,99.27
2023-01-01 18:04:00,1645.11,ac,0,8.48,1288.78,4.28,223.37,120.2
2023-01-01 18:05:00,1589.63,ac,0,7.69,1236.26,3.31,182.07,160.3
2023-01-01 18:06:00,1454.98,ac,0,7.2,1175.11,7.15,140.06,125.46
2023-01-01 18:07:00,1794.36,ac,0,3.53,1423.43,5.94,198.18,163.28
2023-01-01 18:08:00,1827.63,ac,0,3.17,1417.32,3.6,250.44,153.09
2023-01-01 18:09:00,1159.42,ac,0,2.95,856.28,9.43,143.93,146.83
2023-01-01 18:10:00,1515.27,ac,0,3.24,1131.88,3.19,224.46,152.5
2023-01-01 18:11:00,1703.91,ac,0,2.6,1301.58,0.96,248.7,150.07
2023-01-01 18:12:00,1717.52,ac,0,4.07,1396.28,4.3,182.5,130.37
2023-01-01 18:13:00,1471.13,ac,0,6.0,1122.43,4.0,174.37,164.32
2023-01-01 18:14:00,1488.82,ac,0,6.42,1028.68,3.77,301.14,148.8
2023-01-01 18:15:00,1617.73,ac,0,6.7,1351.41,6.82,103.23,149.57
2023-01-01 18:16:00,1298.32,ac,0,4.05,952.1,0.0,166.29,175.88
2023-01-01 18:17:00,1573.64,ac,0,4.52,1247.0,5.57,173.29,143.26
2023-01-01 18:18:00,1533.82,ac,0,3.22,1200.49,4.92,164.21,160.97
2023-01-01 18:19:00,1547.47,ac,0,1.2,1220.53,7.92,177.98,139.85
2023-01-01 18:20:00,1431.6,ac,0,2.89,1068.92,7.07,188.13,164.59
2023-01-01 18:21:00,1410.81,ac,0,3.81,1091.1,7.95,174.55,133.39
2023-01-01 18:22:00,1580.3,ac,0,7.43,1221.65,4.51,199.2,147.5
2023-01-01 18:23:00,1625.65,ac,0,5.28,1307.2,3.09,148.8,161.28
2023-01-01 18:24:00,1424.62,ac,0,4.91,1126.24,7.66,137.07,148.75
2023-01-01 18:25:00,1383.56,ac,0,5.37,1040.44,5.96,188.29,143.5
2023-01-01 18:26:00,1668.39,ac,0,6.86,1298.87,2.43,192.21,168.02
2023-01-01 18:27:00,1517.18,ac,0,3.81,1192.84,3.71,161.18,155.63
2023-01-01 18:28:00,1708.66,ac,0,0.49,1322.04,5.88,228.28,151.98
2023-01-01 18:29:00,1798.15,ac,0,4.85,1410.01,6.54,257.14,119.6
2023-01-01 18:30:00,1487.97,ac,0,8.48,1049.54,5.72,235.78,188.46
2023-01-01 18:31:00,1492.72,ac,0,2.26,1175.08,5.56,155.46,154.34
2023-01-01 18:32:00,1548.92,ac,0,1.44,1201.43,1.15,190.83,154.07
2023-01-01 18:33:00,1659.16,ac,0,8.86,1200.58,5.46,262.05,182.2
2023-01-01 18:34:00,1411.21,ac,0,5.75,994.38,5.42,256.03,149.63
2023-01-01 18:35:00,1459.59,ac,0,5.09,1101.01,4.32,219.06,130.11
2023-01-01 18:36:00,1716.64,ac,0,3.25,1314.91,2.6,207.46,188.41
2023-01-01 18:37:00,1283.8,ac,0,4.31,884.94,2.86,242.46,149.23
2023-01-01 18:38:00,1784.64,ac,0,2.76,1366.91,4.99,236.73,173.25
2023-01-01 18:39:00,1404.67,ac,0,3.73,977.78,5.67,245.7,171.8
2023-01-01 18:40:00,1353.96,ac,0,1.89,1074.82,6.28,131.2,139.77
2023-01-01 18:41:00,1563.04,ac,0,7.14,1229.52,2.53,196.16,127.68
2023-01-01 18:42:00,1509.49,ac,0,7.76,1154.04,7.3,177.25,163.13
2023-01-01 18:43:00,1550.57,ac,0,5.88,1151.8,4.46,239.2,149.23
2023-01-01 18:44:00,1400.3,ac,0,5.93,1086.68,5.29,157.78,144.62
2023-01-01 18:45:00,1482.73,ac,0,5.35,1088.99,1.63,188.7,198.07
2023-01-01 18:46:00,1554.06,ac,0,3.97,1244.79,2.3,154.33,148.67
2023-01-01 18:47:00,1602.73,ac,0,4.23,1239.84,3.69,222.52,132.45
2023-01-01 18:48:00,1542.18,ac,0,4.9,1130.28,7.63,250.89,148.47
2023-01-01 18:49:00,1631.72,ac,0,5.01,1241.12,7.06,214.85,163.67
2023-01-01 18:50:00,1504.07,ac,0,6.38,1263.59,2.45,129.18,102.48
2023-01-01 18:51:00,1366.14,ac,0,5.38,952.78,6.49,228.08,173.42
2023-01-01 18:52:00,1508.69,ac,0,9.14,1131.95,4.92,212.75,149.92
2023-01-01 18:53:00,1386.8,ac,0,3.09,1048.09,1.35,183.16,151.11
2023-01-01 18:54:00,1751.62,ac,0,8.03,1414.9,2.46,176.05,150.18
2023-01-01 18:55:00,1666.03,ac,0,3.88,1337.88,3.19,182.58,138.51
2023-01-01 18:56:00,1782.12,ac,0,5.54,1505.52,5.79,123.35,141.93
2023-01-01 18:57:00,1751.44,ac,0,5.29,1414.02,4.17,180.55,147.41
2023-01-01 18:58:00,1688.59,ac,0,2.93,1281.91,0.0,236.83,166.91
2023-01-01 18:59:00,1511.71,ac,0,5.88,1146.34,5.19,210.96,143.34
2023-01-01 19:00:00,1408.97,ac,0,4.4,1114.27,5.27,150.82,134.21
2023-01-01 19:01:00,1664.21,ac,0,4.98,1324.81,4.24,192.19,138.0
2023-01-01 19:02:00,1460.22,ac,0,5.3,1086.69,3.94,179.81,184.47
2023-01-01 19:03:00,1441.07,ac,0,4.44,1108.25,5.92,176.98,145.47
2023-01-01 19:04:00,1450.45,ac,0,5.36,1067.77,7.32,211.1,158.9
2023-01-01 19:05:00,1703.26,ac,0,5.64,1322.71,8.95,187.5,178.46
2023-01-01 19:06:00,1351.65,ac,0,4.32,952.96,5.6,251.46,137.31
2023-01-01 19:07:00,1596.18,ac,0,5.58,1269.22,4.09,174.85,142.43
2023-01-01 19:08:00,1580.1,ac,0,8.7,1216.34,3.81,195.7,155.56
2023-01-01 19:09:00,1442.91,ac,0,6.07,1069.83,6.79,216.11,144.11
2023-01-01 19:10:00,1573.96,ac,0,5.07,1187.33,1.48,235.56,144.51
2023-01-01 19:11:00,1393.37,ac,0,7.35,1098.43,5.49,103.26,178.83
2023-01-01 19:12:00,1671.5,ac,0,5.73,1297.05,6.66,205.48,156.57
2023-01-01 19:13:00,1580.72,ac,0,5.96,1182.85,5.15,212.61,174.14
2023-01-01 19:14:00,1699.14,ac,0,8.0,1269.82,4.74,227.75,188.83
2023-01-01 19:15:00,1584.15,ac,0,4.01,1166.13,4.06,247.83,162.13
2023-01-01 19:16:00,1566.84,ac,0,5.6,1232.71,4.02,162.8,161.71
2023-01-01 19:17:00,1758.95,ac,0,3.61,1378.85,5.23,198.08,173.18
2023-01-01 19:18:00,1374.98,ac,0,5.77,1099.39,5.82,129.05,134.95
2023-01-01 19:19:00,1059.89,ac,0,7.54,758.04,6.48,158.07,129.76
2023-01-01 19:20:00,1770.91,ac,0,5.92,1426.12,7.56,172.19,159.12
2023-01-01 19:21:00,1846.65,ac,0,0.32,1485.66,5.5,202.1,153.06
2023-01-01 19:22:00,1837.72,ac,0,2.44,1486.43,5.38,201.65,141.82
2023-01-01 19:23:00,1501.8,ac,0,3.9,1165.57,7.94,201.87,122.52
2023-01-01 19:24:00,1636.61,ac,0,5.95,1296.3,6.17,172.53,155.67
2023-01-01 19:25:00,1527.14,ac,0,0.77,1183.55,4.84,185.53,152.45
2023-01-01 19:26:00,1615.63,ac,0,5.28,1364.15,3.75,119.03,123.41
2023-01-01 19:27:00,1670.44,ac,0,3.86,1314.48,2.88,175.83,173.39
2023-01-01 19:28:00,1609.49,ac,0,6.27,1253.82,3.21,165.51,180.69
2023-01-01 19:29:00,1638.34,ac,0,5.8,1301.78,4.91,203.74,122.1
2023-01-01 19:30:00,1345.08,ac,0,3.51,928.41,3.52,243.85,165.8
2023-01-01 19:31:00,1748.99,ac,0,5.81,1434.28,6.28,159.96,142.65
2023-01-01 19:32:00,1549.16,ac,0,3.93,1204.76,6.56,187.93,145.98
2023-01-01 19:33:00,1560.17,ac,0,4.17,1236.33,7.16,191.14,121.37
2023-01-01 19:34:00,1699.56,ac,0,3.88,1411.83,6.64,155.52,121.68
2023-01-01 19:35:00,1419.52,ac,0,2.78,1089.44,0.45,176.9,149.95
2023-01-01 19:36:00,1367.11,ac,0,0.05,996.09,5.31,214.03,151.65
2023-01-01 19:37:00,1461.5,ac,0,8.62,1159.64,6.7,147.92,138.62
2023-01-01 19:38:00,1366.32,ac,0,5.37,1111.8,8.96,91.23,148.96
2023-01-01 19:39:00,1268.18,ac,0,4.9,954.44,2.71,166.22,139.91
2023-01-01 19:40:00,1630.93,ac,0,3.62,1298.95,9.26,168.63,150.47
2023-01-01 19:41:00,1594.98,ac,0,3.87,1238.23,6.3,180.15,166.44
2023-01-01 19:42:00,1585.25,ac,0,5.56,1209.92,5.81,203.83,160.12
2023-01-01 19:43:00,1532.65,ac,0,3.69,1189.24,7.92,186.4,145.4
2023-01-01 19:44:00,1501.78,ac,0,7.32,1208.72,4.95,149.91,130.88
2023-01-01 19:45:00,1344.5,ac,0,1.79,978.55,5.86,211.83,146.47
2023-01-01 19:46:00,1350.68,ac,0,4.97,970.77,5.97,206.09,162.87
2023-01-01 19:47:00,1476.8,ac,0,10.86,1131.69,3.51,159.45,171.3
2023-01-01 19:48:00,1435.84,ac,0,4.53,1082.43,6.67,195.44,146.77
2023-01-01 19:49:00,1647.36,ac,0,4.98,1259.06,6.92,247.59,128.81
2023-01-01 19:50:00,1844.86,ac,0,7.95,1430.43,3.34,257.76,145.38
2023-01-01 19:51:00,1834.19,ac,0,2.3,1393.41,7.12,257.87,173.49
2023-01-01 19:52:00,1604.88,ac,0,1.76,1252.48,4.25,207.89,138.5
2023-01-01 19:53:00,1507.28,ac,1,25.05,1149.73,5.16,152.1,175.23
2023-01-01 19:54:00,1684.37,ac,0,5.05,1226.6,6.33,301.97,144.41
2023-01-01 19:55:00,1201.02,ac,0,2.56,879.36,6.73,153.06,159.32
2023-01-01 19:56:00,1645.86,ac,0,5.89,1300.18,7.19,207.4,125.19
2023-01-01 19:57:00,1581.35,ac,0,4.87,1321.62,4.6,123.87,126.39
2023-01-01 19:58:00,1280.81,ac,0,5.09,936.6,8.39,186.16,144.56
2023-01-01 19:59:00,1348.22,ac,0,6.47,1056.84,5.64,118.84,160.42
2023-01-01 20:00:00,1715.72,ac,0,4.85,1341.39,7.36,205.2,156.92
2023-01-01 20:01:00,1265.87,ac,0,6.49,940.16,2.75,179.37,137.1
2023-01-01 20:02:00,1460.24,ac,0,4.5,1168.86,3.48,161.3,122.1
2023-01-01 20:03:00,1617.2,ac,0,5.21,1332.5,6.03,160.5,112.96
2023-01-01 20:04:00,1703.23,ac,0,5.41,1309.9,7.22,207.69,173.01
2023-01-01 20:05:00,1616.93,ac,0,5.64,1361.04,7.08,105.96,137.2
2023-01-01 20:06:00,1413.2,ac,0,4.46,1119.21,5.49,157.27,126.78
2023-01-01 20:07:00,1423.35,ac,0,9.7,1101.07,3.89,176.57,132.12
2023-01-01 20:08:00,1638.44,ac,0,5.98,1318.33,3.49,161.84,148.79
2023-01-01 20:09:00,1640.44,ac,0,4.01,1328.65,4.36,186.72,116.7
2023-01-01 20:10:00,1716.19,ac,0,9.1,1343.02,9.84,186.95,167.27
2023-01-01 20:11:00,1807.9,ac,0,3.15,1410.69,5.98,228.88,159.21
2023-01-01 20:12:00,1612.63,ac,0,6.82,1259.92,5.61,206.14,134.14
2023-01-01 20:13:00,1692.14,ac,0,5.93,1386.73,4.1,158.42,136.96
2023-01-01 20:14:00,1425.0,ac,0,3.36,1087.57,4.62,188.25,141.2
2023-01-01 20:15:00,1473.19,ac,0,5.84,1117.24,4.95,213.53,131.63
2023-01-01 20:16:00,1630.3,ac,0,4.7,1326.82,8.65,114.47,175.65
2023-01-01 20:17:00,1288.85,ac,0,5.02,950.12,5.79,189.01,138.9
2023-01-01 20:18:00,1502.9,ac,0,3.22,1143.45,4.24,229.46,122.53
2023-01-01 20:19:00,1801.06,ac,1,15.24,1416.12,5.4,234.0,130.3
2023-01-01 20:20:00,1651.22,ac,0,5.7,1300.27,4.56,161.73,178.96
2023-01-01 20:21:00,1327.58,ac,0,5.05,992.9,5.58,171.96,152.09
2023-01-01 20:22:00,1665.26,ac,0,7.48,1337.65,5.94,172.63,141.56
2023-01-01 20:23:00,1686.71,ac,0,2.34,1285.77,3.4,230.58,164.61
2023-01-01 20:24:00,1621.18,ac,0,6.67,1197.39,5.92,248.0,163.21
2023-01-01 20:25:00,1799.54,ac,0,7.49,1455.0,4.55,194.04,138.47
2023-01-01 20:26:00,1268.2,ac,0,6.74,998.99,4.65,106.21,151.61
2023-01-01 20:27:00,1966.59,ac,0,7.92,1569.08,6.03,225.09,158.46
2023-01-01 20:28:00,1484.78,ac,1,18.99,1172.19,4.02,148.78,140.8
2023-01-01 20:29:00,1608.78,ac,0,6.52,1237.24,9.47,178.06,177.5
2023-01-01 20:30:00,1535.11,ac,0,1.97,1202.54,3.46,162.74,164.4
2023-01-01 20:31:00,1800.79,ac,0,5.75,1389.88,8.55,250.69,145.92
2023-01-01 20:32:00,1598.65,ac,0,6.11,1206.34,3.82,201.64,180.74
2023-01-01 20:33:00,1408.17,ac,0,3.46,1042.72,4.07,216.93,141.0
2023-01-01 20:34:00,1653.19,ac,0,8.31,1290.0,7.38,193.64,153.87
2023-01-01 20:35:00,1496.96,ac,0,5.73,1139.63,6.55,184.74,160.31
2023-01-01 20:36:00,1357.43,ac,0,2.48,1010.48,7.07,195.35,142.04
2023-01-01 20:37:00,1453.92,ac,0,5.24,1109.07,7.65,199.92,132.03
2023-01-01 20:38:00,1615.27,ac,0,6.95,1237.5,6.82,227.83,136.18
2023-01-01 20:39:00,1416.49,ac,0,4.89,1050.94,0.0,216.77,143.89
2023-01-01 20:40:00,4246.12,ac,1,5.55,3863.02,6.84,211.94,158.77
2023-01-01 20:41:00,1772.51,ac,0,3.13,1408.3,2.07,205.48,153.52
2023-01-01 20:42:00,1828.53,ac,0,0.17,1429.08,3.38,259.4,136.5
2023-01-01 20:43:00,1732.51,ac,0,9.44,1389.01,5.94,185.71,142.41
2023-01-01 20:44:00,1321.3,ac,0,4.24,974.48,6.02,208.35,128.2
2023-01-01 20:45:00,1851.79,ac,0,5.25,1484.94,5.07,225.8,130.72
2023-01-01 20:46:00,1481.14,ac,0,8.72,1163.77,2.68,175.66,130.31
2023-01-01 20:47:00,1779.9,ac,0,7.3,1342.42,5.73,266.86,157.59
2023-01-01 20:48:00,1509.26,ac,0,7.69,1184.61,3.84,190.38,122.73
2023-01-01 20:49:00,1445.1,ac,0,2.74,1171.79,1.03,131.19,138.35
2023-01-01 20:50:00,1691.8,ac,0,4.47,1363.11,6.18,177.99,140.05
2023-01-01 20:51:00,1617.11,ac,0,3.48,1222.37,7.35,254.71,129.21
2023-01-01 20:52:00,1401.64,ac,0,5.13,1086.18,6.98,164.36,139.0
2023-01-01 20:53:00,1404.04,ac,0,6.28,1036.41,4.29,206.84,150.23
2023-01-01 20:54:00,1826.46,ac,0,3.89,1394.14,4.19,234.83,189.41
2023-01-01 20:55:00,1689.7,ac,0,4.8,1278.02,2.66,259.75,144.47
2023-01-01 20:56:00,1463.01,ac,0,2.68,1152.75,5.96,183.77,117.85
2023-01-01 20:57:00,1490.36,ac,0,3.69,1074.44,6.17,264.77,141.3
2023-01-01 20:58:00,1407.49,ac,0,4.66,1029.82,2.16,229.87,140.97
2023-01-01 20:59:00,1577.27,ac,0,3.62,1208.35,5.95,187.85,171.5
2023-01-01 21:00:00,1663.12,ac,0,4.95,1224.78,5.56,245.17,182.65
2023-01-01 21:01:00,1217.88,ac,0,6.79,905.37,6.52,204.87,94.34
2023-01-01 21:02:00,1593.92,ac,0,2.9,1243.48,4.32,218.56,124.66
2023-01-01 21:03:00,1756.9,ac,0,6.64,1364.35,6.81,211.13,167.97
2023-01-01 21:04:00,1474.3,ac,0,5.25,1114.63,4.45,225.85,124.12
2023-01-01 21:05:00,1549.12,ac,0,7.19,1090.79,4.16,246.82,200.17
2023-01-01 21:06:00,1713.58,ac,0,0.0,1381.0,3.4,216.57,112.61
2023-01-01 21:07:00,1744.32,ac,0,5.06,1367.25,4.46,232.99,134.56
2023-01-01 21:08:00,1592.11,ac,0,5.83,1202.07,5.33,233.46,145.42
2023-01-01 21:09:00,1434.4,ac,0,11.57,1034.91,8.06,224.62,155.25
2023-01-01 21:10:00,1455.53,ac,0,3.71,1094.6,7.14,237.35,112.73
2023-01-01 21:11:00,1594.06,ac,0,9.15,1254.88,6.65,179.91,143.47
2023-01-01 21:12:00,1808.06,ac,0,5.03,1475.82,0.75,190.56,135.89
2023-01-01 21:13:00,1687.92,ac,0,6.28,1366.7,1.7,159.61,153.63
2023-01-01 21:14:00,1572.7,ac,0,6.63,1203.01,5.16,189.61,168.29
2023-01-01 21:15:00,1739.81,ac,0,5.68,1347.5,5.76,240.25,140.61
2023-01-01 21:16:00,1556.45,ac,0,4.1,1098.4,4.43,263.0,186.52
2023-01-01 21:17:00,1622.41,ac,0,6.24,1229.94,6.89,245.75,133.59
2023-01-01 21:18:00,1484.8,ac,0,5.52,1093.7,4.33,205.57,175.69
2023-01-01 21:19:00,1507.59,ac,0,3.06,1139.73,7.4,179.8,177.6
2023-01-01 21:20:00,1533.87,ac,0,7.59,1229.86,3.31,168.64,124.48
2023-01-01 21:21:00,1410.1,ac,0,3.58,1101.28,5.37,160.92,138.96
2023-01-01 21:22:00,1331.23,ac,0,6.67,987.53,4.49,182.02,150.53
2023-01-01 21:23:00,1505.54,ac,0,4.81,1095.71,7.39,230.87,166.77
2023-01-01 21:24:00,1695.9,ac,0,3.13,1320.14,6.51,194.09,172.03
2023-01-01 21:25:00,1432.22,ac,0,7.75,1074.94,5.76,188.7,155.06
2023-01-01 21:26:00,1379.77,ac,0,8.17,1102.69,8.4,115.82,144.69
2023-01-01 21:27:00,1817.06,ac,0,5.09,1395.21,6.46,272.26,138.04
2023-01-01 21:28:00,1616.02,ac,0,7.97,1269.64,4.37,200.21,133.82
2023-01-01 21:29:00,1511.78,ac,0,2.83,1199.98,7.6,173.29,128.08
2023-01-01 21:30:00,1547.69,ac,0,7.69,1166.79,5.4,210.72,157.1
2023-01-01 21:31:00,1390.14,ac,0,1.86,1070.94,3.93,177.34,136.07
2023-01-01 21:32:00,1734.41,ac,0,5.31,1411.99,4.84,200.46,111.81
2023-01-01 21:33:00,1482.2,ac,0,7.43,1153.23,8.14,157.56,155.84
2023-01-01 21:34:00,1497.79,ac,0,7.17,1134.27,2.97,204.62,148.76
2023-01-01 21:35:00,1548.29,ac,0,2.91,1188.37,9.63,188.01,159.36
2023-01-01 21:36:00,1484.55,ac,1,5.34,1155.65,22.31,165.5,135.75
2023-01-01 21:37:00,1477.59,ac,0,5.11,1148.99,2.45,172.23,148.8
2023-01-01 21:38:00,1712.48,ac,0,4.24,1366.25,5.6,200.52,135.87
2023-01-01 21:39:00,1624.49,ac,0,5.64,1266.53,3.84,219.97,128.5
2023-01-01 21:40:00,1405.85,ac,0,4.46,1084.95,3.81,135.28,177.36
2023-01-01 21:41:00,1621.37,ac,0,3.15,1286.38,3.18,165.16,163.5
2023-01-01 21:42:00,1345.33,ac,0,4.68,992.7,3.86,198.84,145.24
2023-01-01 21:43:00,1646.63,ac,0,6.7,1268.49,7.27,202.07,162.09
2023-01-01 21:44:00,1697.68,ac,0,7.43,1326.5,3.16,221.0,139.59
2023-01-01 21:45:00,1643.29,ac,0,4.93,1308.83,5.86,191.82,131.84
2023-01-01 21:46:00,1546.15,ac,0,5.13,1240.74,6.5,158.74,135.05
2023-01-01 21:47:00,1736.17,ac,0,4.57,1369.11,4.14,194.62,163.73
2023-01-01 21:48:00,1444.47,ac,0,4.19,1068.11,4.37,224.38,143.41
2023-01-01 21:49:00,1356.92,ac,0,5.28,1025.51,2.47,156.6,167.06
2023-01-01 21:50:00,1722.45,ac,0,6.52,1398.32,4.63,149.72,163.26
2023-01-01 21:51:00,1754.27,ac,0,3.85,1392.38,4.25,198.3,155.49
2023-01-01 21:52:00,1688.31,ac,0,4.07,1341.21,3.94,174.32,164.77
2023-01-01 21:53:00,1482.07,ac,0,1.82,1198.46,4.29,139.9,137.59
2023-01-01 21:54:00,1842.13,ac,0,5.05,1459.84,1.72,212.47,163.05
2023-01-01 21:55:00,1659.81,ac,0,1.33,1303.65,3.83,178.1,172.9
2023-01-01 21:56:00,1461.52,ac,0,3.04,1111.53,4.94,187.1,154.91
2023-01-01 21:57:00,1471.65,ac,0,6.36,1077.72,3.71,200.63,183.23
2023-01-01 21:58:00,1607.46,ac,0,5.33,1201.5,5.62,227.25,167.75
2023-01-01 21:59:00,1811.49,ac,0,5.87,1450.35,6.56,180.16,168.56
2023-01-01 22:00:00,358.77,tv,0,4.45,6.71,3.61,197.69,146.3
2023-01-01 22:01:00,302.62,tv,0,3.85,2.64,2.25,169.85,124.04
2023-01-01 22:02:00,400.86,tv,0,4.47,6.03,3.64,240.54,146.17
2023-01-01 22:03:00,359.31,tv,0,7.79,4.47,5.44,211.87,129.74
2023-01-01 22:04:00,349.71,fridge,0,4.3,8.42,8.34,158.68,169.97
2023-01-01 22:05:00,409.23,tv,0,6.28,5.82,5.07,218.73,173.33
2023-01-01 22:06:00,405.02,tv,0,6.7,3.96,4.9,233.94,155.52
2023-01-01 22:07:00,337.44,tv,0,7.42,4.95,6.92,195.11,123.05
2023-01-01 22:08:00,405.15,tv,0,7.27,4.78,3.61,205.08,184.4
2023-01-01 22:09:00,327.91,fridge,0,9.55,3.07,3.51,154.07,157.71
2023-01-01 22:10:00,386.78,tv,0,5.2,4.73,4.97,232.17,139.7
2023-01-01 22:11:00,285.99,fridge,0,3.09,5.12,7.57,123.37,146.85
2023-01-01 22:12:00,341.45,tv,0,3.4,3.36,4.74,174.02,155.93
2023-01-01 22:13:00,378.44,tv,0,6.81,6.1,5.54,211.79,148.19
2023-01-01 22:14:00,405.28,tv,0,5.46,5.05,4.07,244.83,145.87
2023-01-01 22:15:00,362.11,tv,0,4.76,2.8,1.72,215.07,137.76
2023-01-01 22:16:00,439.56,tv,0,6.33,3.52,6.24,244.7,178.77
2023-01-01 22:17:00,290.31,fridge,0,7.78,4.85,2.16,130.12,145.41
2023-01-01 22:18:00,330.6,tv,0,5.26,5.9,6.2,177.92,135.33
2023-01-01 22:19:00,351.05,tv,0,1.84,9.36,9.31,170.53,160.02
2023-01-01 22:20:00,359.46,tv,0,4.29,4.53,6.89,200.75,143.0
2023-01-01 22:21:00,330.55,tv,0,4.32,2.8,6.42,176.85,140.16
2023-01-01 22:22:00,402.62,tv,0,1.64,5.91,6.71,230.5,157.86
2023-01-01 22:23:00,374.6,tv,0,4.28,6.06,1.97,227.22,135.07
2023-01-01 22:24:00,429.44,tv,0,7.02,4.0,5.14,263.31,149.97
2023-01-01 22:25:00,439.07,tv,0,4.66,4.98,3.27,279.75,146.42
2023-01-01 22:26:00,387.73,tv,0,4.42,3.43,4.37,224.41,151.09
2023-01-01 22:27:00,451.49,tv,0,6.83,2.33,3.26,279.64,159.44
2023-01-01 22:28:00,252.35,fridge,0,3.89,4.45,4.47,108.38,131.16
2023-01-01 22:29:00,328.79,tv,0,3.71,4.73,2.62,165.25,152.47
2023-01-01 22:30:00,350.77,fridge,0,3.68,8.36,8.29,153.14,177.3
2023-01-01 22:31:00,468.76,tv,0,4.32,6.8,2.93,287.55,167.17
2023-01-01 22:32:00,339.03,tv,0,4.84,4.02,9.99,177.95,142.24
2023-01-01 22:33:00,394.95,tv,0,5.78,5.05,3.6,219.89,160.63
2023-01-01 22:34:00,373.93,tv,0,4.26,7.83,9.15,232.33,120.35
2023-01-01 22:35:00,370.13,tv,0,6.33,3.03,6.41,214.03,140.34
2023-01-01 22:36:00,325.54,tv,0,4.98,3.49,5.47,186.96,124.65
2023-01-01 22:37:00,438.94,tv,0,6.09,7.62,4.55,263.5,157.18
2023-01-01 22:38:00,385.21,tv,0,4.28,4.44,4.89,223.7,147.9
2023-01-01 22:39:00,357.04,tv,0,5.49,3.19,4.29,220.85,123.22
2023-01-01 22:40:00,325.65,tv,0,2.9,3.16,7.24,186.38,125.98
2023-01-01 22:41:00,249.68,fridge,0,6.05,4.48,3.71,96.48,138.96
2023-01-01 22:42:00,345.51,tv,0,7.2,6.51,4.81,209.69,117.31
2023-01-01 22:43:00,377.56,tv,0,2.89,2.35,3.26,208.68,160.38
2023-01-01 22:44:00,359.49,tv,0,7.09,7.68,3.34,181.57,159.81
2023-01-01 22:45:00,419.7,tv,0,1.7,5.39,5.6,237.96,169.05
2023-01-01 22:46:00,354.65,tv,0,4.67,3.81,2.11,202.37,141.68
2023-01-01 22:47:00,415.34,tv,0,7.78,4.41,1.93,236.35,164.88
2023-01-01 22:48:00,414.31,tv,0,2.44,5.15,6.73,225.56,174.44
2023-01-01 22:49:00,378.01,tv,0,4.34,5.03,6.79,232.5,129.36
2023-01-01 22:50:00,438.1,tv,0,4.05,4.85,4.48,270.24,154.49
2023-01-01 22:51:00,346.88,tv,0,2.82,4.8,4.42,182.08,152.77
2023-01-01 22:52:00,318.94,fridge,0,5.13,5.18,4.57,150.54,153.51
2023-01-01 22:53:00,446.91,tv,1,6.66,6.45,19.11,268.25,146.44
2023-01-01 22:54:00,400.62,tv,0,7.16,4.57,5.61,225.54,157.74
2023-01-01 22:55:00,399.6,tv,0,6.24,1.84,1.97,241.26,148.29
2023-01-01 22:56:00,255.7,fridge,0,6.75,4.1,0.39,101.36,143.09
2023-01-01 22:57:00,325.09,tv,0,6.49,5.54,1.62,171.82,139.61
2023-01-01 22:58:00,352.71,fridge,0,6.7,1.84,4.21,161.21,178.75
2023-01-01 22:59:00,375.88,tv,0,3.46,3.31,5.25,200.15,163.71
2023-01-01 23:00:00,158.93,fridge,1,18.13,4.27,6.69,4.39,125.46
2023-01-01 23:01:00,159.23,fridge,0,5.5,4.94,6.5,7.55,134.74
2023-01-01 23:02:00,169.85,fridge,0,2.99,3.58,5.59,6.37,151.33
2023-01-01 23:03:00,136.49,fridge,0,7.67,4.48,5.07,5.14,114.14
2023-01-01 23:04:00,166.02,fridge,0,3.68,3.56,5.05,1.37,152.36
2023-01-01 23:05:00,143.22,fridge,0,6.23,3.6,3.79,0.81,128.78
2023-01-01 23:06:00,149.6,fridge,0,2.99,6.09,3.02,4.53,132.98
2023-01-01 23:07:00,164.75,fridge,0,5.67,4.83,9.27,6.25,138.73
2023-01-01 23:08:00,149.67,fridge,0,9.35,6.22,5.43,4.17,124.5
2023-01-01 23:09:00,156.29,fridge,0,4.23,6.0,4.26,2.89,138.92
2023-01-01 23:10:00,157.04,fridge,0,6.07,4.4,5.26,1.86,139.45
2023-01-01 23:11:00,133.61,fridge,0,2.07,5.97,3.79,4.83,116.95
2023-01-01 23:12:00,159.02,fridge,0,1.59,7.0,4.43,4.23,141.76
2023-01-01 23:13:00,156.97,fridge,0,3.53,3.38,4.96,5.49,139.62
2023-01-01 23:14:00,187.91,fridge,0,2.68,3.81,6.79,3.61,171.02
2023-01-01 23:15:00,134.15,fridge,0,6.24,5.14,1.8,5.67,115.3
2023-01-01 23:16:00,156.4,fridge,0,1.04,5.38,5.29,5.66,139.03
2023-01-01 23:17:00,164.8,fridge,0,5.62,3.38,3.71,5.89,146.2
2023-01-01 23:18:00,200.08,fridge,0,2.56,2.73,3.52,5.54,185.72
2023-01-01 23:19:00,188.84,fridge,0,2.49,1.35,8.61,1.98,174.41
2023-01-01 23:20:00,168.89,fridge,0,1.46,8.05,5.83,5.72,147.84
2023-01-01 23:21:00,193.97,fridge,0,5.68,4.95,6.01,3.42,173.92
2023-01-01 23:22:00,154.55,fridge,0,5.71,6.12,2.43,5.67,134.62
2023-01-01 23:23:00,193.82,fridge,0,3.74,6.23,1.82,1.26,180.77
2023-01-01 23:24:00,132.68,fridge,0,3.93,1.34,6.48,7.22,113.71
2023-01-01 23:25:00,175.59,fridge,0,2.83,3.44,5.16,7.01,157.15
2023-01-01 23:26:00,162.76,fridge,0,6.29,8.0,6.64,5.01,136.82
2023-01-01 23:27:00,160.02,fridge,0,3.01,8.46,5.05,4.36,139.14
2023-01-01 23:28:00,190.34,fridge,0,3.94,2.86,4.8,5.47,173.26
2023-01-01 23:29:00,162.58,fridge,0,4.64,3.76,4.28,6.21,143.68
2023-01-01 23:30:00,172.9,fridge,0,0.68,4.45,7.4,6.2,154.17
2023-01-01 23:31:00,163.02,fridge,0,5.3,4.35,6.27,3.4,143.7
2023-01-01 23:32:00,178.05,fridge,0,8.35,1.6,7.41,5.9,154.77
2023-01-01 23:33:00,173.21,fridge,0,3.23,4.94,6.16,3.32,155.57
2023-01-01 23:34:00,141.89,fridge,0,6.09,3.67,5.57,4.12,122.44
2023-01-01 23:35:00,167.65,fridge,0,3.13,1.96,1.76,4.13,156.66
2023-01-01 23:36:00,152.44,fridge,0,3.74,3.46,5.47,6.79,132.99
2023-01-01 23:37:00,117.05,fridge,0,7.77,5.86,4.91,3.44,95.05
2023-01-01 23:38:00,117.58,fridge,0,5.9,6.04,5.53,4.92,95.19
2023-01-01 23:39:00,191.78,fridge,0,0.93,5.88,9.72,2.65,172.61
2023-01-01 23:40:00,189.37,fridge,0,2.21,6.06,2.97,3.97,174.17
2023-01-01 23:41:00,196.17,fridge,0,2.02,6.28,5.17,2.99,179.7
2023-01-01 23:42:00,155.44,fridge,0,8.97,3.98,3.75,6.61,132.13
2023-01-01 23:43:00,179.36,fridge,0,2.82,3.45,5.6,7.14,160.35
2023-01-01 23:44:00,165.82,fridge,0,1.28,4.23,4.1,7.77,148.44
2023-01-01 23:45:00,171.88,fridge,0,6.47,1.24,1.31,5.43,157.43
2023-01-01 23:46:00,133.47,fridge,0,2.21,5.74,5.52,3.29,116.71
2023-01-01 23:47:00,167.62,fridge,0,4.15,4.78,4.64,4.73,149.33
2023-01-01 23:48:00,178.44,fridge,0,1.59,9.19,3.13,7.18,157.35
2023-01-01 23:49:00,177.24,fridge,0,0.15,8.61,4.37,4.35,159.76
2023-01-01 23:50:00,177.88,fridge,0,3.87,3.06,5.86,6.53,158.56
2023-01-01 23:51:00,207.13,fridge,0,4.15,5.02,7.35,4.05,186.55
2023-01-01 23:52:00,156.6,fridge,0,7.59,2.31,2.04,3.57,141.09
2023-01-01 23:53:00,181.71,fridge,0,4.06,6.15,4.99,2.18,164.34
2023-01-01 23:54:00,166.14,fridge,0,5.93,3.13,4.71,4.53,147.83
2023-01-01 23:55:00,189.69,fridge,0,2.78,3.89,5.72,6.8,170.5
2023-01-01 23:56:00,169.6,fridge,0,5.69,7.06,2.97,3.44,150.43
2023-01-01 23:57:00,149.17,fridge,0,2.27,5.41,3.49,5.27,132.73
2023-01-01 23:58:00,145.68,fridge,0,8.15,7.19,5.5,0.2,124.65
2023-01-01 23:59:00,164.71,fridge,0,6.62,2.34,2.85,4.49,148.41
2023-01-02 00:00:00,166.48,fridge,0,8.7,8.78,8.55,4.13,136.32
2023-01-02 00:01:00,176.99,fridge,0,7.94,4.35,5.32,1.37,158.01
2023-01-02 00:02:00,178.39,fridge,0,3.94,3.31,4.4,3.24,163.5
2023-01-02 00:03:00,152.89,fridge,0,3.24,7.07,0.74,2.7,139.14
2023-01-02 00:04:00,165.21,fridge,0,6.49,3.58,6.19,9.24,139.71
2023-01-02 00:05:00,188.74,fridge,0,7.68,5.05,3.31,6.52,166.18
2023-01-02 00:06:00,189.23,fridge,0,3.0,4.23,6.11,4.07,171.83
2023-01-02 00:07:00,200.16,fridge,0,11.45,5.57,4.25,4.84,174.05
2023-01-02 00:08:00,177.39,fridge,0,3.86,3.69,4.55,4.06,161.23
2023-01-02 00:09:00,188.7,fridge,0,6.2,3.72,5.36,6.02,167.4
2023-01-02 00:10:00,147.5,fridge,0,4.58,5.12,3.6,5.17,129.03
2023-01-02 00:11:00,167.9,fridge,0,6.3,4.88,2.89,4.7,149.14
2023-01-02 00:12:00,136.22,fridge,0,8.04,7.58,5.33,5.59,109.68
2023-01-02 00:13:00,154.86,fridge,0,4.56,6.68,2.23,3.04,138.35
2023-01-02 00:14:00,157.55,fridge,0,5.04,2.58,4.35,3.51,142.07
2023-01-02 00:15:00,191.38,fridge,0,5.35,7.39,5.13,4.74,168.77
2023-01-02 00:16:00,139.35,fridge,0,3.45,2.73,6.13,7.33,119.71
2023-01-02 00:17:00,141.61,fridge,0,6.47,6.61,3.57,1.31,123.65
2023-01-02 00:18:00,137.3,fridge,0,4.36,1.04,0.84,6.07,125.0
2023-01-02 00:19:00,153.53,fridge,0,8.87,3.67,1.24,4.18,135.56
2023-01-02 00:20:00,187.55,fridge,0,9.14,6.33,7.75,7.18,157.15
2023-01-02 00:21:00,162.71,fridge,0,2.74,6.54,5.49,5.02,142.93
2023-01-02 00:22:00,185.0,fridge,0,5.62,4.54,4.68,2.27,167.89
2023-01-02 00:23:00,176.73,fridge,0,5.13,5.8,8.05,6.07,151.69
2023-01-02 00:24:00,140.55,fridge,0,1.29,6.73,5.46,10.25,116.82
2023-01-02 00:25:00,151.51,fridge,0,4.33,3.02,4.27,6.35,133.54
2023-01-02 00:26:00,173.82,fridge,0,4.54,6.17,3.91,5.42,153.78
2023-01-02 00:27:00,198.74,fridge,0,2.27,7.36,4.76,6.89,177.46
2023-01-02 00:28:00,157.51,fridge,0,5.21,1.41,4.28,5.46,141.14
2023-01-02 00:29:00,179.39,fridge,0,6.49,3.12,4.22,4.64,160.91
2023-01-02 00:30:00,189.0,fridge,1,2.3,3.38,2.47,12.47,168.38
2023-01-02 00:31:00,182.14,fridge,0,6.64,2.77,4.57,6.49,161.67
2023-01-02 00:32:00,185.35,fridge,0,5.53,4.26,3.63,8.57,163.36
2023-01-02 00:33:00,185.03,fridge,0,4.88,3.42,6.1,4.53,166.09
2023-01-02 00:34:00,172.97,fridge,0,7.04,2.54,3.94,7.38,152.07
2023-01-02 00:35:00,173.52,fridge,0,0.12,4.36,6.16,7.14,155.74
2023-01-02 00:36:00,164.3,fridge,0,6.39,5.77,3.79,8.7,139.64
2023-01-02 00:37:00,131.56,fridge,0,3.58,3.72,7.65,9.09,107.51
2023-01-02 00:38:00,139.94,fridge,0,4.25,6.7,4.62,3.35,121.02
2023-01-02 00:39:00,161.81,fridge,0,4.73,6.8,1.92,5.08,143.29
2023-01-02 00:40:00,191.17,fridge,0,6.83,6.3,8.96,6.55,162.54
2023-01-02 00:41:00,145.88,fridge,0,6.06,6.35,1.21,4.61,127.66
2023-01-02 00:42:00,199.37,fridge,0,4.39,5.52,8.01,3.46,177.98
2023-01-02 00:43:00,172.47,fridge,0,1.66,1.49,7.52,9.26,152.54
2023-01-02 00:44:00,157.27,fridge,0,2.77,3.96,5.72,2.28,142.52
2023-01-02 00:45:00,105.94,fridge,0,4.52,5.55,7.81,4.05,84.01
2023-01-02 00:46:00,446.46,fridge,1,4.46,5.54,2.84,6.65,426.98
2023-01-02 00:47:00,155.79,fridge,0,7.97,2.2,4.3,3.16,138.17
2023-01-02 00:48:00,172.06,fridge,0,6.85,2.37,2.29,5.42,155.14
2023-01-02 00:49:00,185.41,fridge,0,4.2,3.8,7.62,7.12,162.66
2023-01-02 00:50:00,202.38,fridge,1,14.69,6.68,6.46,5.18,169.36
2023-01-02 00:51:00,187.31,fridge,0,7.5,5.15,2.09,6.22,166.35
2023-01-02 00:52:00,158.92,fridge,0,7.35,1.85,5.78,6.29,137.64
2023-01-02 00:53:00,181.99,fridge,0,2.84,10.11,5.27,7.24,156.53
2023-01-02 00:54:00,143.29,fridge,0,6.68,7.15,2.82,2.9,123.74
2023-01-02 00:55:00,187.29,fridge,0,6.08,5.05,3.41,6.29,166.46
2023-01-02 00:56:00,155.88,fridge,0,10.22,3.63,7.19,4.65,130.19
2023-01-02 00:57:00,185.14,fridge,0,1.71,9.04,6.85,6.95,160.6
2023-01-02 00:58:00,186.8,fridge,0,5.74,5.75,5.02,6.06,164.22
2023-01-02 00:59:00,143.78,fridge,0,6.49,5.62,4.92,3.5,123.26
2023-01-02 01:00:00,185.97,fridge,0,3.25,3.82,7.76,7.95,163.18
2023-01-02 01:01:00,177.38,fridge,0,5.05,5.6,2.53,5.2,159.01
2023-01-02 01:02:00,195.37,fridge,0,5.59,7.71,4.35,6.07,171.65
2023-01-02 01:03:00,189.61,fridge,0,6.11,10.32,5.3,5.53,162.35
2023-01-02 01:04:00,186.92,fridge,0,7.83,5.32,6.12,5.21,162.44
2023-01-02 01:05:00,186.39,fridge,0,5.16,3.72,5.7,2.85,168.97
2023-01-02 01:06:00,217.72,fridge,0,3.27,7.13,8.37,5.21,193.73
2023-01-02 01:07:00,175.1,fridge,0,5.15,5.62,4.14,3.41,156.77
2023-01-02 01:08:00,154.8,fridge,0,4.18,7.96,2.57,2.95,137.14
2023-01-02 01:09:00,189.26,fridge,0,6.95,3.37,4.56,4.82,169.55
2023-01-02 01:10:00,191.06,fridge,0,4.86,4.09,6.89,8.52,166.7
2023-01-02 01:11:00,189.25,fridge,0,7.66,5.51,4.05,3.11,168.93
2023-01-02 01:12:00,186.15,fridge,0,2.67,4.51,4.32,4.4,170.26
2023-01-02 01:13:00,172.91,fridge,0,3.07,5.17,6.97,7.67,150.04
2023-01-02 01:14:00,157.67,fridge,0,4.26,3.84,0.0,6.72,142.85
2023-01-02 01:15:00,150.32,fridge,0,6.43,6.6,2.7,3.91,130.67
2023-01-02 01:16:00,199.46,fridge,0,4.58,4.43,6.03,7.97,176.45
2023-01-02 01:17:00,202.14,fridge,0,1.88,8.13,5.99,4.44,181.7
2023-01-02 01:18:00,143.39,fridge,0,7.13,3.21,9.55,7.08,116.43
2023-01-02 01:19:00,215.29,fridge,0,4.18,4.0,2.7,6.76,197.64
2023-01-02 01:20:00,185.72,fridge,0,4.05,1.3,4.46,5.42,170.49
2023-01-02 01:21:00,146.03,fridge,0,3.38,4.7,2.46,6.42,129.08
2023-01-02 01:22:00,182.52,fridge,0,2.6,7.78,6.64,6.11,159.39
2023-01-02 01:23:00,172.64,fridge,0,5.2,4.51,4.83,1.4,156.7
2023-01-02 01:24:00,154.72,fridge,0,8.24,5.14,2.54,7.23,131.56
2023-01-02 01:25:00,170.57,fridge,0,4.61,4.0,1.68,6.08,154.2
2023-01-02 01:26:00,166.41,fridge,0,3.03,5.07,7.22,3.21,147.88
2023-01-02 01:27:00,164.98,fridge,0,8.81,7.05,2.58,4.28,142.26
2023-01-02 01:28:00,141.45,fridge,0,8.71,3.04,2.52,7.23,119.94
2023-01-02 01:29:00,169.44,fridge,0,2.65,3.89,5.02,4.59,153.29
2023-01-02 01:30:00,165.88,fridge,1,4.92,3.14,4.78,18.37,134.66
2023-01-02 01:31:00,194.07,fridge,0,5.35,1.42,6.25,3.24,177.8
2023-01-02 01:32:00,193.22,fridge,0,4.13,4.22,4.52,4.24,176.1
2023-01-02 01:33:00,157.63,fridge,0,6.25,4.34,5.21,5.68,136.15
2023-01-02 01:34:00,193.34,fridge,0,7.33,7.24,4.2,3.81,170.77
2023-01-02 01:35:00,161.09,fridge,0,6.96,5.79,6.01,4.27,138.06
2023-01-02 01:36:00,183.83,fridge,0,7.08,7.03,4.41,5.67,159.64
2023-01-02 01:37:00,172.66,fridge,0,5.34,6.33,4.16,5.04,151.79
2023-01-02 01:38:00,181.87,fridge,0,8.37,4.53,7.93,6.4,154.64
2023-01-02 01:39:00,195.57,fridge,0,5.79,8.36,8.53,4.9,167.99
2023-01-02 01:40:00,173.42,fridge,0,2.52,5.29,4.15,8.36,153.1
2023-01-02 01:41:00,155.89,fridge,0,5.77,5.47,1.32,7.48,135.85
2023-01-02 01:42:00,195.82,fridge,0,7.2,5.79,5.94,2.48,174.42
2023-01-02 01:43:00,158.95,fridge,0,4.57,5.97,6.51,3.06,138.84
2023-01-02 01:44:00,153.52,fridge,0,7.0,1.31,5.85,0.79,138.57
2023-01-02 01:45:00,174.97,fridge,0,3.38,2.23,3.27,2.39,163.69
2023-01-02 01:46:00,166.01,fridge,0,8.18,2.74,4.42,5.92,144.75
2023-01-02 01:47:00,183.68,fridge,0,7.73,2.43,4.21,6.13,163.19
2023-01-02 01:48:00,164.58,fridge,0,2.31,2.76,6.11,3.47,149.93
2023-01-02 01:49:00,187.53,fridge,0,7.51,2.82,5.37,6.99,164.83
2023-01-02 01:50:00,191.26,fridge,0,7.34,4.85,3.57,8.13,167.37
2023-01-02 01:51:00,199.24,fridge,0,6.8,7.95,2.91,5.63,175.96
2023-01-02 01:52:00,168.68,fridge,0,6.01,5.21,3.45,6.77,147.25
2023-01-02 01:53:00,138.06,fridge,0,4.12,0.89,3.14,3.43,126.48
2023-01-02 01:54:00,162.45,fridge,0,1.51,5.52,9.45,6.78,139.18
2023-01-02 01:55:00,183.04,fridge,0,5.99,4.61,2.86,5.01,164.57
2023-01-02 01:56:00,163.73,fridge,0,3.65,5.45,4.14,4.84,145.66
2023-01-02 01:57:00,168.7,fridge,0,2.82,1.92,6.19,3.97,153.81
2023-01-02 01:58:00,184.96,fridge,0,2.28,1.46,5.47,5.62,170.13
2023-01-02 01:59:00,148.17,fridge,0,2.99,3.25,4.97,0.47,136.49
2023-01-02 02:00:00,175.84,fridge,0,3.29,9.22,5.76,4.47,153.11
2023-01-02 02:01:00,145.38,fridge,0,6.53,5.73,5.28,4.62,123.23
2023-01-02 02:02:00,186.85,fridge,0,6.61,4.04,6.53,3.21,166.47
2023-01-02 02:03:00,202.82,fridge,0,3.99,3.25,4.88,4.47,186.23
2023-01-02 02:04:00,153.64,fridge,0,6.14,5.63,6.72,5.34,129.81
2023-01-02 02:05:00,180.49,fridge,0,3.64,4.15,3.72,5.21,163.77
2023-01-02 02:06:00,178.24,fridge,0,4.46,3.59,6.4,5.94,157.85
2023-01-02 02:07:00,172.3,fridge,0,4.04,9.02,5.5,5.54,148.2
2023-01-02 02:08:00,191.73,fridge,0,3.41,5.66,5.77,3.72,173.17
2023-01-02 02:09:00,189.49,fridge,0,4.78,8.8,5.5,8.65,161.76
2023-01-02 02:10:00,167.34,fridge,0,4.42,4.38,2.94,1.22,154.37
2023-01-02 02:11:00,149.63,fridge,0,6.85,0.41,5.53,2.98,133.87
2023-01-02 02:12:00,177.53,fridge,0,5.2,7.65,4.33,4.97,155.38
2023-01-02 02:13:00,196.33,fridge,0,3.84,5.29,6.48,8.42,172.3
2023-01-02 02:14:00,192.77,fridge,0,5.34,4.48,6.86,2.33,173.75
2023-01-02 02:15:00,155.83,fridge,0,6.72,6.01,9.61,1.43,132.06
2023-01-02 02:16:00,201.72,fridge,0,5.11,3.88,4.98,2.49,185.26
2023-01-02 02:17:00,150.15,fridge,0,3.67,3.05,7.91,6.31,129.2
2023-01-02 02:18:00,155.16,fridge,0,3.74,1.73,2.98,3.48,143.23
2023-01-02 02:19:00,175.12,fridge,0,0.38,3.14,4.92,5.35,161.33
2023-01-02 02:20:00,183.33,fridge,0,5.34,2.16,5.62,2.13,168.07
2023-01-02 02:21:00,167.1,fridge,0,8.08,3.3,7.56,2.62,145.55
2023-01-02 02:22:00,172.82,fridge,0,4.29,6.39,2.0,2.89,157.26
2023-01-02 02:23:00,158.39,fridge,0,8.77,5.27,7.51,7.13,129.71
2023-01-02 02:24:00,134.21,fridge,0,5.43,5.65,4.85,7.13,111.15
2023-01-02 02:25:00,181.64,fridge,0,7.41,6.4,5.76,8.3,153.77
2023-01-02 02:26:00,125.47,fridge,0,6.2,7.29,4.95,5.05,101.98
2023-01-02 02:27:00,192.26,fridge,0,2.03,6.4,3.03,4.23,176.57
2023-01-02 02:28:00,167.29,fridge,0,6.43,5.07,4.7,2.48,148.6
2023-01-02 02:29:00,124.91,fridge,0,5.55,6.78,2.28,5.12,105.17
2023-01-02 02:30:00,188.66,fridge,1,8.97,6.66,8.24,5.2,159.6
2023-01-02 02:31:00,156.96,fridge,0,1.97,6.76,3.94,5.81,138.49
2023-01-02 02:32:00,171.34,fridge,0,4.82,1.18,3.26,7.16,154.92
2023-01-02 02:33:00,151.01,fridge,0,4.55,5.3,2.62,4.19,134.35
2023-01-02 02:34:00,178.2,fridge,0,3.56,8.16,6.93,5.63,153.91
2023-01-02 02:35:00,172.3,fridge,0,9.05,2.52,4.06,4.76,151.9
2023-01-02 02:36:00,178.33,fridge,0,3.51,4.84,8.09,6.68,155.21
2023-01-02 02:37:00,204.01,fridge,0,8.9,1.63,3.59,9.44,180.46
2023-01-02 02:38:00,145.24,fridge,0,3.47,2.75,4.81,2.28,131.92
2023-01-02 02:39:00,142.02,fridge,0,4.5,1.62,5.99,3.78,126.12
2023-01-02 02:40:00,158.13,fridge,0,4.54,4.61,2.98,6.83,139.16
2023-01-02 02:41:00,183.18,fridge,0,6.3,5.09,2.05,1.99,167.75
2023-01-02 02:42:00,165.58,fridge,0,6.18,3.27,5.34,4.89,145.89
2023-01-02 02:43:00,196.07,fridge,0,6.88,5.4,7.91,7.39,168.49
2023-01-02 02:44:00,168.49,fridge,0,9.01,8.7,4.19,4.84,141.75
2023-01-02 02:45:00,155.73,fridge,0,4.77,3.31,6.01,1.08,140.55
2023-01-02 02:46:00,171.75,fridge,0,3.84,5.58,4.58,4.85,152.9
2023-01-02 02:47:00,165.08,fridge,0,4.32,2.51,1.15,0.92,156.18
2023-01-02 02:48:00,188.43,fridge,0,5.68,5.71,6.49,6.31,164.23
2023-01-02 02:49:00,176.06,fridge,0,4.21,4.14,2.53,5.14,160.03
2023-01-02 02:50:00,173.63,fridge,0,3.44,5.84,3.93,4.41,156.01
2023-01-02 02:51:00,186.47,fridge,0,5.2,8.5,6.58,2.97,163.23
2023-01-02 02:52:00,159.18,fridge,0,5.5,6.1,2.25,3.76,141.57
2023-01-02 02:53:00,194.4,fridge,0,4.77,5.54,6.63,3.13,174.33
2023-01-02 02:54:00,118.51,fridge,0,4.37,5.83,4.53,7.61,96.18
2023-01-02 02:55:00,172.95,fridge,0,5.85,7.2,7.26,4.54,148.1
2023-01-02 02:56:00,188.11,fridge,0,7.81,7.53,6.63,3.89,162.25
2023-01-02 02:57:00,191.6,fridge,0,4.79,7.6,3.55,4.75,170.9
2023-01-02 02:58:00,187.7,fridge,0,4.93,4.93,6.69,7.17,163.97
2023-01-02 02:59:00,173.03,fridge,0,6.2,8.32,5.34,0.2,152.98
2023-01-02 03:00:00,157.31,fridge,0,3.27,2.61,2.32,4.65,144.46
2023-01-02 03:01:00,137.69,fridge,0,5.93,5.64,3.99,4.61,117.52
2023-01-02 03:02:00,180.36,fridge,0,9.85,10.28,5.18,3.32,151.74
2023-01-02 03:03:00,220.42,fridge,0,4.46,2.33,2.78,10.42,200.43
2023-01-02 03:04:00,172.93,fridge,0,0.06,2.73,3.48,5.84,160.82
2023-01-02 03:05:00,195.94,fridge,0,1.24,5.35,5.3,3.35,180.7
2023-01-02 03:06:00,160.27,fridge,0,3.27,2.82,9.47,6.1,138.62
2023-01-02 03:07:00,156.36,fridge,0,7.22,8.1,3.62,2.95,134.48
2023-01-02 03:08:00,156.65,fridge,0,6.07,5.78,0.37,6.28,138.15
2023-01-02 03:09:00,172.84,fridge,0,5.39,8.52,6.19,6.36,146.36
2023-01-02 03:10:00,148.48,fridge,0,3.67,4.91,3.88,6.24,129.78
2023-01-02 03:11:00,168.9,fridge,0,6.87,3.23,6.21,6.77,145.81
2023-01-02 03:12:00,179.35,fridge,0,5.84,6.36,5.7,3.65,157.8
2023-01-02 03:13:00,188.71,fridge,0,8.08,6.21,5.61,2.37,166.43
2023-01-02 03:14:00,127.76,fridge,0,5.55,9.7,3.89,8.63,99.99
2023-01-02 03:15:00,212.25,fridge,0,7.45,2.27,9.11,3.65,189.77
2023-01-02 03:16:00,126.57,fridge,0,4.92,4.94,1.87,5.56,109.29
2023-01-02 03:17:00,157.16,fridge,0,3.68,8.27,6.93,4.39,133.9
2023-01-02 03:18:00,158.12,fridge,0,6.66,4.43,5.39,1.93,139.71
2023-01-02 03:19:00,164.59,fridge,0,5.38,2.52,1.03,6.41,149.26
2023-01-02 03:20:00,184.86,fridge,0,4.92,7.47,6.98,4.86,160.64
2023-01-02 03:21:00,161.96,fridge,0,1.8,4.36,0.0,4.37,151.43
2023-01-02 03:22:00,179.78,fridge,0,7.11,5.27,5.76,3.23,158.42
2023-01-02 03:23:00,180.62,fridge,0,4.02,9.01,2.86,6.81,157.91
2023-01-02 03:24:00,190.05,fridge,0,4.68,4.31,4.7,5.78,170.58
2023-01-02 03:25:00,181.79,fridge,0,3.77,7.02,3.25,3.81,163.93
2023-01-02 03:26:00,168.2,fridge,0,6.73,5.91,7.01,4.03,144.53
2023-01-02 03:27:00,141.63,fridge,0,5.68,6.0,3.69,6.0,120.26
2023-01-02 03:28:00,200.46,fridge,0,4.23,2.41,7.01,4.63,182.17
2023-01-02 03:29:00,177.99,fridge,0,5.33,2.73,6.84,5.54,157.55
2023-01-02 03:30:00,180.53,fridge,0,7.82,6.25,4.93,4.25,157.28
2023-01-02 03:31:00,155.09,fridge,0,5.82,7.89,5.76,5.54,130.09
2023-01-02 03:32:00,193.23,fridge,0,6.49,8.39,3.62,0.83,173.9
2023-01-02 03:33:00,163.76,fridge,0,5.43,0.64,2.93,1.05,153.71
2023-01-02 03:34:00,200.33,fridge,0,1.42,6.17,8.42,7.6,176.71
2023-01-02 03:35:00,220.13,fridge,0,2.53,8.0,10.24,7.65,191.72
2023-01-02 03:36:00,158.82,fridge,0,3.67,6.74,3.79,6.12,138.5
2023-01-02 03:37:00,131.24,fridge,0,7.63,7.53,3.31,7.63,105.13
2023-01-02 03:38:00,159.32,fridge,0,4.73,5.09,3.48,7.23,138.79
2023-01-02 03:39:00,113.0,fridge,0,4.31,2.39,4.41,5.94,95.96
2023-01-02 03:40:00,173.29,fridge,0,4.22,5.97,2.79,8.5,151.81
2023-01-02 03:41:00,154.29,fridge,0,5.45,2.4,2.32,4.66,139.46
2023-01-02 03:42:00,167.79,fridge,0,4.66,3.18,6.66,2.74,150.55
2023-01-02 03:43:00,141.9,fridge,0,2.01,5.31,3.74,5.61,125.23
2023-01-02 03:44:00,159.59,fridge,0,4.54,4.22,6.5,4.64,139.7
2023-01-02 03:45:00,191.9,fridge,0,6.69,2.44,2.53,2.47,177.78
2023-01-02 03:46:00,170.0,fridge,0,4.92,5.48,4.47,6.98,148.14
2023-01-02 03:47:00,180.44,fridge,0,1.92,3.27,5.4,2.42,167.44
2023-01-02 03:48:00,162.94,fridge,0,5.64,8.45,7.28,3.51,138.05
2023-01-02 03:49:00,179.69,fridge,0,2.64,5.6,3.44,7.11,160.89
2023-01-02 03:50:00,200.02,fridge,0,3.46,4.21,3.57,5.47,183.31
2023-01-02 03:51:00,129.57,fridge,0,6.81,3.78,7.28,5.32,106.38
2023-01-02 03:52:00,187.46,fridge,0,3.64,2.36,5.92,7.69,167.86
2023-01-02 03:53:00,163.26,fridge,0,5.66,1.56,3.93,4.77,147.34
2023-01-02 03:54:00,141.88,fridge,0,2.75,4.66,9.03,0.54,124.89
2023-01-02 03:55:00,173.92,fridge,0,4.64,7.22,7.04,5.02,150.0
2023-01-02 03:56:00,168.14,fridge,0,4.02,3.32,7.19,4.03,149.59
2023-01-02 03:57:00,173.7,fridge,0,5.44,5.05,3.82,6.99,152.39
2023-01-02 03:58:00,185.07,fridge,0,6.37,5.17,3.25,3.03,167.25
2023-01-02 03:59:00,129.68,fridge,0,0.61,2.84,4.89,6.67,114.67
2023-01-02 04:00:00,154.41,fridge,0,0.0,2.47,2.74,4.05,145.15
2023-01-02 04:01:00,200.87,fridge,0,5.08,7.9,4.68,3.69,179.52
2023-01-02 04:02:00,196.46,fridge,0,4.79,5.74,3.27,4.72,177.93
2023-01-02 04:03:00,169.17,fridge,0,7.08,1.39,4.9,8.69,147.1
2023-01-02 04:04:00,146.52,fridge,0,3.79,3.39,6.26,5.28,127.8
2023-01-02 04:05:00,165.91,fridge,0,1.76,6.72,4.09,6.28,147.05
2023-01-02 04:06:00,144.0,fridge,0,4.24,6.07,6.59,2.6,124.49
2023-01-02 04:07:00,124.58,fridge,0,5.83,2.42,1.77,7.4,107.16
2023-01-02 04:08:00,173.95,fridge,0,9.65,1.86,5.34,6.03,151.06
2023-01-02 04:09:00,176.09,fridge,0,9.27,1.11,2.13,9.35,154.24
2023-01-02 04:10:00,177.25,fridge,0,1.85,5.79,1.73,0.26,167.61
2023-01-02 04:11:00,225.07,fridge,0,7.14,8.6,5.37,5.11,198.85
2023-01-02 04:12:00,158.1,fridge,0,5.91,5.11,5.0,4.7,137.38
2023-01-02 04:13:00,155.29,fridge,0,7.78,8.21,3.63,0.92,134.75
2023-01-02 04:14:00,157.61,fridge,0,3.92,5.23,2.72,2.65,143.08
2023-01-02 04:15:00,166.12,fridge,0,4.94,3.49,3.11,5.33,149.25
2023-01-02 04:16:00,180.35,fridge,0,6.81,4.81,4.28,5.09,159.36
2023-01-02 04:17:00,150.95,fridge,0,1.58,3.23,1.32,4.43,140.39
2023-01-02 04:18:00,151.94,fridge,0,7.24,2.29,1.5,5.46,135.45
2023-01-02 04:19:00,208.67,fridge,0,5.63,6.81,8.5,5.08,182.64
2023-01-02 04:20:00,188.44,fridge,0,6.33,3.81,5.65,7.43,165.22
2023-01-02 04:21:00,147.18,fridge,0,7.08,6.34,3.18,2.33,128.25
2023-01-02 04:22:00,221.19,fridge,0,5.0,3.86,5.48,9.51,197.34
2023-01-02 04:23:00,203.96,fridge,0,9.03,4.59,6.87,6.1,177.37
2023-01-02 04:24:00,168.09,fridge,0,4.59,8.6,2.34,7.42,145.13
2023-01-02 04:25:00,190.86,fridge,0,0.83,7.7,4.27,2.35,175.72
2023-01-02 04:26:00,196.34,fridge,0,5.45,1.99,6.04,2.02,180.84
2023-01-02 04:27:00,175.15,fridge,0,1.69,3.79,7.11,6.71,155.84
2023-01-02 04:28:00,171.51,fridge,0,5.51,4.74,6.29,4.4,150.57
2023-01-02 04:29:00,150.42,fridge,0,4.22,3.39,7.29,5.62,129.9
2023-01-02 04:30:00,171.24,fridge,0,9.36,6.65,5.44,7.8,141.99
2023-01-02 04:31:00,176.18,fridge,0,4.56,2.37,7.57,4.87,156.8
2023-01-02 04:32:00,173.78,fridge,0,5.36,7.04,6.22,5.88,149.28
2023-01-02 04:33:00,142.5,fridge,0,4.66,5.73,6.44,4.6,121.06
2023-01-02 04:34:00,180.59,fridge,0,1.28,5.74,5.18,3.64,164.75
2023-01-02 04:35:00,185.96,fridge,0,6.2,6.69,2.34,3.9,166.83
2023-01-02 04:36:00,135.11,fridge,0,5.98,1.3,6.39,3.46,117.98
2023-01-02 04:37:00,171.03,fridge,0,6.45,5.44,5.19,3.54,150.42
2023-01-02 04:38:00,183.14,fridge,0,8.23,5.1,8.49,10.95,150.37
2023-01-02 04:39:00,166.57,fridge,0,7.56,5.7,4.46,4.38,144.47
2023-01-02 04:40:00,195.27,fridge,0,5.23,7.17,5.43,5.21,172.22
2023-01-02 04:41:00,200.34,fridge,0,3.33,8.47,7.65,3.33,177.57
2023-01-02 04:42:00,177.03,fridge,0,2.1,7.98,5.3,7.29,154.36
2023-01-02 04:43:00,157.89,fridge,0,3.07,5.24,2.97,5.83,140.78
2023-01-02 04:44:00,169.7,fridge,0,4.65,4.86,5.76,5.41,149.02
2023-01-02 04:45:00,203.4,fridge,0,3.68,2.14,5.19,2.62,189.76
2023-01-02 04:46:00,179.74,fridge,0,3.89,6.96,4.36,5.86,158.67
2023-01-02 04:47:00,125.45,fridge,0,11.7,5.31,5.64,1.94,100.87
2023-01-02 04:48:00,169.29,fridge,0,6.37,6.05,2.29,1.54,153.05
2023-01-02 04:49:00,145.57,fridge,0,3.53,5.03,5.85,7.54,123.63
2023-01-02 04:50:00,212.02,fridge,0,3.72,7.76,5.47,4.29,190.76
2023-01-02 04:51:00,150.03,fridge,0,6.55,5.22,0.61,5.82,131.83
2023-01-02 04:52:00,205.53,fridge,0,5.18,6.33,3.64,5.48,184.9
2023-01-02 04:53:00,172.98,fridge,0,2.08,3.25,2.32,1.53,163.79
2023-01-02 04:54:00,172.65,fridge,0,4.8,5.95,4.98,6.58,150.34
2023-01-02 04:55:00,124.46,fridge,0,0.0,0.33,3.39,6.19,114.55
2023-01-02 04:56:00,184.98,fridge,0,7.13,6.02,4.32,6.73,160.78
2023-01-02 04:57:00,134.07,fridge,0,8.49,2.86,4.33,4.49,113.9
2023-01-02 04:58:00,180.45,fridge,0,7.54,6.27,1.72,4.6,160.32
2023-01-02 04:59:00,162.76,fridge,0,6.21,4.98,5.25,2.16,144.16
2023-01-02 05:00:00,1828.32,geyser,0,1653.66,5.95,0.54,4.26,163.91
2023-01-02 05:01:00,1589.32,geyser,0,1394.13,0.92,5.4,6.18,182.69
2023-01-02 05:02:00,1761.14,geyser,0,1587.43,3.64,6.21,3.31,160.55
2023-01-02 05:03:00,2173.33,geyser,1,1511.62,7.95,4.89,3.06,645.81
2023-01-02 05:04:00,1534.75,geyser,0,1361.39,5.8,3.45,4.03,160.08
2023-01-02 05:05:00,1732.72,geyser,0,1588.03,4.23,3.11,2.71,134.63
2023-01-02 05:06:00,1592.52,geyser,0,1443.07,2.95,3.61,4.72,138.16
2023-01-02 05:07:00,1606.33,geyser,0,1420.84,7.98,5.86,5.18,166.47
2023-01-02 05:08:00,1567.29,geyser,0,1420.46,7.06,5.22,4.94,129.61
2023-01-02 05:09:00,1707.55,geyser,0,1508.55,4.83,4.02,2.24,187.91
2023-01-02 05:10:00,1624.95,geyser,0,1479.58,5.17,0.72,0.89,138.59
2023-01-02 05:11:00,1666.08,geyser,0,1507.36,6.78,5.37,4.55,142.01
2023-01-02 05:12:00,1634.71,geyser,0,1461.67,5.79,3.86,3.32,160.07
2023-01-02 05:13:00,1636.54,geyser,0,1480.92,6.14,6.03,4.24,139.22
2023-01-02 05:14:00,1764.76,geyser,0,1608.32,4.51,2.57,4.17,145.19
2023-01-02 05:15:00,1766.79,geyser,0,1604.88,6.12,4.95,4.12,146.72
2023-01-02 05:16:00,1691.63,geyser,0,1523.53,7.87,7.43,2.81,149.98
2023-01-02 05:17:00,1825.44,geyser,0,1622.74,5.01,3.79,5.94,187.96
2023-01-02 05:18:00,1693.27,geyser,0,1517.51,5.16,3.32,2.82,164.46
2023-01-02 05:19:00,1680.99,geyser,0,1503.28,5.6,3.63,6.81,161.68
2023-01-02 05:20:00,1640.94,geyser,0,1470.28,6.3,4.87,7.25,152.24
2023-01-02 05:21:00,1519.07,geyser,0,1368.91,4.87,5.54,5.95,133.79
2023-01-02 05:22:00,1760.59,geyser,0,1615.09,7.76,3.64,7.0,127.1
2023-01-02 05:23:00,1620.46,geyser,0,1470.46,3.56,5.24,5.04,136.15
2023-01-02 05:24:00,1700.06,geyser,0,1534.49,5.5,9.3,5.65,145.12
2023-01-02 05:25:00,1610.32,geyser,0,1423.63,6.2,3.38,8.25,168.85
2023-01-02 05:26:00,1490.71,geyser,0,1342.03,3.65,1.77,3.96,139.31
2023-01-02 05:27:00,1668.9,geyser,0,1509.62,5.71,3.03,5.74,144.81
2023-01-02 05:28:00,1671.45,geyser,0,1488.1,0.53,4.67,4.71,173.45
2023-01-02 05:29:00,1813.28,geyser,0,1634.3,6.76,4.7,6.2,161.31
2023-01-02 05:30:00,1750.39,geyser,0,1611.07,5.17,3.55,4.95,125.65
2023-01-02 05:31:00,1675.78,geyser,0,1520.36,4.15,5.72,9.18,136.37
2023-01-02 05:32:00,1518.87,geyser,0,1357.27,4.65,7.56,3.5,145.89
2023-01-02 05:33:00,1703.19,geyser,0,1529.66,2.99,5.52,6.63,158.4
2023-01-02 05:34:00,1751.79,geyser,0,1614.6,6.0,6.5,1.63,123.06
2023-01-02 05:35:00,1669.9,geyser,0,1477.09,3.37,5.96,5.9,177.57
2023-01-02 05:36:00,1587.6,geyser,0,1395.28,1.29,4.64,0.0,186.39
2023-01-02 05:37:00,1468.53,geyser,0,1321.62,5.46,3.92,4.72,132.8
2023-01-02 05:38:00,1804.64,geyser,0,1652.24,6.28,0.51,2.82,142.79
2023-01-02 05:39:00,1552.41,geyser,0,1380.96,3.01,6.2,8.29,153.95
2023-01-02 05:40:00,1593.26,geyser,0,1445.35,3.09,4.84,5.7,134.29
2023-01-02 05:41:00,1497.75,geyser,0,1325.72,2.67,0.0,7.73,161.63
2023-01-02 05:42:00,1573.67,geyser,0,1407.57,7.27,5.89,4.68,148.26
2023-01-02 05:43:00,1713.0,geyser,0,1560.75,8.07,4.72,7.42,132.04
2023-01-02 05:44:00,1811.42,geyser,0,1655.48,5.89,5.6,2.96,141.49
2023-01-02 05:45:00,1472.85,geyser,0,1322.25,6.11,0.46,5.56,138.48
2023-01-02 05:46:00,1642.61,geyser,0,1493.99,6.03,1.08,5.75,135.76
2023-01-02 05:47:00,1621.42,geyser,0,1463.06,4.11,3.66,9.9,140.69
2023-01-02 05:48:00,1676.36,geyser,0,1480.68,0.42,8.43,2.22,184.61
2023-01-02 05:49:00,1600.52,geyser,0,1416.23,3.89,5.54,6.26,168.59
2023-01-02 05:50:00,1713.68,geyser,0,1543.94,7.01,2.16,7.74,152.83
2023-01-02 05:51:00,1692.3,geyser,0,1513.2,6.41,7.45,6.65,158.6
2023-01-02 05:52:00,1662.54,geyser,0,1479.8,5.03,4.71,5.36,167.63
2023-01-02 05:53:00,1856.12,geyser,0,1656.88,6.45,3.9,7.71,181.18
2023-01-02 05:54:00,1795.88,geyser,0,1620.11,1.74,1.36,3.72,168.95
2023-01-02 05:55:00,1799.79,geyser,0,1674.95,5.04,4.69,4.01,111.1
2023-01-02 05:56:00,1594.21,geyser,0,1434.52,5.23,5.77,2.47,146.22
2023-01-02 05:57:00,1521.24,geyser,0,1355.26,7.28,4.17,2.66,151.87
2023-01-02 05:58:00,1754.41,geyser,0,1584.77,3.3,4.8,5.99,155.55
2023-01-02 05:59:00,1604.22,geyser,0,1433.03,0.0,5.2,5.95,160.04
2023-01-02 06:00:00,1522.52,geyser,0,1393.1,3.09,4.0,8.54,113.79
2023-01-02 06:01:00,1366.12,geyser,0,1217.05,4.66,3.13,7.56,133.71
2023-01-02 06:02:00,1862.69,geyser,0,1671.13,7.15,1.61,6.89,175.91
2023-01-02 06:03:00,1636.43,geyser,0,1470.53,3.82,6.68,7.15,148.25
2023-01-02 06:04:00,1837.51,geyser,0,1679.81,6.3,6.01,5.21,140.19
2023-01-02 06:05:00,1822.38,geyser,0,1659.48,2.5,3.48,3.9,153.01
2023-01-02 06:06:00,1751.71,geyser,0,1583.9,6.23,4.53,2.07,154.98
2023-01-02 06:07:00,1803.78,geyser,0,1658.01,5.11,5.64,1.99,133.03
2023-01-02 06:08:00,1736.6,geyser,0,1556.53,5.25,2.06,3.64,169.13
2023-01-02 06:09:00,1922.0,geyser,0,1736.37,4.91,3.28,6.36,171.07
2023-01-02 06:10:00,1661.95,geyser,0,1490.02,6.13,4.4,2.95,158.46
2023-01-02 06:11:00,1661.01,geyser,0,1482.54,6.07,3.22,4.78,164.4
2023-01-02 06:12:00,1665.86,geyser,0,1526.74,1.08,4.42,5.77,127.87
2023-01-02 06:13:00,1905.55,geyser,0,1727.59,7.78,4.68,5.33,160.17
2023-01-02 06:14:00,1535.82,geyser,0,1376.55,4.24,2.95,6.72,145.36
2023-01-02 06:15:00,1664.68,geyser,0,1478.32,5.56,1.4,5.34,174.06
2023-01-02 06:16:00,1807.38,geyser,0,1660.46,7.87,4.55,6.38,128.12
2023-01-02 06:17:00,1677.08,geyser,0,1575.19,0.43,10.57,4.98,85.91
2023-01-02 06:18:00,1607.28,geyser,0,1454.78,3.99,3.12,6.21,139.17
2023-01-02 06:19:00,1644.48,geyser,0,1467.73,2.87,4.55,3.89,165.44
2023-01-02 06:20:00,1555.96,geyser,0,1414.13,4.56,5.54,5.44,126.29
2023-01-02 06:21:00,1762.23,geyser,0,1602.08,4.86,4.85,7.97,142.46
2023-01-02 06:22:00,1555.93,geyser,0,1396.97,4.32,6.91,3.75,143.98
2023-01-02 06:23:00,1771.94,geyser,0,1585.92,9.61,7.46,3.48,165.48
2023-01-02 06:24:00,1642.48,geyser,0,1455.77,5.35,6.25,7.06,168.06
2023-01-02 06:25:00,1533.98,geyser,0,1383.54,3.94,2.22,6.5,137.78
2023-01-02 06:26:00,1486.58,geyser,0,1293.68,3.9,1.95,5.47,181.57
2023-01-02 06:27:00,1471.2,geyser,0,1333.21,3.55,3.54,6.89,124.01
2023-01-02 06:28:00,1558.56,geyser,0,1375.77,5.95,5.79,8.91,162.14
2023-01-02 06:29:00,1745.92,geyser,0,1557.73,6.44,6.76,1.37,173.62
2023-01-02 06:30:00,1500.23,geyser,0,1343.87,3.34,5.77,2.5,144.76
2023-01-02 06:31:00,1348.02,geyser,0,1195.46,3.92,5.72,6.83,136.08
2023-01-02 06:32:00,1811.62,geyser,0,1640.02,1.76,8.68,4.11,157.05
2023-01-02 06:33:00,1520.87,geyser,0,1384.52,4.63,4.95,3.36,123.41
2023-01-02 06:34:00,1550.21,geyser,0,1365.92,2.37,8.34,4.62,168.97
2023-01-02 06:35:00,1558.59,geyser,0,1403.63,5.25,4.26,2.69,142.75
2023-01-02 06:36:00,1682.79,geyser,0,1493.05,5.19,6.46,5.42,172.66
2023-01-02 06:37:00,1585.7,geyser,0,1380.51,3.96,3.85,5.35,192.01
2023-01-02 06:38:00,1651.09,geyser,0,1476.68,4.74,4.76,4.01,160.9
2023-01-02 06:39:00,1961.48,geyser,0,1780.59,8.19,5.14,0.85,166.72
2023-01-02 06:40:00,1806.72,geyser,0,1672.32,5.92,4.45,3.17,120.87
2023-01-02 06:41:00,1532.26,geyser,0,1363.98,7.26,1.8,4.71,154.51
2023-01-02 06:42:00,1804.33,geyser,0,1646.4,5.95,5.27,4.3,142.41
2023-01-02 06:43:00,1710.57,geyser,0,1578.41,7.67,1.82,5.13,117.53
2023-01-02 06:44:00,1863.25,geyser,0,1714.53,5.76,5.41,0.28,137.27
2023-01-02 06:45:00,1646.89,geyser,0,1524.43,3.42,5.09,6.19,107.77
2023-01-02 06:46:00,1695.94,geyser,0,1527.52,5.6,5.31,2.93,154.58
2023-01-02 06:47:00,1591.85,geyser,0,1430.55,5.93,6.56,6.62,142.19
2023-01-02 06:48:00,1596.59,geyser,0,1447.72,3.54,4.09,2.54,138.71
2023-01-02 06:49:00,1695.37,geyser,0,1535.4,4.05,7.53,4.64,143.76
2023-01-02 06:50:00,1736.32,geyser,0,1581.49,7.84,6.74,4.8,135.46
2023-01-02 06:51:00,1470.28,geyser,0,1298.98,7.39,6.89,2.78,154.24
2023-01-02 06:52:00,1521.43,geyser,0,1350.86,9.07,5.41,4.89,151.19
2023-01-02 06:53:00,1706.79,geyser,0,1557.0,5.92,1.35,6.45,136.07
2023-01-02 06:54:00,1783.47,geyser,0,1621.88,3.98,4.95,6.53,146.14
2023-01-02 06:55:00,1682.7,geyser,0,1524.33,3.6,5.18,2.73,146.86
2023-01-02 06:56:00,1663.08,geyser,0,1485.61,7.11,5.41,5.85,159.1
2023-01-02 06:57:00,1738.96,geyser,0,1551.21,4.88,6.17,7.51,169.19
2023-01-02 06:58:00,1860.84,geyser,0,1679.22,9.91,3.25,1.76,166.7
2023-01-02 06:59:00,1553.16,geyser,0,1401.58,4.0,5.05,6.92,135.6
2023-01-02 07:00:00,1887.16,geyser,0,1736.73,2.2,4.14,6.91,137.18
2023-01-02 07:01:00,1594.6,geyser,0,1430.91,4.82,4.01,2.56,152.31
2023-01-02 07:02:00,1753.2,geyser,0,1575.72,3.58,0.64,1.59,171.66
2023-01-02 07:03:00,1645.66,geyser,0,1444.76,9.26,2.91,5.08,183.66
2023-01-02 07:04:00,1633.68,geyser,0,1455.22,1.92,3.88,1.64,171.02
2023-01-02 07:05:00,1666.14,geyser,0,1507.66,7.32,6.68,5.21,139.26
2023-01-02 07:06:00,1770.35,geyser,0,1621.67,4.95,4.51,3.49,135.72
2023-01-02 07:07:00,1531.66,geyser,0,1369.8,3.31,2.81,3.35,152.4
2023-01-02 07:08:00,1655.75,geyser,0,1483.07,2.01,6.02,4.01,160.64
2023-01-02 07:09:00,1368.94,geyser,0,1187.0,6.08,4.71,6.6,164.56
2023-01-02 07:10:00,1672.21,geyser,0,1507.16,6.7,5.01,4.75,148.59
2023-01-02 07:11:00,1967.66,geyser,0,1786.08,5.65,4.8,6.94,164.19
2023-01-02 07:12:00,1758.64,geyser,0,1589.39,3.75,7.55,5.78,152.17
2023-01-02 07:13:00,1514.21,geyser,0,1346.08,2.1,6.02,2.38,157.63
2023-01-02 07:14:00,1622.92,geyser,0,1454.31,3.86,5.61,3.5,155.64
2023-01-02 07:15:00,1736.52,geyser,0,1565.45,3.07,0.42,3.84,163.76
2023-01-02 07:16:00,1640.44,geyser,0,1464.97,7.01,5.26,4.62,158.58
2023-01-02 07:17:00,1742.95,geyser,0,1582.07,1.96,1.65,0.8,156.46
2023-01-02 07:18:00,1871.08,geyser,0,1686.31,7.0,7.12,4.16,166.48
2023-01-02 07:19:00,1637.0,geyser,0,1480.03,2.39,4.01,1.69,148.88
2023-01-02 07:20:00,1796.42,geyser,0,1625.51,1.62,4.43,5.38,159.48
2023-01-02 07:21:00,1768.04,geyser,0,1582.21,2.97,2.91,4.47,175.48
2023-01-02 07:22:00,1627.98,geyser,0,1467.12,5.06,0.89,6.16,148.75
2023-01-02 07:23:00,1832.29,geyser,0,1676.18,5.29,8.16,4.2,138.46
2023-01-02 07:24:00,1753.78,geyser,0,1560.61,2.51,6.11,4.78,179.77
2023-01-02 07:25:00,1577.07,geyser,0,1401.94,2.18,6.9,3.22,162.83
2023-01-02 07:26:00,1761.3,geyser,0,1609.11,6.14,5.23,1.57,139.25
2023-01-02 07:27:00,1822.75,geyser,0,1678.3,4.84,5.03,4.64,129.95
2023-01-02 07:28:00,1452.83,geyser,0,1288.3,3.61,0.0,4.11,156.81
2023-01-02 07:29:00,1863.76,geyser,0,1736.7,2.95,6.74,3.8,113.57
2023-01-02 07:30:00,1685.99,geyser,0,1493.79,8.08,5.31,5.4,173.42
2023-01-02 07:31:00,1730.95,geyser,0,1568.39,2.4,5.6,4.53,150.03
2023-01-02 07:32:00,1502.34,geyser,1,1304.61,5.79,3.76,13.39,174.79
2023-01-02 07:33:00,1753.43,geyser,0,1593.67,7.33,5.36,2.74,144.34
2023-01-02 07:34:00,1785.29,geyser,1,1603.14,18.73,4.45,2.95,156.01
2023-01-02 07:35:00,1596.99,geyser,0,1421.12,3.57,4.45,6.18,161.68
2023-01-02 07:36:00,1817.88,geyser,0,1637.93,1.09,8.67,7.32,162.87
2023-01-02 07:37:00,1607.12,geyser,0,1406.88,4.83,6.44,6.29,182.69
2023-01-02 07:38:00,1714.56,geyser,0,1560.01,5.54,0.92,6.31,141.78
2023-01-02 07:39:00,1576.84,geyser,0,1412.43,4.71,7.81,0.0,151.89
2023-01-02 07:40:00,1679.28,geyser,0,1509.52,3.99,3.83,7.05,154.88
2023-01-02 07:41:00,1521.97,geyser,0,1361.32,4.67,4.58,2.53,148.87
2023-01-02 07:42:00,1750.77,geyser,0,1585.99,7.15,4.87,6.95,145.81
2023-01-02 07:43:00,1650.19,geyser,0,1504.08,2.46,5.0,3.84,134.8
2023-01-02 07:44:00,1497.45,geyser,0,1330.4,5.58,3.28,6.52,151.67
2023-01-02 07:45:00,1561.16,geyser,0,1387.05,5.78,5.29,4.32,158.72
2023-01-02 07:46:00,1748.06,geyser,0,1560.31,7.5,6.2,8.42,165.64
2023-01-02 07:47:00,1602.64,geyser,0,1438.19,3.27,3.24,3.96,153.99
2023-01-02 07:48:00,1484.27,geyser,0,1324.55,3.68,5.25,6.56,144.23
2023-01-02 07:49:00,1500.19,geyser,0,1320.7,5.9,6.86,5.0,161.74
2023-01-02 07:50:00,1513.29,geyser,0,1332.89,3.44,7.25,2.65,167.07
2023-01-02 07:51:00,1967.83,geyser,0,1781.86,5.61,7.47,0.93,171.95
2023-01-02 07:52:00,1881.03,geyser,0,1689.46,1.37,7.11,5.38,177.7
2023-01-02 07:53:00,1542.85,geyser,0,1354.19,5.65,1.89,9.59,171.52
2023-01-02 07:54:00,1663.61,geyser,0,1476.64,8.23,4.4,6.55,167.79
2023-01-02 07:55:00,1794.4,geyser,0,1618.47,4.87,5.64,5.32,160.09
2023-01-02 07:56:00,1924.51,geyser,0,1779.73,0.0,7.51,6.81,130.45
2023-01-02 07:57:00,1680.42,geyser,0,1518.59,6.41,5.88,3.7,145.85
2023-01-02 07:58:00,1514.64,geyser,0,1353.79,0.62,2.29,3.77,154.18
2023-01-02 07:59:00,1793.93,geyser,0,1612.64,2.39,6.93,2.68,169.28
2023-01-02 08:00:00,2529.58,geyser,0,1573.32,4.9,790.86,6.18,154.33
2023-01-02 08:01:00,2118.64,geyser,0,1388.71,3.62,583.46,5.46,137.38
2023-01-02 08:02:00,2319.83,geyser,0,1596.16,5.6,601.19,6.08,110.8
2023-01-02 08:03:00,2670.84,geyser,0,1710.88,6.49,809.97,2.35,141.16
2023-01-02 08:04:00,2216.85,geyser,0,1345.75,6.52,716.76,6.0,141.82
2023-01-02 08:05:00,2355.84,geyser,0,1531.16,2.83,695.54,5.45,120.86
2023-01-02 08:06:00,2679.1,geyser,0,1739.8,5.08,765.18,1.44,167.6
2023-01-02 08:07:00,2344.19,geyser,0,1578.42,5.9,602.03,3.31,154.53
2023-01-02 08:08:00,2342.32,geyser,0,1440.97,4.59,767.4,6.11,123.24
2023-01-02 08:09:00,2398.25,geyser,0,1593.98,6.66,653.33,0.43,143.85
2023-01-02 08:10:00,2361.54,geyser,0,1509.65,5.36,708.96,6.74,130.81
2023-01-02 08:11:00,2008.48,geyser,0,1295.45,5.56,547.86,7.88,151.73
2023-01-02 08:12:00,2128.22,geyser,0,1321.13,3.18,652.69,5.86,145.35
2023-01-02 08:13:00,2309.84,geyser,0,1406.79,0.0,737.18,3.5,162.37
2023-01-02 08:14:00,2603.66,geyser,0,1503.25,7.47,948.53,3.05,141.37
2023-01-02 08:15:00,2356.04,geyser,0,1645.51,6.56,537.91,3.43,162.63
2023-01-02 08:16:00,2530.33,geyser,0,1621.92,6.42,753.73,5.02,143.24
2023-01-02 08:17:00,2227.46,geyser,0,1428.76,2.87,670.8,4.59,120.44
2023-01-02 08:18:00,2261.68,geyser,0,1437.17,4.14,667.38,6.0,146.99
2023-01-02 08:19:00,2408.55,geyser,0,1462.96,7.95,812.51,7.03,118.11
2023-01-02 08:20:00,2380.47,geyser,0,1414.74,7.54,803.98,5.24,148.97
2023-01-02 08:21:00,2297.72,geyser,0,1395.91,5.29,750.62,6.9,138.99
2023-01-02 08:22:00,2186.59,geyser,0,1346.8,5.59,663.92,3.27,167.01
2023-01-02 08:23:00,2340.87,geyser,0,1523.43,1.92,659.9,3.86,151.76
2023-01-02 08:24:00,2304.74,geyser,0,1424.47,5.63,726.47,3.54,144.62
2023-01-02 08:25:00,2592.03,geyser,0,1611.72,3.31,808.76,2.35,165.9
2023-01-02 08:26:00,2456.44,geyser,0,1610.28,2.13,665.14,8.38,170.5
2023-01-02 08:27:00,2394.0,geyser,0,1523.6,7.4,725.86,3.79,133.35
2023-01-02 08:28:00,2169.03,geyser,0,1391.92,3.64,646.01,3.35,124.1
2023-01-02 08:29:00,2219.83,geyser,0,1440.82,2.6,639.8,8.23,128.39
2023-01-02 08:30:00,2595.32,geyser,0,1669.78,10.07,755.9,3.93,155.65
2023-01-02 08:31:00,2439.98,geyser,0,1537.18,4.31,727.57,5.29,165.62
2023-01-02 08:32:00,2372.34,geyser,0,1458.72,2.25,759.38,6.59,145.4
2023-01-02 08:33:00,2336.55,geyser,0,1551.43,4.68,649.67,3.89,126.88
2023-01-02 08:34:00,2354.37,geyser,0,1426.08,4.13,774.42,4.46,145.28
2023-01-02 08:35:00,2283.5,geyser,0,1319.88,3.73,789.97,5.95,163.97
2023-01-02 08:36:00,2422.89,geyser,0,1512.82,2.39,749.7,6.0,151.99
2023-01-02 08:37:00,2369.61,geyser,0,1492.13,3.94,736.37,6.72,130.45
2023-01-02 08:38:00,2356.8,geyser,0,1494.47,4.92,686.59,7.46,163.37
2023-01-02 08:39:00,2313.11,geyser,0,1595.81,6.1,570.94,3.61,136.65
2023-01-02 08:40:00,2214.99,geyser,1,1321.36,10.32,720.53,6.4,156.38
2023-01-02 08:41:00,2556.39,geyser,0,1555.17,6.11,815.99,3.32,175.8
2023-01-02 08:42:00,2381.17,geyser,0,1589.3,3.53,660.37,3.59,124.38
2023-01-02 08:43:00,2438.3,geyser,0,1487.58,9.44,766.53,0.74,174.01
2023-01-02 08:44:00,4163.68,washing_machine,1,1660.62,5.83,2349.65,6.39,141.2
2023-01-02 08:45:00,2227.09,geyser,0,1349.2,5.83,734.75,5.15,132.17
2023-01-02 08:46:00,2506.78,geyser,0,1726.56,4.96,649.22,0.46,125.58
2023-01-02 08:47:00,2310.3,geyser,0,1506.0,4.09,629.82,5.18,165.21
2023-01-02 08:48:00,2483.69,geyser,0,1714.31,6.61,610.35,7.97,144.45
2023-01-02 08:49:00,2272.31,geyser,0,1430.45,3.64,696.56,10.22,131.42
2023-01-02 08:50:00,2262.87,geyser,0,1455.3,3.76,645.85,1.71,156.26
2023-01-02 08:51:00,2431.13,geyser,0,1650.03,5.12,609.31,2.9,163.79
2023-01-02 08:52:00,2305.66,geyser,0,1438.93,2.87,718.56,3.3,141.99
2023-01-02 08:53:00,2279.76,geyser,0,1467.04,3.93,664.96,6.37,137.46
2023-01-02 08:54:00,2351.22,geyser,0,1432.34,1.08,777.07,8.5,132.23
2023-01-02 08:55:00,2575.95,geyser,0,1534.59,5.35,886.39,5.06,144.56
2023-01-02 08:56:00,2357.94,geyser,0,1581.38,6.36,646.5,4.59,119.11
2023-01-02 08:57:00,2416.06,geyser,0,1572.64,5.71,685.45,0.0,152.25
2023-01-02 08:58:00,2193.69,geyser,0,1485.73,4.11,579.4,5.89,118.57
2023-01-02 08:59:00,2272.12,geyser,0,1434.2,4.24,685.53,6.14,142.02
2023-01-02 09:00:00,1005.32,washing_machine,0,3.64,8.16,814.81,5.78,172.93
2023-01-02 09:01:00,841.04,washing_machine,0,5.26,4.69,691.87,2.33,136.88
2023-01-02 09:02:00,821.54,washing_machine,0,3.47,5.03,608.98,5.46,198.61
2023-01-02 09:03:00,647.27,washing_machine,0,4.51,6.79,488.19,1.99,145.79
2023-01-02 09:04:00,703.73,washing_machine,0,5.43,7.97,547.09,5.36,137.89
2023-01-02 09:05:00,790.4,washing_machine,0,6.28,4.3,668.29,5.39,106.14
2023-01-02 09:06:00,905.9,washing_machine,0,7.11,1.81,700.57,7.07,189.34
2023-01-02 09:07:00,805.84,washing_machine,0,7.07,4.1,672.18,4.77,117.72
2023-01-02 09:08:00,850.22,washing_machine,0,4.54,4.33,669.94,4.96,166.45
2023-01-02 09:09:00,761.36,washing_machine,0,2.48,3.01,570.11,5.2,180.56
2023-01-02 09:10:00,937.0,washing_machine,0,3.69,3.46,768.7,3.98,157.17
2023-01-02 09:11:00,949.84,washing_machine,0,5.32,6.16,793.98,2.02,142.36
2023-01-02 09:12:00,789.49,washing_machine,0,8.33,3.8,661.21,5.76,110.38
2023-01-02 09:13:00,898.13,washing_machine,0,8.24,7.15,735.82,6.19,140.73
2023-01-02 09:14:00,892.48,washing_machine,0,5.81,5.23,731.53,8.76,141.15
2023-01-02 09:15:00,1006.52,washing_machine,0,2.97,5.86,834.3,2.11,161.28
2023-01-02 09:16:00,924.5,washing_machine,0,8.41,3.52,757.46,3.92,151.2
2023-01-02 09:17:00,807.68,washing_machine,0,8.34,4.97,637.26,5.44,151.67
2023-01-02 09:18:00,766.66,washing_machine,0,5.9,4.92,608.59,5.84,141.41
2023-01-02 09:19:00,747.33,washing_machine,0,3.97,7.42,576.33,10.1,149.51
2023-01-02 09:20:00,913.63,washing_machine,0,4.64,1.56,770.21,2.83,134.39
2023-01-02 09:21:00,852.87,washing_machine,0,2.32,6.63,670.25,4.86,168.81
2023-01-02 09:22:00,948.3,washing_machine,0,2.46,3.85,781.19,5.24,155.57
2023-01-02 09:23:00,958.56,washing_machine,0,4.58,5.83,788.48,1.6,158.08
2023-01-02 09:24:00,777.69,washing_machine,0,2.37,4.25,645.26,4.22,121.58
2023-01-02 09:25:00,749.05,washing_machine,0,2.79,3.89,595.67,4.42,142.28
2023-01-02 09:26:00,947.59,washing_machine,0,4.71,5.61,776.43,11.72,149.12
2023-01-02 09:27:00,887.27,washing_machine,0,3.41,2.12,699.59,6.27,175.88
2023-01-02 09:28:00,979.07,washing_machine,0,1.93,7.4,789.72,4.73,175.28
2023-01-02 09:29:00,883.22,washing_machine,0,3.8,2.62,735.16,3.02,138.62
2023-01-02 09:30:00,943.23,washing_machine,0,6.29,4.14,761.69,0.97,170.15
2023-01-02 09:31:00,895.78,washing_machine,0,2.91,3.38,741.91,6.35,141.23
2023-01-02 09:32:00,956.62,washing_machine,0,0.56,4.08,778.96,4.49,168.54
2023-01-02 09:33:00,934.18,washing_machine,0,6.62,6.23,773.47,3.25,144.62
2023-01-02 09:34:00,1007.5,washing_machine,0,3.32,2.53,834.2,8.49,158.97
2023-01-02 09:35:00,890.28,washing_machine,0,7.25,9.07,705.91,3.94,164.11
2023-01-02 09:36:00,1065.41,washing_machine,0,5.94,7.01,859.6,7.62,185.24
2023-01-02 09:37:00,862.27,washing_machine,0,4.69,2.03,734.97,4.73,115.85
2023-01-02 09:38:00,990.21,washing_machine,0,4.52,4.52,825.09,4.35,151.74
2023-01-02 09:39:00,867.42,washing_machine,0,3.08,7.62,722.17,0.57,133.98
2023-01-02 09:40:00,788.94,washing_machine,0,1.79,7.57,624.09,4.38,151.11
2023-01-02 09:41:00,782.83,washing_machine,0,3.38,1.28,651.84,5.07,121.26
2023-01-02 09:42:00,837.46,washing_machine,0,4.46,2.8,704.48,5.23,120.48
2023-01-02 09:43:00,831.7,washing_machine,0,3.69,5.97,662.96,8.9,150.19
2023-01-02 09:44:00,874.35,washing_machine,0,3.98,6.55,692.8,4.04,166.98
2023-01-02 09:45:00,825.48,washing_machine,0,3.93,5.41,671.21,2.32,142.62
2023-01-02 09:46:00,798.82,washing_machine,0,5.18,5.09,636.86,5.0,146.7
2023-01-02 09:47:00,1024.53,washing_machine,0,3.86,2.21,872.94,5.24,140.27
2023-01-02 09:48:00,879.75,washing_machine,0,3.94,4.15,727.88,2.72,141.06
2023-01-02 09:49:00,892.55,washing_machine,0,2.51,3.55,739.39,4.03,143.08
2023-01-02 09:50:00,865.98,washing_machine,0,8.27,4.67,704.8,4.07,144.17
2023-01-02 09:51:00,1201.65,washing_machine,1,7.61,5.98,654.01,3.89,530.17
2023-01-02 09:52:00,823.19,washing_machine,0,6.52,5.67,615.31,7.56,188.13
2023-01-02 09:53:00,925.24,washing_machine,0,0.31,4.93,747.94,3.86,168.2
2023-01-02 09:54:00,808.82,washing_machine,0,5.67,3.59,652.51,10.1,136.96
2023-01-02 09:55:00,725.28,washing_machine,0,7.16,7.97,553.62,8.98,147.55
2023-01-02 09:56:00,832.27,washing_machine,0,2.98,5.39,675.69,5.24,142.98
2023-01-02 09:57:00,839.76,washing_machine,0,3.87,6.92,680.82,3.98,144.17
2023-01-02 09:58:00,905.49,washing_machine,0,5.18,5.75,729.44,7.16,157.96
2023-01-02 09:59:00,777.85,washing_machine,0,8.54,7.21,643.13,8.24,110.73
2023-01-02 10:00:00,867.57,washing_machine,0,4.68,5.66,707.55,8.36,141.33
2023-01-02 10:01:00,606.87,washing_machine,0,3.36,4.15,455.02,4.34,140.01
2023-01-02 10:02:00,868.57,washing_machine,0,4.77,5.46,687.07,4.77,166.51
2023-01-02 10:03:00,918.23,washing_machine,0,4.9,4.58,757.09,7.44,144.22
2023-01-02 10:04:00,806.79,washing_machine,0,6.14,4.42,693.69,6.88,95.66
2023-01-02 10:05:00,860.25,washing_machine,0,4.52,6.42,705.22,7.26,136.83
2023-01-02 10:06:00,682.08,washing_machine,0,0.99,3.65,510.23,8.5,158.7
2023-01-02 10:07:00,964.65,washing_machine,0,4.52,3.75,768.05,3.84,184.48
2023-01-02 10:08:00,1024.83,washing_machine,0,6.15,2.63,874.25,3.91,137.9
2023-01-02 10:09:00,1007.09,washing_machine,0,4.49,5.14,816.18,3.26,178.02
2023-01-02 10:10:00,843.67,washing_machine,0,4.37,4.07,653.09,4.05,178.09
2023-01-02 10:11:00,889.64,washing_machine,0,1.05,3.87,711.97,5.48,167.26
2023-01-02 10:12:00,939.27,washing_machine,0,5.8,6.82,752.24,4.34,170.08
2023-01-02 10:13:00,740.41,washing_machine,0,3.48,7.6,557.83,4.05,167.45
2023-01-02 10:14:00,974.86,washing_machine,0,4.8,5.8,802.8,4.18,157.28
2023-01-02 10:15:00,1000.98,washing_machine,0,4.14,3.64,851.63,5.02,136.56
2023-01-02 10:16:00,895.74,washing_machine,0,5.41,6.45,763.18,6.51,114.18
2023-01-02 10:17:00,829.15,washing_machine,0,4.29,5.9,671.49,5.14,142.33
2023-01-02 10:18:00,836.77,washing_machine,0,6.45,8.39,676.62,6.79,138.52
2023-01-02 10:19:00,924.49,washing_machine,0,5.85,6.19,738.42,3.12,170.92
2023-01-02 10:20:00,1027.19,washing_machine,0,3.4,9.1,855.2,7.02,152.48
2023-01-02 10:21:00,989.99,washing_machine,0,5.97,4.87,794.98,5.01,179.15
2023-01-02 10:22:00,934.53,washing_machine,0,3.48,3.32,790.56,4.08,133.08
2023-01-02 10:23:00,851.38,washing_machine,0,4.75,5.58,665.4,5.83,169.83
2023-01-02 10:24:00,852.9,washing_machine,0,6.97,3.0,683.32,6.02,153.59
2023-01-02 10:25:00,822.92,washing_machine,0,3.51,1.75,657.86,3.98,155.82
2023-01-02 10:26:00,844.59,washing_machine,0,5.69,3.75,686.51,6.15,142.49
2023-01-02 10:27:00,828.32,washing_machine,0,7.49,2.15,644.47,3.99,170.23
2023-01-02 10:28:00,865.24,washing_machine,0,3.88,5.31,677.56,3.4,175.08
2023-01-02 10:29:00,848.37,washing_machine,0,4.14,2.37,681.33,7.26,153.27
2023-01-02 10:30:00,1115.19,washing_machine,0,3.7,3.92,947.92,4.15,155.51
2023-01-02 10:31:00,824.06,washing_machine,0,6.58,6.47,669.17,3.98,137.86
2023-01-02 10:32:00,836.41,washing_machine,0,5.11,6.44,657.64,4.37,162.85
2023-01-02 10:33:00,801.92,washing_machine,0,3.93,6.68,646.97,5.54,138.8
2023-01-02 10:34:00,782.98,washing_machine,0,4.37,6.05,629.94,6.27,136.35
2023-01-02 10:35:00,867.26,washing_machine,0,4.33,4.75,744.84,7.28,106.06
2023-01-02 10:36:00,869.34,washing_machine,0,8.01,8.58,706.79,5.55,140.4
2023-01-02 10:37:00,796.12,washing_machine,0,4.44,7.88,627.93,8.5,147.36
2023-01-02 10:38:00,878.97,washing_machine,0,8.01,5.16,697.07,1.88,166.86
2023-01-02 10:39:00,1073.16,washing_machine,0,4.81,8.42,927.09,6.14,126.7
2023-01-02 10:40:00,945.06,washing_machine,0,7.01,5.24,748.74,3.56,180.51
2023-01-02 10:41:00,792.05,washing_machine,0,6.73,4.38,615.05,6.74,159.15
2023-01-02 10:42:00,867.27,washing_machine,0,3.61,6.43,691.02,5.57,160.64
2023-01-02 10:43:00,818.93,washing_machine,0,1.57,2.88,622.53,5.28,186.67
2023-01-02 10:44:00,700.89,washing_machine,0,3.73,6.27,541.28,9.63,139.97
2023-01-02 10:45:00,1030.05,washing_machine,0,2.54,6.91,872.6,6.52,141.49
2023-01-02 10:46:00,910.8,washing_machine,0,2.87,7.15,709.07,6.63,185.08
2023-01-02 10:47:00,893.15,washing_machine,0,2.45,1.92,749.96,6.81,132.02
2023-01-02 10:48:00,765.24,washing_machine,0,3.54,5.39,599.81,5.01,151.48
2023-01-02 10:49:00,732.0,washing_machine,0,5.82,1.68,555.57,9.37,159.56
2023-01-02 10:50:00,901.8,washing_machine,0,3.38,2.46,762.73,2.5,130.73
2023-01-02 10:51:00,851.57,washing_machine,0,5.58,6.84,669.64,5.14,164.37
2023-01-02 10:52:00,751.49,washing_machine,0,4.98,4.67,605.04,5.65,131.15
2023-01-02 10:53:00,1163.91,washing_machine,0,6.59,4.42,1053.46,5.38,94.06
2023-01-02 10:54:00,779.45,washing_machine,0,3.89,1.15,630.22,3.72,140.46
2023-01-02 10:55:00,825.74,washing_machine,0,3.35,7.13,703.74,4.53,106.99
2023-01-02 10:56:00,776.15,washing_machine,0,3.97,7.6,639.15,3.19,122.23
2023-01-02 10:57:00,844.1,washing_machine,0,1.8,5.63,628.71,5.67,202.29
2023-01-02 10:58:00,902.74,washing_machine,0,5.71,7.02,740.35,3.4,146.25
2023-01-02 10:59:00,880.99,washing_machine,0,1.4,7.09,744.62,7.29,120.59
2023-01-02 11:00:00,938.16,washing_machine,0,7.17,6.78,771.58,5.25,147.37
2023-01-02 11:01:00,1062.69,washing_machine,0,7.21,8.01,861.42,1.67,184.37
2023-01-02 11:02:00,812.91,washing_machine,0,1.53,3.6,647.34,4.94,155.5
2023-01-02 11:03:00,881.28,washing_machine,0,5.05,3.33,703.5,1.74,167.66
2023-01-02 11:04:00,868.46,washing_machine,1,12.49,6.14,694.25,5.77,149.8
2023-01-02 11:05:00,777.5,washing_machine,0,2.99,3.92,617.51,5.38,147.7
2023-01-02 11:06:00,977.63,washing_machine,0,2.69,6.72,790.27,5.3,172.64
2023-01-02 11:07:00,810.14,washing_machine,0,8.82,3.56,644.09,4.2,149.47
2023-01-02 11:08:00,847.41,washing_machine,0,2.86,3.22,711.48,3.6,126.26
2023-01-02 11:09:00,879.08,washing_machine,0,3.75,6.26,715.04,5.49,148.54
2023-01-02 11:10:00,769.53,washing_machine,0,3.05,5.33,618.34,0.56,142.24
2023-01-02 11:11:00,971.62,washing_machine,0,6.95,7.11,798.96,6.41,152.18
2023-01-02 11:12:00,838.72,washing_machine,0,4.96,5.09,677.77,4.47,146.44
2023-01-02 11:13:00,974.78,washing_machine,0,8.8,3.36,804.28,4.81,153.54
2023-01-02 11:14:00,927.35,washing_machine,0,5.75,7.55,758.83,4.0,151.22
2023-01-02 11:15:00,931.57,washing_machine,0,3.17,4.41,747.02,6.97,170.0
2023-01-02 11:16:00,775.68,washing_machine,0,7.74,8.19,585.02,5.92,168.82
2023-01-02 11:17:00,953.86,washing_machine,0,8.04,2.07,774.3,4.48,164.97
2023-01-02 11:18:00,804.06,washing_machine,0,2.15,9.1,604.62,3.21,184.97
2023-01-02 11:19:00,871.08,washing_machine,0,0.0,5.7,709.89,5.92,149.57
2023-01-02 11:20:00,965.03,washing_machine,0,5.16,1.49,783.06,5.68,169.64
2023-01-02 11:21:00,845.71,washing_machine,0,4.33,5.87,697.91,5.49,132.11
2023-01-02 11:22:00,845.98,washing_machine,0,7.61,4.64,650.81,7.02,175.89
2023-01-02 11:23:00,824.25,washing_machine,0,6.58,5.65,642.25,1.75,168.02
2023-01-02 11:24:00,785.22,washing_machine,0,4.36,4.53,645.06,1.98,129.29
2023-01-02 11:25:00,770.55,washing_machine,0,6.44,2.83,608.78,4.85,147.65
2023-01-02 11:26:00,961.52,washing_machine,0,5.64,5.23,783.32,5.56,161.77
2023-01-02 11:27:00,1115.24,washing_machine,0,7.07,5.18,935.98,2.84,164.18
2023-01-02 11:28:00,782.8,washing_machine,0,5.69,5.71,639.58,5.84,125.98
2023-01-02 11:29:00,981.78,washing_machine,0,6.7,7.22,802.67,2.94,162.25
2023-01-02 11:30:00,832.7,washing_machine,0,3.59,1.6,697.9,2.81,126.8
2023-01-02 11:31:00,851.85,washing_machine,0,5.13,5.02,690.35,4.42,146.94
2023-01-02 11:32:00,668.91,washing_machine,0,6.1,5.21,517.22,3.48,136.9
2023-01-02 11:33:00,924.17,washing_machine,0,3.47,5.59,769.67,4.96,140.49
2023-01-02 11:34:00,827.99,washing_machine,0,6.3,0.63,679.32,8.23,133.51
2023-01-02 11:35:00,709.89,washing_machine,0,1.52,5.21,573.1,6.32,123.74
2023-01-02 11:36:00,811.15,washing_machine,0,5.28,5.02,627.84,4.69,168.33
2023-01-02 11:37:00,769.11,washing_machine,0,1.96,7.62,614.02,9.4,136.11
2023-01-02 11:38:00,883.69,washing_machine,0,4.72,4.06,732.48,4.55,137.89
2023-01-02 11:39:00,807.19,washing_machine,0,4.89,6.85,617.53,5.07,172.84
2023-01-02 11:40:00,906.04,washing_machine,0,4.43,3.89,726.66,5.38,165.68
2023-01-02 11:41:00,797.73,washing_machine,0,6.96,5.13,631.81,4.09,149.73
2023-01-02 11:42:00,654.97,washing_machine,0,7.17,5.09,464.44,7.11,171.16
2023-01-02 11:43:00,813.06,washing_machine,0,2.9,3.11,663.64,3.51,139.9
2023-01-02 11:44:00,883.98,washing_machine,0,2.38,3.14,725.98,4.59,147.91
2023-01-02 11:45:00,901.41,washing_machine,0,4.26,5.54,722.85,7.5,161.27
2023-01-02 11:46:00,1018.99,washing_machine,0,7.55,6.01,833.43,3.02,168.99
2023-01-02 11:47:00,1112.62,washing_machine,0,5.09,7.55,926.74,8.4,164.84
2023-01-02 11:48:00,800.49,washing_machine,0,4.02,5.73,670.81,6.39,113.54
2023-01-02 11:49:00,687.45,washing_machine,0,3.95,7.79,540.07,3.99,131.66
2023-01-02 11:50:00,725.89,washing_machine,0,5.95,8.49,564.34,1.55,145.55
2023-01-02 11:51:00,937.98,washing_machine,0,6.17,6.58,793.04,7.12,125.08
2023-01-02 11:52:00,756.02,washing_machine,0,8.49,4.0,617.96,6.75,118.81
2023-01-02 11:53:00,920.25,washing_machine,0,4.78,2.31,780.49,3.77,128.9
2023-01-02 11:54:00,981.31,washing_machine,0,8.02,5.39,795.4,3.93,168.57
2023-01-02 11:55:00,952.38,washing_machine,0,6.51,6.04,796.71,2.4,140.72
2023-01-02 11:56:00,762.21,washing_machine,0,6.49,3.66,618.84,6.39,126.82
2023-01-02 11:57:00,813.97,washing_machine,0,8.93,1.76,641.58,4.76,156.94
2023-01-02 11:58:00,858.46,washing_machine,0,4.67,5.36,722.17,6.31,119.95
2023-01-02 11:59:00,759.56,washing_machine,0,0.8,2.31,605.81,7.38,143.26
2023-01-02 12:00:00,1562.72,ac,0,4.3,1393.81,8.56,5.77,150.28
2023-01-02 12:01:00,1267.52,ac,0,5.84,1109.07,2.48,8.92,141.2
2023-01-02 12:02:00,1378.04,ac,0,4.43,1226.42,5.2,1.41,140.58
2023-01-02 12:03:00,1244.84,ac,0,6.33,1075.5,4.17,4.99,153.85
2023-01-02 12:04:00,1397.36,ac,0,6.23,1261.39,8.81,5.52,115.41
2023-01-02 12:05:00,1304.05,ac,0,7.29,1144.67,4.66,4.97,142.47
2023-01-02 12:06:00,1423.44,ac,0,4.28,1254.78,6.28,7.76,150.35
2023-01-02 12:07:00,1385.61,ac,0,6.74,1217.41,6.02,7.31,148.13
2023-01-02 12:08:00,1486.1,ac,0,6.13,1297.73,8.15,5.8,168.29
2023-01-02 12:09:00,1190.46,ac,0,6.59,1058.94,1.1,3.79,120.04
2023-01-02 12:10:00,1239.71,ac,0,6.61,1091.08,5.96,4.25,131.8
2023-01-02 12:11:00,1317.57,ac,0,5.68,1148.43,4.83,5.82,152.81
2023-01-02 12:12:00,1479.38,ac,0,3.42,1309.92,2.08,9.63,154.32
2023-01-02 12:13:00,1592.14,ac,0,3.17,1404.11,2.69,3.92,178.26
2023-01-02 12:14:00,1638.25,ac,0,2.76,1524.96,3.76,6.01,100.76
2023-01-02 12:15:00,1263.83,ac,0,3.52,1097.16,5.63,7.12,150.41
2023-01-02 12:16:00,1296.93,ac,0,7.02,1140.14,6.8,5.38,137.58
2023-01-02 12:17:00,1306.61,ac,0,5.16,1144.08,3.0,2.89,151.49
2023-01-02 12:18:00,1297.42,ac,0,7.03,1120.86,4.2,3.48,161.85
2023-01-02 12:19:00,1710.54,ac,0,6.02,1557.05,3.33,3.79,140.35
2023-01-02 12:20:00,1419.2,ac,0,1.65,1250.33,8.1,4.31,154.81
2023-01-02 12:21:00,899.26,ac,0,5.75,738.82,4.91,3.85,145.93
2023-01-02 12:22:00,1361.36,ac,0,0.0,1194.23,3.87,6.61,156.66
2023-01-02 12:23:00,1507.4,ac,0,4.92,1383.93,5.92,4.63,108.0
2023-01-02 12:24:00,1323.91,ac,0,6.04,1157.38,7.44,9.33,143.72
2023-01-02 12:25:00,1283.05,ac,0,7.72,1137.36,2.75,5.6,129.62
2023-01-02 12:26:00,1410.64,ac,0,4.96,1250.26,5.6,2.72,147.09
2023-01-02 12:27:00,1344.09,ac,0,4.87,1215.85,2.27,5.92,115.19
2023-01-02 12:28:00,1683.17,ac,0,2.12,1540.48,4.63,3.21,132.73
2023-01-02 12:29:00,1337.38,ac,0,0.0,1173.69,3.95,5.1,154.65
2023-01-02 12:30:00,1330.18,ac,0,6.24,1159.25,4.77,5.64,154.28
2023-01-02 12:31:00,1376.52,ac,0,5.49,1214.68,2.65,4.09,149.61
2023-01-02 12:32:00,1495.83,ac,0,2.89,1366.84,3.24,7.25,115.61
2023-01-02 12:33:00,1320.13,ac,0,3.48,1189.51,3.04,6.14,117.96
2023-01-02 12:34:00,1129.26,ac,0,4.26,957.53,4.01,8.04,155.41
2023-01-02 12:35:00,1473.58,ac,0,5.41,1289.73,3.22,2.83,172.39
2023-01-02 12:36:00,1306.25,ac,0,5.16,1124.04,3.72,2.41,170.92
2023-01-02 12:37:00,1445.17,ac,0,3.72,1272.47,4.0,3.23,161.75
2023-01-02 12:38:00,1526.02,ac,0,7.64,1362.81,1.78,6.32,147.46
2023-01-02 12:39:00,1504.35,ac,0,5.38,1348.84,3.51,5.3,141.33
2023-01-02 12:40:00,1250.54,ac,0,3.94,1103.64,5.76,4.78,132.43
2023-01-02 12:41:00,1355.84,ac,0,4.03,1163.37,4.93,5.21,178.31
2023-01-02 12:42:00,1523.35,ac,0,8.14,1361.72,5.71,7.97,139.81
2023-01-02 12:43:00,1339.73,ac,0,6.37,1123.12,8.48,4.36,197.41
2023-01-02 12:44:00,1267.59,ac,0,4.01,1118.51,5.17,5.92,133.99
2023-01-02 12:45:00,1545.79,ac,0,3.86,1395.46,3.02,4.59,138.86
2023-01-02 12:46:00,1213.09,ac,0,4.86,1081.87,5.24,6.62,114.51
2023-01-02 12:47:00,1510.98,ac,0,6.98,1342.8,3.37,6.87,150.96
2023-01-02 12:48:00,1890.33,ac,1,1.92,1384.36,8.67,7.48,487.9
2023-01-02 12:49:00,1191.82,ac,0,4.3,1009.0,7.13,4.72,166.68
2023-01-02 12:50:00,1442.85,ac,0,4.44,1297.44,6.45,5.22,129.3
2023-01-02 12:51:00,1435.88,ac,0,2.49,1242.64,5.54,4.25,180.95
2023-01-02 12:52:00,1478.61,ac,0,6.58,1309.62,6.78,4.87,150.77
2023-01-02 12:53:00,1261.0,ac,0,7.13,1092.46,2.32,7.2,151.9
2023-01-02 12:54:00,1434.09,ac,0,3.53,1261.46,4.22,4.76,160.12
2023-01-02 12:55:00,1134.18,ac,0,3.02,1003.1,5.57,2.97,119.53
2023-01-02 12:56:00,1419.2,ac,0,0.0,1284.38,5.19,4.17,125.45
2023-01-02 12:57:00,1685.23,ac,0,6.0,1527.63,4.71,5.41,141.48
2023-01-02 12:58:00,1251.67,ac,0,2.39,1084.98,6.31,3.99,154.0
2023-01-02 12:59:00,1312.34,ac,0,5.7,1144.16,4.08,6.27,152.12
2023-01-02 13:00:00,1513.47,ac,0,4.71,1354.25,4.76,1.89,147.86
2023-01-02 13:01:00,1024.12,ac,0,5.45,853.58,6.03,3.8,155.26
2023-01-02 13:02:00,1447.75,ac,0,6.31,1280.31,3.74,6.49,150.9
2023-01-02 13:03:00,1377.33,ac,0,7.39,1214.42,6.74,9.0,139.78
2023-01-02 13:04:00,1543.37,ac,0,4.79,1348.18,2.88,6.97,180.55
2023-01-02 13:05:00,1212.92,ac,0,4.73,1057.13,2.85,4.71,143.5
2023-01-02 13:06:00,1481.32,ac,0,6.56,1334.66,6.66,6.68,126.76
2023-01-02 13:07:00,1275.81,ac,0,3.78,1135.49,5.06,4.24,127.24
2023-01-02 13:08:00,1147.1,ac,0,5.9,1032.33,5.43,5.38,98.05
2023-01-02 13:09:00,1330.21,ac,0,3.49,1154.99,5.12,8.6,158.01
2023-01-02 13:10:00,1477.02,ac,0,6.53,1303.88,5.12,8.42,153.07
2023-01-02 13:11:00,1133.68,ac,0,1.18,1013.39,2.92,5.1,111.08
2023-01-02 13:12:00,1064.06,ac,0,4.31,938.4,4.41,5.47,111.46
2023-01-02 13:13:00,1137.16,ac,0,4.54,1007.25,4.0,4.56,116.8
2023-01-02 13:14:00,1397.52,ac,0,4.79,1284.86,7.34,4.43,96.1
2023-01-02 13:15:00,1544.47,ac,0,5.02,1390.78,3.15,6.19,139.33
2023-01-02 13:16:00,1376.14,ac,0,9.52,1199.48,5.9,5.69,155.56
2023-01-02 13:17:00,1106.0,ac,0,4.63,931.41,7.86,4.22,157.88
2023-01-02 13:18:00,1587.18,ac,0,6.68,1424.74,4.7,4.74,146.32
2023-01-02 13:19:00,1336.05,ac,0,6.96,1174.06,2.15,5.41,147.47
2023-01-02 13:20:00,1062.08,ac,0,5.07,885.13,6.76,7.99,157.13
2023-01-02 13:21:00,1258.88,ac,0,7.62,1120.86,4.65,0.99,124.76
2023-01-02 13:22:00,1588.42,ac,0,6.65,1439.8,4.25,6.17,131.56
2023-01-02 13:23:00,1794.13,ac,0,4.67,1608.34,3.96,6.62,170.54
2023-01-02 13:24:00,1313.78,ac,0,8.6,1172.06,5.43,1.71,125.97
2023-01-02 13:25:00,1205.5,ac,0,4.91,1028.93,0.98,3.19,167.5
2023-01-02 13:26:00,1766.84,ac,0,7.43,1587.87,5.45,6.02,160.06
2023-01-02 13:27:00,1211.5,ac,0,5.83,1029.0,3.31,9.21,164.15
2023-01-02 13:28:00,1082.72,ac,0,4.69,930.69,5.29,5.15,136.89
2023-01-02 13:29:00,1185.54,ac,0,7.75,1012.92,4.19,8.02,152.66
2023-01-02 13:30:00,1834.09,ac,1,3.58,1247.62,4.98,5.18,572.73
2023-01-02 13:31:00,1139.88,ac,0,6.42,951.8,3.7,3.55,174.41
2023-01-02 13:32:00,1295.62,ac,0,4.66,1071.52,5.5,6.0,207.94
2023-01-02 13:33:00,1401.28,ac,0,4.14,1221.24,5.2,4.67,166.03
2023-01-02 13:34:00,1292.02,ac,0,4.26,1138.53,5.59,4.19,139.45
2023-01-02 13:35:00,1227.68,ac,0,6.09,1079.71,5.49,5.57,130.82
2023-01-02 13:36:00,1352.97,ac,0,4.89,1190.11,4.56,6.66,146.74
2023-01-02 13:37:00,1420.66,ac,0,3.18,1250.45,0.34,7.27,159.42
2023-01-02 13:38:00,1678.78,ac,0,3.03,1522.43,3.79,1.65,147.87
2023-01-02 13:39:00,1531.17,ac,0,3.95,1358.85,6.55,2.87,158.96
2023-01-02 13:40:00,1155.22,ac,0,8.39,989.49,5.01,11.89,140.44
2023-01-02 13:41:00,1307.93,ac,0,2.41,1157.98,6.52,1.47,139.55
2023-01-02 13:42:00,1268.88,ac,0,5.72,1089.89,4.67,6.42,162.18
2023-01-02 13:43:00,1356.0,ac,0,5.52,1189.36,0.0,6.68,154.43
2023-01-02 13:44:00,1612.27,ac,0,8.26,1446.39,7.49,3.01,147.13
2023-01-02 13:45:00,1445.41,ac,0,4.34,1301.21,4.43,6.52,128.91
2023-01-02 13:46:00,1425.07,ac,0,3.96,1250.34,5.53,8.3,156.93
2023-01-02 13:47:00,1314.76,ac,0,6.26,1166.0,4.57,6.33,131.59
2023-01-02 13:48:00,1634.49,ac,0,3.27,1439.99,5.63,7.84,177.76
2023-01-02 13:49:00,1067.23,ac,0,4.2,895.07,8.64,3.32,155.99
2023-01-02 13:50:00,1239.52,ac,0,6.38,1081.19,3.82,5.35,142.77
2023-01-02 13:51:00,1441.63,ac,0,4.36,1259.97,1.67,5.23,170.39
2023-01-02 13:52:00,1403.26,ac,0,6.7,1236.98,5.94,4.65,148.99
2023-01-02 13:53:00,1242.7,ac,0,8.19,1095.48,5.29,4.53,129.22
2023-01-02 13:54:00,1237.84,ac,1,4.17,1065.02,4.16,15.95,148.55
2023-01-02 13:55:00,1080.62,ac,0,4.49,907.54,8.33,6.32,153.93
2023-01-02 13:56:00,1146.52,ac,0,0.09,982.38,0.45,4.91,158.7
2023-01-02 13:57:00,1584.3,ac,0,4.82,1435.69,5.39,5.49,132.92
2023-01-02 13:58:00,1355.68,ac,0,6.76,1184.24,5.14,3.98,155.55
2023-01-02 13:59:00,1292.76,ac,0,10.2,1104.02,5.93,6.89,165.71
2023-01-02 14:00:00,1511.78,ac,0,4.87,1360.29,7.76,3.98,134.89
2023-01-02 14:01:00,1554.76,ac,0,3.11,1421.28,5.3,5.1,119.98
2023-01-02 14:02:00,1299.74,ac,0,2.47,1119.64,7.8,4.79,165.04
2023-01-02 14:03:00,1215.4,ac,0,1.97,1069.37,1.81,3.55,138.7
2023-01-02 14:04:00,1238.21,ac,0,4.54,1072.62,6.62,4.82,149.62
2023-01-02 14:05:00,1363.96,ac,0,7.84,1203.64,5.35,3.71,143.43
2023-01-02 14:06:00,1283.92,ac,0,7.8,1059.72,6.87,5.9,203.62
2023-01-02 14:07:00,1240.01,ac,0,4.14,1074.57,8.52,3.31,149.47
2023-01-02 14:08:00,1518.49,ac,0,4.6,1346.18,4.48,5.13,158.09
2023-01-02 14:09:00,1215.39,ac,0,4.42,1060.13,3.98,4.76,142.09
2023-01-02 14:10:00,1206.11,ac,0,3.61,1032.06,6.53,5.87,158.04
2023-01-02 14:11:00,1309.56,ac,0,8.91,1168.24,3.22,7.09,122.1
2023-01-02 14:12:00,1124.88,ac,0,2.25,953.39,7.33,4.51,157.4
2023-01-02 14:13:00,1671.03,ac,1,3.59,1206.45,1.81,4.95,454.24
2023-01-02 14:14:00,1355.15,ac,0,4.3,1177.84,5.51,4.13,163.38
2023-01-02 14:15:00,1260.26,ac,0,8.29,1110.25,7.69,1.78,132.25
2023-01-02 14:16:00,1284.67,ac,0,1.8,1156.72,5.41,3.69,117.04
2023-01-02 14:17:00,1312.8,ac,0,5.56,1165.52,2.41,7.1,132.21
2023-01-02 14:18:00,1509.71,ac,0,5.23,1355.26,4.64,5.33,139.24
2023-01-02 14:19:00,1103.4,ac,0,7.91,919.05,3.47,4.89,168.08
2023-01-02 14:20:00,1362.79,ac,0,6.08,1150.98,6.21,6.91,192.62
2023-01-02 14:21:00,1325.99,ac,0,1.62,1185.56,2.42,1.92,134.46
2023-01-02 14:22:00,1291.99,ac,0,0.97,1128.92,7.22,5.95,148.93
2023-01-02 14:23:00,1366.86,ac,0,2.33,1174.31,4.15,4.09,181.97
2023-01-02 14:24:00,1341.43,ac,0,6.85,1143.64,3.66,7.38,179.9
2023-01-02 14:25:00,1348.99,ac,0,2.69,1175.01,3.33,3.61,164.35
2023-01-02 14:26:00,1292.49,ac,0,3.92,1188.86,3.23,3.87,92.61
2023-01-02 14:27:00,1179.38,ac,0,7.41,1049.38,5.35,5.14,112.1
2023-01-02 14:28:00,1444.63,ac,0,8.11,1324.37,3.89,2.35,105.92
2023-01-02 14:29:00,1359.83,ac,0,1.75,1216.34,6.34,7.72,127.68
2023-01-02 14:30:00,1111.46,ac,0,3.48,954.69,5.86,5.76,141.67
2023-01-02 14:31:00,1234.12,ac,0,7.07,1065.25,4.16,4.22,153.42
2023-01-02 14:32:00,1175.14,ac,0,5.14,1005.4,2.5,5.21,156.88
2023-01-02 14:33:00,1769.2,ac,0,3.63,1583.24,7.78,4.22,170.33
2023-01-02 14:34:00,1306.0,ac,0,4.37,1131.39,4.6,3.19,162.43
2023-01-02 14:35:00,1462.75,ac,0,5.42,1301.67,2.6,8.49,144.57
2023-01-02 14:36:00,1303.16,ac,0,5.04,1136.4,4.81,6.19,150.73
2023-01-02 14:37:00,1129.13,ac,0,5.91,950.79,3.8,7.87,160.75
2023-01-02 14:38:00,1621.17,ac,0,7.05,1439.26,5.6,4.41,164.85
2023-01-02 14:39:00,1366.62,ac,0,5.29,1220.03,2.34,2.97,135.99
2023-01-02 14:40:00,1370.29,ac,0,3.78,1213.89,5.36,4.35,142.91
2023-01-02 14:41:00,1138.69,ac,0,4.97,979.58,4.86,2.55,146.72
2023-01-02 14:42:00,1558.37,ac,0,3.78,1381.4,4.8,6.09,162.29
2023-01-02 14:43:00,1351.98,ac,0,4.43,1184.98,3.71,4.24,154.61
2023-01-02 14:44:00,1506.41,ac,0,1.27,1341.5,6.64,4.32,152.69
2023-01-02 14:45:00,1370.1,ac,0,4.37,1177.39,5.47,7.92,174.96
2023-01-02 14:46:00,1316.55,ac,0,8.62,1123.43,8.68,9.29,166.53
2023-01-02 14:47:00,1505.71,ac,0,4.78,1331.99,2.4,6.76,159.78
2023-01-02 14:48:00,1175.24,ac,0,4.06,998.85,7.09,7.91,157.33
2023-01-02 14:49:00,1215.02,ac,0,6.77,1094.14,6.11,5.23,102.77
2023-01-02 14:50:00,1478.32,ac,0,6.0,1312.43,4.39,4.99,150.52
2023-01-02 14:51:00,1378.57,ac,0,3.87,1224.48,4.92,3.4,141.91
2023-01-02 14:52:00,1344.75,ac,0,3.73,1166.8,3.73,5.49,165.0
2023-01-02 14:53:00,1261.31,ac,0,7.64,1100.44,5.85,4.21,143.17
2023-01-02 14:54:00,1521.47,ac,0,6.57,1327.4,2.52,4.21,180.77
2023-01-02 14:55:00,1510.62,ac,0,8.9,1314.78,6.83,3.76,176.36
2023-01-02 14:56:00,1647.48,ac,0,7.01,1495.75,1.52,3.03,140.18
2023-01-02 14:57:00,1478.14,ac,0,5.69,1316.31,5.03,3.06,148.05
2023-01-02 14:58:00,1431.73,ac,0,5.99,1220.49,6.06,4.15,195.03
2023-01-02 14:59:00,1399.81,ac,0,6.83,1222.75,6.68,3.61,159.94
2023-01-02 15:00:00,1317.36,ac,0,6.81,1147.71,5.1,6.34,151.41
2023-01-02 15:01:00,1563.91,ac,0,4.68,1390.64,3.88,6.99,157.71
2023-01-02 15:02:00,1374.49,ac,0,4.92,1180.61,0.43,4.71,183.82
2023-01-02 15:03:00,1218.0,ac,0,4.68,1064.19,6.26,5.73,137.14
2023-01-02 15:04:00,1407.04,ac,0,9.24,1249.6,5.54,3.85,138.81
2023-01-02 15:05:00,1476.51,ac,0,5.75,1288.3,7.88,6.67,167.91
2023-01-02 15:06:00,1435.53,ac,0,8.06,1239.39,4.3,9.1,174.68
2023-01-02 15:07:00,1488.79,ac,0,4.91,1360.64,5.26,5.18,112.79
2023-01-02 15:08:00,1382.19,ac,0,6.45,1194.08,2.59,6.43,172.65
2023-01-02 15:09:00,1073.27,ac,0,5.51,880.79,4.16,3.27,179.54
2023-01-02 15:10:00,1440.6,ac,0,7.77,1251.79,7.68,5.58,167.79
2023-01-02 15:11:00,1171.54,ac,0,5.0,1000.96,4.49,6.96,154.13
2023-01-02 15:12:00,1223.8,ac,0,6.25,1062.81,2.76,3.61,148.36
2023-01-02 15:13:00,1400.62,ac,0,4.02,1226.92,6.72,6.26,156.71
2023-01-02 15:14:00,1386.82,ac,0,8.61,1182.87,3.14,6.58,185.62
2023-01-02 15:15:00,967.65,ac,0,1.92,849.17,6.97,3.79,105.8
2023-01-02 15:16:00,1527.82,ac,0,3.06,1353.99,4.61,6.29,159.85
2023-01-02 15:17:00,1483.19,ac,0,7.62,1302.44,4.15,0.91,168.07
2023-01-02 15:18:00,1094.22,ac,0,4.74,939.19,2.67,4.83,142.79
2023-01-02 15:19:00,1316.35,ac,0,4.75,1136.73,5.96,5.26,163.64
2023-01-02 15:20:00,1383.57,ac,0,2.01,1221.98,3.99,4.78,150.81
2023-01-02 15:21:00,1531.8,ac,0,3.09,1359.46,4.35,5.03,159.86
2023-01-02 15:22:00,1294.02,ac,0,5.33,1089.33,4.04,5.02,190.31
2023-01-02 15:23:00,1200.09,ac,0,4.89,1031.42,1.82,4.27,157.69
2023-01-02 15:24:00,1557.58,ac,0,4.72,1388.79,5.25,5.56,153.27
2023-01-02 15:25:00,1142.79,ac,0,3.46,962.39,6.82,5.67,164.46
2023-01-02 15:26:00,1105.19,ac,0,5.45,925.87,4.25,4.4,165.22
2023-01-02 15:27:00,1398.39,ac,0,1.0,1232.75,3.92,2.71,158.0
2023-01-02 15:28:00,1447.71,ac,0,7.45,1257.38,5.67,6.23,170.97
2023-01-02 15:29:00,1276.4,ac,0,6.73,1092.43,7.86,4.76,164.62
2023-01-02 15:30:00,1589.72,ac,0,5.02,1430.26,5.46,6.8,142.18
2023-01-02 15:31:00,1214.78,ac,0,4.56,1051.41,5.39,7.92,145.5
2023-01-02 15:32:00,1363.8,ac,0,6.95,1269.14,4.6,1.6,81.51
2023-01-02 15:33:00,1018.09,ac,0,4.19,874.99,6.38,0.0,132.53
2023-01-02 15:34:00,1185.11,ac,0,6.42,1014.9,6.59,4.96,152.24
2023-01-02 15:35:00,1271.76,ac,0,7.02,1077.29,6.02,7.3,174.14
2023-01-02 15:36:00,1481.37,ac,0,5.52,1325.46,6.06,6.06,138.26
2023-01-02 15:37:00,1217.62,ac,0,2.21,1048.56,5.76,4.47,156.62
2023-01-02 15:38:00,1160.42,ac,0,6.45,962.77,5.6,2.51,183.09
2023-01-02 15:39:00,1425.91,ac,0,7.19,1278.67,5.76,1.4,132.9
2023-01-02 15:40:00,1351.85,ac,0,4.33,1204.29,3.19,6.94,133.11
2023-01-02 15:41:00,1248.73,ac,0,4.42,1091.96,7.08,8.37,136.89
2023-01-02 15:42:00,1497.11,ac,0,7.36,1339.33,2.37,3.16,144.9
2023-01-02 15:43:00,1067.92,ac,0,6.67,882.73,6.05,5.18,167.29
2023-01-02 15:44:00,1266.79,ac,0,5.14,1090.52,6.55,6.19,158.4
2023-01-02 15:45:00,1514.19,ac,0,1.82,1371.6,2.11,0.0,138.65
2023-01-02 15:46:00,966.55,ac,0,4.04,807.0,3.01,6.07,146.43
2023-01-02 15:47:00,1300.87,ac,0,6.3,1153.11,5.75,2.79,132.9
2023-01-02 15:48:00,1407.7,ac,0,3.95,1244.39,1.65,2.4,155.32
2023-01-02 15:49:00,1497.47,ac,0,4.71,1321.46,1.51,4.23,165.55
2023-01-02 15:50:00,1448.22,ac,0,5.61,1298.2,4.99,4.2,135.22
2023-01-02 15:51:00,1259.88,ac,1,4.57,1100.36,15.86,3.23,135.87
2023-01-02 15:52:00,1508.21,ac,0,5.4,1295.49,2.85,4.8,199.67
2023-01-02 15:53:00,1409.98,ac,0,9.62,1212.05,3.42,1.96,182.94
2023-01-02 15:54:00,1413.99,ac,0,5.41,1233.89,2.68,3.48,168.53
2023-01-02 15:55:00,1378.97,ac,0,3.99,1214.42,3.97,2.63,153.97
2023-01-02 15:56:00,1280.79,ac,0,9.01,1108.1,4.6,8.14,150.94
2023-01-02 15:57:00,1586.67,ac,0,4.52,1401.16,6.87,3.43,170.69
2023-01-02 15:58:00,1202.86,ac,0,5.91,1033.56,4.41,4.14,154.84
2023-01-02 15:59:00,1247.52,ac,0,1.89,1105.58,6.33,3.53,130.18
2023-01-02 16:00:00,1391.87,ac,0,1.6,1205.08,3.2,11.14,170.85
2023-01-02 16:01:00,1017.21,ac,0,3.97,903.89,5.54,4.93,98.87
2023-01-02 16:02:00,1341.67,ac,0,7.64,1169.52,4.36,6.11,154.05
2023-01-02 16:03:00,1277.49,ac,0,5.88,1108.17,4.27,8.11,151.06
2023-01-02 16:04:00,1641.58,ac,0,3.16,1480.79,5.87,4.48,147.28
2023-01-02 16:05:00,1246.27,ac,0,2.76,1100.21,1.98,2.35,138.96
2023-01-02 16:06:00,1388.54,ac,0,2.06,1219.44,6.75,4.73,155.56
2023-01-02 16:07:00,1100.7,ac,0,7.25,928.95,8.18,5.79,150.53
2023-01-02 16:08:00,1393.65,ac,0,6.05,1245.98,4.67,6.61,130.34
2023-01-02 16:09:00,1122.39,ac,0,4.6,974.91,3.67,5.56,133.65
2023-01-02 16:10:00,1339.29,ac,0,8.08,1196.24,8.27,2.84,123.87
2023-01-02 16:11:00,1183.69,ac,0,5.46,1032.39,3.95,3.68,138.21
2023-01-02 16:12:00,1599.66,ac,0,4.95,1430.66,5.39,5.53,153.12
2023-01-02 16:13:00,1239.82,ac,0,0.8,1117.48,1.99,4.08,115.47
2023-01-02 16:14:00,1124.29,ac,0,4.28,970.68,5.54,6.55,137.24
2023-01-02 16:15:00,1489.08,ac,0,5.55,1308.81,6.05,8.3,160.37
2023-01-02 16:16:00,1252.66,ac,0,6.04,1085.57,6.82,3.0,151.24
2023-01-02 16:17:00,1317.4,ac,0,0.0,1152.38,6.04,7.36,151.62
2023-01-02 16:18:00,1396.83,ac,0,3.32,1213.61,6.32,2.19,171.38
2023-01-02 16:19:00,1569.66,ac,0,1.81,1421.91,1.05,5.48,139.41
2023-01-02 16:20:00,1828.19,ac,0,6.04,1635.84,3.09,8.14,175.08
2023-01-02 16:21:00,1439.15,ac,0,4.47,1287.53,3.62,3.92,139.6
2023-01-02 16:22:00,1198.49,ac,0,1.96,1062.63,5.8,2.97,125.13
2023-01-02 16:23:00,1144.24,ac,0,3.56,1005.6,6.15,5.8,123.13
2023-01-02 16:24:00,1381.24,ac,0,3.33,1218.57,5.54,5.23,148.56
2023-01-02 16:25:00,1562.91,ac,0,1.72,1383.28,4.73,5.97,167.22
2023-01-02 16:26:00,1310.65,ac,0,7.34,1177.25,3.93,3.03,119.1
2023-01-02 16:27:00,1130.21,ac,0,4.47,967.08,8.43,3.49,146.75
2023-01-02 16:28:00,1526.91,ac,0,3.05,1350.95,3.99,7.54,161.38
2023-01-02 16:29:00,1390.43,ac,0,6.72,1244.06,2.94,4.33,132.37
2023-01-02 16:30:00,1202.74,ac,0,6.01,1017.62,6.19,4.24,168.69
2023-01-02 16:31:00,1308.43,ac,0,3.53,1125.64,5.26,1.77,172.23
2023-01-02 16:32:00,1199.5,ac,0,7.81,1081.8,4.21,3.64,102.03
2023-01-02 16:33:00,1372.4,ac,0,2.36,1212.28,6.66,4.21,146.9
2023-01-02 16:34:00,1547.03,ac,0,3.82,1411.51,5.19,5.22,121.29
2023-01-02 16:35:00,4470.32,ac,1,4.21,4306.32,2.83,3.96,152.99
2023-01-02 16:36:00,1289.1,ac,1,1.94,1104.41,31.36,6.43,144.95
2023-01-02 16:37:00,1492.66,ac,0,6.99,1364.5,5.25,6.54,109.39
2023-01-02 16:38:00,1365.45,ac,0,4.63,1198.82,4.63,4.27,153.11
2023-01-02 16:39:00,1338.35,ac,0,4.09,1190.86,2.85,3.53,137.01
2023-01-02 16:40:00,1688.18,ac,0,3.32,1502.15,6.43,4.95,171.32
2023-01-02 16:41:00,1399.04,ac,0,1.06,1258.39,4.77,5.51,129.32
2023-01-02 16:42:00,1519.7,ac,0,7.34,1345.23,5.92,6.53,154.68
2023-01-02 16:43:00,1420.59,ac,0,8.27,1226.63,5.42,6.41,173.85
2023-01-02 16:44:00,1382.61,ac,0,7.58,1215.51,1.36,5.56,152.59
2023-01-02 16:45:00,1267.2,ac,0,3.95,1093.77,4.37,3.22,161.88
2023-01-02 16:46:00,1470.3,ac,0,5.26,1320.55,4.36,4.2,135.93
2023-01-02 16:47:00,1239.0,ac,0,6.15,1093.89,7.41,3.6,127.95
2023-01-02 16:48:00,1480.25,ac,0,6.45,1341.61,4.02,5.86,122.32
2023-01-02 16:49:00,1095.89,ac,0,5.03,956.82,1.11,4.52,128.41
2023-01-02 16:50:00,1513.95,ac,0,2.75,1337.02,3.11,2.77,168.29
2023-01-02 16:51:00,1462.1,ac,0,7.95,1292.02,3.01,6.0,153.11
2023-01-02 16:52:00,1664.4,ac,1,22.49,1499.14,2.8,6.42,133.56
2023-01-02 16:53:00,1162.34,ac,0,4.24,989.31,7.74,7.96,153.08
2023-01-02 16:54:00,1371.25,ac,0,6.56,1266.48,2.41,2.15,93.65
2023-01-02 16:55:00,1416.43,ac,0,3.83,1227.08,0.82,7.07,177.62
2023-01-02 16:56:00,1498.85,ac,0,5.02,1338.76,2.9,5.59,146.58
2023-01-02 16:57:00,1335.16,ac,0,8.67,1182.62,3.29,2.67,137.9
2023-01-02 16:58:00,1586.23,ac,0,3.04,1413.02,6.83,6.69,156.65
2023-01-02 16:59:00,1651.26,ac,0,5.66,1500.57,1.66,4.51,138.86
2023-01-02 17:00:00,1481.54,ac,0,4.48,1139.85,2.47,190.36,144.38
2023-01-02 17:01:00,1419.59,ac,0,6.56,1058.57,3.62,217.46,133.38
2023-01-02 17:02:00,1482.78,ac,0,6.03,1173.98,3.26,139.19,160.32
2023-01-02 17:03:00,1448.64,ac,0,6.25,1028.19,2.48,253.81,157.91
2023-01-02 17:04:00,1517.62,ac,0,2.71,1139.01,4.84,202.35,168.71
2023-01-02 17:05:00,1641.3,ac,0,2.97,1251.01,4.57,225.66,157.1
2023-01-02 17:06:00,1244.05,ac,0,4.11,907.95,4.58,170.13,157.28
2023-01-02 17:07:00,1618.66,ac,0,7.23,1242.38,5.98,214.71,148.36
2023-01-02 17:08:00,1696.19,ac,0,5.19,1298.62,5.19,228.37,158.82
2023-01-02 17:09:00,1491.85,ac,0,4.85,1171.45,2.48,182.25,130.83
2023-01-02 17:10:00,1421.56,ac,0,4.69,1040.27,4.45,223.4,148.74
2023-01-02 17:11:00,1505.83,ac,0,6.97,1099.3,4.95,235.02,159.59
2023-01-02 17:12:00,1411.28,ac,0,5.89,1070.33,4.19,182.36,148.51
2023-01-02 17:13:00,1384.82,ac,0,4.03,1022.01,6.74,208.34,143.7
2023-01-02 17:14:00,1712.35,ac,0,4.98,1326.14,3.92,257.79,119.53
2023-01-02 17:15:00,1546.47,ac,0,1.81,1130.53,4.48,260.74,148.91
2023-01-02 17:16:00,1700.37,ac,0,4.93,1320.4,3.86,192.39,178.78
2023-01-02 17:17:00,1837.48,ac,0,4.69,1466.24,3.11,213.26,150.18
2023-01-02 17:18:00,1654.66,ac,0,1.11,1278.91,4.54,217.27,152.84
2023-01-02 17:19:00,1544.49,ac,0,5.71,1252.94,4.31,139.4,142.13
2023-01-02 17:20:00,1521.34,ac,0,8.35,1145.33,6.76,230.36,130.54
2023-01-02 17:21:00,1529.84,ac,0,4.54,1140.97,4.79,257.17,122.36
2023-01-02 17:22:00,1861.91,ac,0,2.8,1437.64,3.27,241.26,176.94
2023-01-02 17:23:00,1588.19,ac,0,4.53,1285.91,5.46,179.48,112.81
2023-01-02 17:24:00,1439.74,ac,0,2.77,1080.38,6.87,198.96,150.75
2023-01-02 17:25:00,1730.22,ac,0,0.96,1457.29,1.35,151.46,119.15
2023-01-02 17:26:00,1483.3,ac,0,3.1,1183.45,4.08,176.45,116.22
2023-01-02 17:27:00,5323.33,ac,1,3.23,4936.31,3.72,243.9,136.17
2023-01-02 17:28:00,1606.22,ac,0,3.86,1245.26,4.56,204.19,148.35
2023-01-02 17:29:00,1523.47,ac,0,0.96,1159.93,5.81,163.57,193.2
2023-01-02 17:30:00,1259.04,ac,0,5.22,911.86,6.48,165.2,170.28
2023-01-02 17:31:00,1524.21,ac,0,8.53,1201.72,9.25,155.74,148.97
2023-01-02 17:32:00,1405.63,ac,0,2.4,1051.06,8.35,198.61,145.22
2023-01-02 17:33:00,1691.47,ac,0,5.01,1345.8,5.45,165.17,170.04
2023-01-02 17:34:00,1584.78,ac,0,6.57,1147.9,3.67,293.1,133.55
2023-01-02 17:35:00,1564.1,ac,0,5.73,1191.06,4.96,179.0,183.35
2023-01-02 17:36:00,1755.92,ac,0,8.33,1376.85,5.54,220.69,144.5
2023-01-02 17:37:00,1218.56,ac,0,1.99,906.96,3.63,162.45,143.53
2023-01-02 17:38:00,1413.2,ac,0,4.67,1012.0,3.44,238.36,154.74
2023-01-02 17:39:00,1355.68,ac,0,8.52,1007.76,7.15,184.41,147.85
2023-01-02 17:40:00,1568.87,ac,0,6.7,1241.83,4.67,182.65,133.02
2023-01-02 17:41:00,1749.22,ac,0,6.5,1369.36,5.25,200.78,167.33
2023-01-02 17:42:00,1478.17,ac,0,7.54,1117.26,5.82,221.55,126.0
2023-01-02 17:43:00,1862.21,ac,0,0.51,1481.58,7.2,218.86,154.06
2023-01-02 17:44:00,1383.1,ac,0,7.04,1091.67,6.62,149.71,128.06
2023-01-02 17:45:00,1627.11,ac,0,4.27,1310.53,9.57,180.95,121.8
2023-01-02 17:46:00,1562.87,ac,0,8.08,1256.17,5.66,148.38,144.57
2023-01-02 17:47:00,1630.59,ac,0,2.03,1288.99,4.99,208.86,125.71
2023-01-02 17:48:00,1662.61,ac,0,3.46,1261.87,3.93,231.09,162.25
2023-01-02 17:49:00,1534.73,ac,0,6.33,1140.13,3.4,258.07,126.81
2023-01-02 17:50:00,1308.86,ac,0,5.27,916.18,7.01,219.52,160.88
2023-01-02 17:51:00,1228.31,ac,0,4.59,924.02,5.7,140.52,153.48
2023-01-02 17:52:00,1889.15,ac,0,5.09,1422.43,4.15,296.44,161.04
2023-01-02 17:53:00,1257.0,ac,0,3.88,915.29,4.81,187.62,145.41
2023-01-02 17:54:00,1549.77,ac,0,1.99,1163.87,6.0,241.09,136.82
2023-01-02 17:55:00,1877.19,ac,0,1.85,1468.9,2.58,229.52,174.35
2023-01-02 17:56:00,1651.41,ac,0,7.95,1236.76,3.62,215.42,187.66
2023-01-02 17:57:00,1623.67,ac,0,7.5,1179.24,5.92,224.85,206.17
2023-01-02 17:58:00,1790.28,ac,0,5.75,1354.84,8.98,280.42,140.3
2023-01-02 17:59:00,1535.63,ac,0,5.43,1239.38,3.07,159.22,128.53
2023-01-02 18:00:00,1394.4,ac,0,5.26,1100.67,3.96,137.54,146.97
2023-01-02 18:01:00,1548.35,ac,0,3.57,1156.87,5.99,256.66,125.26
2023-01-02 18:02:00,1726.23,ac,0,7.1,1370.34,7.1,218.59,123.11
2023-01-02 18:03:00,1460.22,ac,0,4.39,1138.1,6.08,142.74,168.91
2023-01-02 18:04:00,1576.04,ac,0,1.71,1186.34,0.88,231.33,155.77
2023-01-02 18:05:00,1344.55,ac,0,3.37,1013.26,4.9,181.64,141.38
2023-01-02 18:06:00,1406.41,ac,0,3.57,1033.76,4.49,208.05,156.54
2023-01-02 18:07:00,1488.85,ac,0,4.83,1187.67,8.66,153.55,134.13
2023-01-02 18:08:00,1825.46,ac,0,5.11,1441.66,5.95,223.68,149.07
2023-01-02 18:09:00,1755.63,ac,0,6.82,1375.09,7.2,201.62,164.89
2023-01-02 18:10:00,1588.83,ac,0,2.18,1288.14,6.28,147.66,144.57
2023-01-02 18:11:00,1784.92,ac,0,5.24,1413.37,6.32,217.37,142.63
2023-01-02 18:12:00,1764.74,ac,0,5.49,1401.56,6.72,199.06,151.9
2023-01-02 18:13:00,1408.25,ac,0,5.84,1074.59,4.76,167.9,155.16
2023-01-02 18:14:00,1574.93,ac,0,7.22,1156.28,4.15,258.51,148.77
2023-01-02 18:15:00,1460.81,ac,0,8.34,1066.42,2.98,204.78,178.29
2023-01-02 18:16:00,1527.97,ac,0,7.14,1139.49,2.51,242.54,136.29
2023-01-02 18:17:00,1699.02,ac,0,6.12,1331.97,5.6,199.45,155.88
2023-01-02 18:18:00,1548.12,ac,0,5.01,1211.94,4.61,183.51,143.05
2023-01-02 18:19:00,1282.43,ac,0,5.97,962.69,8.88,197.45,107.44
2023-01-02 18:20:00,1501.65,ac,0,7.07,1105.96,7.65,228.29,152.68
2023-01-02 18:21:00,1509.17,ac,0,3.34,1196.4,3.99,171.03,134.41
2023-01-02 18:22:00,1439.62,ac,0,5.87,1057.45,4.39,220.16,151.74
2023-01-02 18:23:00,1626.88,ac,0,4.96,1278.64,4.17,161.63,177.48
2023-01-02 18:24:00,1577.99,ac,0,4.2,1223.99,3.3,202.31,144.18
2023-01-02 18:25:00,1512.28,ac,0,4.09,1182.85,5.07,214.14,106.13
2023-01-02 18:26:00,1378.59,ac,0,6.28,1018.64,3.54,197.81,152.31
2023-01-02 18:27:00,1447.43,ac,0,5.13,1168.13,5.26,148.0,120.91
2023-01-02 18:28:00,1628.77,ac,0,3.86,1335.69,5.27,121.67,162.29
2023-01-02 18:29:00,1585.65,ac,0,1.3,1171.38,6.53,246.74,159.7
2023-01-02 18:30:00,1714.63,ac,0,6.07,1271.34,4.91,268.62,163.68
2023-01-02 18:31:00,1586.7,ac,0,4.89,1225.7,7.67,223.87,124.56
2023-01-02 18:32:00,1346.11,ac,0,3.45,1047.1,7.99,172.69,114.89
2023-01-02 18:33:00,4420.97,ac,1,5.42,4047.94,8.02,225.62,133.97
2023-01-02 18:34:00,1688.61,ac,0,6.01,1283.02,4.23,255.79,139.57
2023-01-02 18:35:00,1528.05,ac,0,5.7,1225.09,5.67,127.03,164.56
2023-01-02 18:36:00,1430.01,ac,0,2.98,1014.28,5.23,274.05,133.47
2023-01-02 18:37:00,1349.01,ac,0,3.22,963.82,6.68,185.49,189.81
2023-01-02 18:38:00,1619.33,ac,0,5.29,1242.19,6.96,171.85,193.04
2023-01-02 18:39:00,1552.79,ac,0,6.47,1185.73,8.34,187.34,164.93
2023-01-02 18:40:00,1728.29,ac,0,5.94,1368.49,3.96,178.26,171.63
2023-01-02 18:41:00,1391.51,ac,0,3.88,990.72,5.68,244.91,146.32
2023-01-02 18:42:00,1449.66,ac,0,4.98,1143.05,5.98,156.84,138.81
2023-01-02 18:43:00,1650.2,ac,0,5.25,1319.97,5.69,178.66,140.63
2023-01-02 18:44:00,1582.41,ac,0,6.25,1253.33,5.92,134.83,182.09
2023-01-02 18:45:00,1414.57,ac,0,7.78,1031.59,6.4,242.06,126.73
2023-01-02 18:46:00,1606.32,ac,0,9.57,1268.01,3.65,166.29,158.8
2023-01-02 18:47:00,1607.72,ac,0,5.22,1250.87,8.77,202.51,140.35
2023-01-02 18:48:00,1795.19,ac,0,5.69,1418.31,3.24,195.13,172.83
2023-01-02 18:49:00,1405.5,ac,0,5.41,1010.8,3.81,235.96,149.52
2023-01-02 18:50:00,1409.95,ac,0,4.92,1105.13,4.8,109.78,185.32
2023-01-02 18:51:00,1614.47,ac,0,5.51,1281.26,3.94,203.64,120.11
2023-01-02 18:52:00,1647.21,ac,0,1.88,1341.27,3.42,150.63,150.0
2023-01-02 18:53:00,1357.01,ac,0,6.25,976.37,7.49,244.6,122.29
2023-01-02 18:54:00,1773.26,ac,0,6.25,1359.99,3.27,245.78,157.98
2023-01-02 18:55:00,1428.07,ac,0,5.99,1081.78,6.59,173.02,160.69
2023-01-02 18:56:00,1516.1,ac,0,4.9,1051.31,1.63,272.24,186.02
2023-01-02 18:57:00,1289.19,ac,0,2.9,958.97,5.62,184.31,137.4
2023-01-02 18:58:00,1764.97,ac,0,4.15,1387.93,6.69,211.0,155.2
2023-01-02 18:59:00,1586.83,ac,0,2.93,1206.72,3.56,214.63,159.01
2023-01-02 19:00:00,1492.77,ac,0,3.86,1148.69,2.44,227.23,110.55
2023-01-02 19:01:00,1869.03,ac,0,2.73,1501.86,6.49,180.93,177.01
2023-01-02 19:02:00,1429.67,ac,0,8.32,993.07,4.08,289.24,134.96
2023-01-02 19:03:00,1706.56,ac,0,6.89,1347.45,4.9,174.02,173.31
2023-01-02 19:04:00,1585.49,ac,0,5.44,1234.66,3.4,190.03,151.96
2023-01-02 19:05:00,1785.55,ac,0,4.68,1448.19,3.78,222.44,106.47
2023-01-02 19:06:00,1534.67,ac,0,1.67,1219.81,4.54,174.86,133.79
2023-01-02 19:07:00,1414.09,ac,0,4.45,1046.84,2.8,207.81,152.19
2023-01-02 19:08:00,1484.79,ac,0,6.42,1187.78,6.71,159.4,124.47
2023-01-02 19:09:00,1741.79,ac,0,4.5,1375.89,5.19,188.43,167.77
2023-01-02 19:10:00,1438.89,ac,0,6.83,1041.07,6.39,205.09,179.5
2023-01-02 19:11:00,1559.04,ac,0,4.28,1194.02,4.42,206.47,149.85
2023-01-02 19:12:00,1392.25,ac,0,1.78,1103.49,6.71,132.61,147.67
2023-01-02 19:13:00,1497.2,ac,0,4.91,1145.94,6.47,219.6,120.28
2023-01-02 19:14:00,1461.62,ac,0,7.52,1139.06,2.97,171.3,140.77
2023-01-02 19:15:00,1545.32,ac,0,5.46,1181.84,6.12,199.71,152.19
2023-01-02 19:16:00,1442.08,ac,0,4.01,1056.86,6.2,240.49,134.52
2023-01-02 19:17:00,1670.2,ac,0,6.51,1230.91,7.4,235.45,189.93
2023-01-02 19:18:00,1577.73,ac,0,4.62,1235.73,2.44,175.84,159.08
2023-01-02 19:19:00,1643.75,ac,0,2.66,1190.01,7.24,302.97,140.87
2023-01-02 19:20:00,1567.3,ac,0,4.99,1228.18,2.07,154.75,177.31
2023-01-02 19:21:00,1709.88,ac,0,3.77,1373.07,8.15,195.0,129.88
2023-01-02 19:22:00,1736.17,ac,0,6.24,1359.58,1.46,208.23,160.67
2023-01-02 19:23:00,1439.81,ac,0,2.22,1143.75,2.35,159.42,132.08
2023-01-02 19:24:00,1852.58,ac,0,1.66,1330.24,3.08,330.4,187.2
2023-01-02 19:25:00,1409.23,ac,0,6.3,1004.25,3.02,279.07,116.6
2023-01-02 19:26:00,1722.94,ac,0,5.1,1344.96,6.52,194.08,172.28
2023-01-02 19:27:00,1722.24,ac,0,6.64,1347.66,5.88,216.89,145.17
2023-01-02 19:28:00,1523.92,ac,0,3.52,1164.96,2.83,190.22,162.4
2023-01-02 19:29:00,1482.3,ac,0,6.75,1139.21,3.88,199.5,132.96
2023-01-02 19:30:00,1480.13,ac,0,4.16,1112.65,4.05,221.06,138.2
2023-01-02 19:31:00,1277.7,ac,0,7.98,927.17,7.1,206.92,128.53
2023-01-02 19:32:00,1488.11,ac,0,5.17,1145.02,6.44,159.4,172.08
2023-01-02 19:33:00,1353.37,ac,0,7.3,1021.71,5.05,197.3,122.02
2023-01-02 19:34:00,1759.42,ac,0,3.02,1401.94,4.24,211.66,138.57
2023-01-02 19:35:00,1558.55,ac,0,2.34,1185.6,2.68,235.21,132.72
2023-01-02 19:36:00,1611.57,ac,0,7.0,1257.28,3.72,157.14,186.44
2023-01-02 19:37:00,1905.69,ac,0,5.71,1471.34,4.97,285.4,138.28
2023-01-02 19:38:00,1946.4,ac,0,6.49,1616.73,0.68,188.57,133.93
2023-01-02 19:39:00,1041.51,ac,0,4.9,728.64,5.37,180.29,122.32
2023-01-02 19:40:00,1940.49,ac,0,7.51,1553.83,3.94,213.18,162.04
2023-01-02 19:41:00,1509.94,ac,0,2.91,1171.63,3.93,172.01,159.46
2023-01-02 19:42:00,1742.46,ac,0,7.45,1365.58,7.32,214.43,147.68
2023-01-02 19:43:00,1909.03,ac,0,6.44,1536.02,4.33,206.34,155.91
2023-01-02 19:44:00,1592.47,ac,0,2.0,1252.0,5.75,205.33,127.39
2023-01-02 19:45:00,1643.9,ac,0,3.35,1235.68,3.3,224.0,177.57
2023-01-02 19:46:00,1611.86,ac,0,5.84,1268.89,3.02,189.59,144.53
2023-01-02 19:47:00,1581.88,ac,0,0.98,1168.83,6.6,238.21,167.25
2023-01-02 19:48:00,1612.68,ac,0,4.07,1269.74,4.01,162.63,172.23
2023-01-02 19:49:00,1531.17,ac,0,6.66,1196.86,6.0,151.44,170.21
2023-01-02 19:50:00,1630.79,ac,0,3.38,1238.44,5.77,227.91,155.28
2023-01-02 19:51:00,1587.86,ac,0,4.31,1178.95,3.0,267.6,133.99
2023-01-02 19:52:00,1521.26,ac,0,6.66,1204.39,4.55,175.65,130.01
2023-01-02 19:53:00,1489.27,ac,0,3.6,1140.84,4.46,237.06,103.3
2023-01-02 19:54:00,1536.57,ac,0,5.12,1219.92,3.75,157.74,150.04
2023-01-02 19:55:00,1452.25,ac,0,8.51,1098.03,3.47,219.7,122.55
2023-01-02 19:56:00,1675.25,ac,0,3.62,1281.71,1.84,221.95,166.13
2023-01-02 19:57:00,1734.67,ac,0,7.97,1371.9,4.19,214.71,135.9
2023-01-02 19:58:00,1842.23,ac,0,1.16,1551.2,7.25,143.28,139.33
2023-01-02 19:59:00,1421.13,ac,0,4.49,1109.2,4.94,144.94,157.58
2023-01-02 20:00:00,1602.91,ac,0,4.66,1205.71,6.3,194.71,191.52
2023-01-02 20:01:00,1516.06,ac,0,7.82,1189.04,5.14,166.01,148.05
2023-01-02 20:02:00,1684.45,ac,1,6.52,1270.05,20.3,237.41,150.17
2023-01-02 20:03:00,1514.64,ac,0,4.81,1105.13,3.41,236.01,165.28
2023-01-02 20:04:00,1315.49,ac,0,3.59,1031.16,4.04,121.01,155.7
2023-01-02 20:05:00,1551.85,ac,0,5.67,1158.33,4.18,196.56,187.11
2023-01-02 20:06:00,1657.54,ac,0,7.18,1270.14,3.48,173.46,203.28
2023-01-02 20:07:00,1752.61,ac,0,5.48,1325.26,5.15,255.62,161.1
2023-01-02 20:08:00,1557.41,ac,0,6.49,1134.13,6.56,241.32,168.91
2023-01-02 20:09:00,1699.49,ac,0,1.65,1194.21,6.52,304.24,192.87
2023-01-02 20:10:00,1545.13,ac,0,3.62,1167.99,5.42,213.53,154.57
2023-01-02 20:11:00,1516.08,ac,0,6.03,1187.75,5.34,161.42,155.53
2023-01-02 20:12:00,1717.07,ac,0,4.8,1247.17,4.68,288.81,171.61
2023-01-02 20:13:00,1545.52,ac,0,5.69,1269.56,2.8,122.03,145.44
2023-01-02 20:14:00,1606.89,ac,0,6.72,1327.92,4.53,115.3,152.41
2023-01-02 20:15:00,1645.21,ac,0,5.96,1294.79,7.5,199.75,137.2
2023-01-02 20:16:00,1694.77,ac,0,6.57,1285.0,2.77,214.48,185.96
2023-01-02 20:17:00,1575.65,ac,0,5.13,1194.19,3.09,221.63,151.61
2023-01-02 20:18:00,1351.39,ac,0,4.6,955.26,5.89,210.99,174.65
2023-01-02 20:19:00,1679.03,ac,0,2.32,1248.64,6.16,248.85,173.05
2023-01-02 20:20:00,1524.82,ac,0,5.4,1073.69,3.95,270.1,171.68
2023-01-02 20:21:00,1570.6,ac,0,6.61,1183.7,6.99,209.69,163.61
2023-01-02 20:22:00,1629.35,ac,0,5.56,1217.07,5.1,249.08,152.54
2023-01-02 20:23:00,1625.95,ac,0,1.8,1229.29,1.14,228.65,165.06
2023-01-02 20:24:00,1480.39,ac,0,8.23,1058.03,5.87,218.99,189.28
2023-01-02 20:25:00,1869.37,ac,0,5.71,1522.47,6.23,200.41,134.54
2023-01-02 20:26:00,1706.92,ac,0,5.55,1380.11,6.22,136.76,178.28
2023-01-02 20:27:00,1437.92,ac,0,4.33,1117.79,5.49,156.16,154.15
2023-01-02 20:28:00,1946.28,ac,1,5.46,1236.97,1.61,180.96,521.29
2023-01-02 20:29:00,1637.8,ac,0,5.12,1303.89,6.23,176.06,146.49
2023-01-02 20:30:00,1590.34,ac,0,3.4,1272.34,4.48,145.41,164.71
2023-01-02 20:31:00,1653.1,ac,0,9.83,1281.82,5.41,210.26,145.78
2023-01-02 20:32:00,1622.88,ac,0,4.39,1243.71,7.97,242.23,124.57
2023-01-02 20:33:00,1375.58,ac,0,5.93,1024.22,9.92,194.09,141.41
2023-01-02 20:34:00,1479.19,ac,0,7.03,1111.92,6.59,193.57,160.08
2023-01-02 20:35:00,1452.87,ac,0,3.16,1064.84,1.28,234.19,149.39
2023-01-02 20:36:00,1771.31,ac,0,4.19,1371.63,4.05,237.75,153.68
2023-01-02 20:37:00,1557.88,ac,0,7.5,1127.4,5.3,260.45,157.23
2023-01-02 20:38:00,1770.02,ac,0,2.84,1449.6,7.78,190.79,119.0
2023-01-02 20:39:00,1492.78,ac,0,2.91,1102.71,7.85,224.09,155.22
2023-01-02 20:40:00,1875.35,ac,0,2.38,1525.78,3.91,186.19,157.08
2023-01-02 20:41:00,1616.99,ac,0,2.88,1273.89,7.14,196.99,136.1
2023-01-02 20:42:00,1883.75,ac,0,6.97,1450.5,5.22,248.38,172.68
2023-01-02 20:43:00,1404.76,ac,0,2.44,1111.0,6.99,127.76,156.57
2023-01-02 20:44:00,1783.81,ac,1,4.96,1463.3,4.41,159.29,151.85
2023-01-02 20:45:00,1696.31,ac,0,5.83,1319.38,6.61,226.61,137.87
2023-01-02 20:46:00,1652.16,ac,1,3.14,961.06,5.33,232.27,450.36
2023-01-02 20:47:00,1326.8,ac,0,8.52,948.78,7.79,217.38,144.33
2023-01-02 20:48:00,1390.8,ac,0,9.62,986.79,6.84,228.45,159.1
2023-01-02 20:49:00,1682.01,ac,0,3.3,1359.73,3.72,186.61,128.65
2023-01-02 20:50:00,1553.43,ac,0,4.1,1189.88,3.81,219.33,136.31
2023-01-02 20:51:00,1585.71,ac,0,3.74,1203.27,7.25,197.86,173.58
2023-01-02 20:52:00,1704.53,ac,0,7.94,1399.58,6.74,145.42,144.86
2023-01-02 20:53:00,1709.51,ac,0,3.67,1385.04,3.83,181.58,135.39
2023-01-02 20:54:00,1576.19,ac,0,7.57,1183.1,4.55,199.48,181.48
2023-01-02 20:55:00,1688.73,ac,0,6.81,1291.96,3.14,203.49,183.33
2023-01-02 20:56:00,1655.1,ac,0,4.94,1345.33,4.2,159.38,141.25
2023-01-02 20:57:00,1508.74,ac,0,4.7,1193.73,9.05,173.66,127.6
2023-01-02 20:58:00,1805.42,ac,0,1.95,1470.82,2.39,220.22,110.04
2023-01-02 20:59:00,1357.47,ac,0,2.62,1018.72,7.54,171.18,157.41
2023-01-02 21:00:00,1715.89,ac,0,6.74,1358.09,4.99,210.83,135.23
2023-01-02 21:01:00,1312.68,ac,0,6.59,993.52,7.67,146.91,157.99
2023-01-02 21:02:00,1483.38,ac,0,5.2,1267.74,3.87,88.84,117.72
2023-01-02 21:03:00,1705.78,ac,1,8.06,1067.93,6.12,192.03,431.64
2023-01-02 21:04:00,1613.52,ac,0,4.68,1205.88,4.92,273.82,124.22
2023-01-02 21:05:00,1487.52,ac,0,5.35,1122.84,2.0,186.64,170.68
2023-01-02 21:06:00,1667.04,ac,0,2.26,1246.34,7.72,237.19,173.54
2023-01-02 21:07:00,1412.26,ac,0,4.94,1027.37,1.29,226.47,152.18
2023-01-02 21:08:00,1429.95,ac,0,6.65,1064.21,1.85,172.08,185.16
2023-01-02 21:09:00,1893.93,ac,0,5.88,1565.43,5.39,209.5,107.73
2023-01-02 21:10:00,1576.09,ac,0,3.76,1255.45,7.06,170.9,138.91
2023-01-02 21:11:00,1428.09,ac,0,6.39,1060.29,10.18,232.86,118.38
2023-01-02 21:12:00,1691.61,ac,0,7.52,1362.75,7.19,147.88,166.27
2023-01-02 21:13:00,1725.29,ac,0,7.17,1420.22,3.71,184.9,109.3
2023-01-02 21:14:00,1557.11,ac,0,4.81,1148.79,3.47,239.23,160.81
2023-01-02 21:15:00,1908.89,ac,0,4.94,1502.91,7.73,208.67,184.64
2023-01-02 21:16:00,1460.37,ac,0,0.64,1146.79,1.55,151.02,160.37
2023-01-02 21:17:00,1716.22,ac,0,5.38,1316.78,0.87,250.82,142.36
2023-01-02 21:18:00,1358.48,ac,0,3.57,1046.32,3.56,168.08,136.96
2023-01-02 21:19:00,1671.31,ac,0,8.54,1298.48,4.78,238.44,121.07
2023-01-02 21:20:00,1849.08,ac,0,2.95,1376.13,4.92,252.22,212.86
2023-01-02 21:21:00,1526.39,ac,0,6.24,1199.63,9.14,188.45,122.92
2023-01-02 21:22:00,1604.8,ac,0,4.7,1283.51,8.22,139.08,169.3
2023-01-02 21:23:00,1445.36,ac,0,5.53,1078.44,2.14,207.48,151.76
2023-01-02 21:24:00,1532.87,ac,0,3.12,1133.35,5.79,215.34,175.27
2023-01-02 21:25:00,1443.36,ac,0,6.21,1046.12,2.03,240.42,148.58
2023-01-02 21:26:00,1480.22,ac,0,0.29,1187.33,4.41,123.43,164.77
2023-01-02 21:27:00,1531.62,ac,0,1.12,1188.12,4.57,181.42,156.39
2023-01-02 21:28:00,1875.88,ac,0,5.67,1504.57,8.87,207.96,148.81
2023-01-02 21:29:00,1453.0,ac,0,5.16,1158.59,8.2,165.74,115.3
2023-01-02 21:30:00,1343.08,ac,0,7.31,966.22,6.26,195.51,167.77
2023-01-02 21:31:00,1513.91,ac,0,4.83,1146.68,3.49,221.92,137.0
2023-01-02 21:32:00,1515.91,ac,0,2.46,1203.22,3.94,165.31,140.97
2023-01-02 21:33:00,1673.99,ac,0,8.97,1305.28,0.0,205.36,154.37
2023-01-02 21:34:00,1557.33,ac,0,1.08,1192.37,4.98,205.52,153.38
2023-01-02 21:35:00,1740.67,ac,0,6.6,1420.12,5.02,181.37,127.56
2023-01-02 21:36:00,1408.02,ac,0,0.65,1053.48,8.0,193.67,152.22
2023-01-02 21:37:00,1615.27,ac,0,4.84,1227.26,3.27,224.17,155.73
2023-01-02 21:38:00,1433.1,ac,0,4.77,1111.82,4.32,158.75,153.45
2023-01-02 21:39:00,1808.33,ac,0,4.26,1430.75,5.62,165.23,202.47
2023-01-02 21:40:00,1885.36,ac,0,3.91,1522.99,5.54,234.94,117.97
2023-01-02 21:41:00,1359.7,ac,0,7.84,934.29,6.22,242.67,168.7
2023-01-02 21:42:00,1473.62,ac,0,2.57,1126.18,5.83,175.32,163.72
2023-01-02 21:43:00,1904.87,ac,0,6.16,1565.03,3.71,168.35,161.61
2023-01-02 21:44:00,1485.86,ac,0,4.28,1151.94,5.74,191.99,131.9
2023-01-02 21:45:00,1667.82,ac,0,3.98,1399.06,2.59,155.22,106.96
2023-01-02 21:46:00,1529.04,ac,0,3.01,1250.01,2.41,100.38,173.23
2023-01-02 21:47:00,1468.91,ac,0,8.47,1199.18,8.17,144.44,108.66
2023-01-02 21:48:00,1564.85,ac,0,7.64,1266.98,4.82,141.67,143.74
2023-01-02 21:49:00,1640.67,ac,0,10.21,1302.91,3.36,177.67,146.53
2023-01-02 21:50:00,1756.2,ac,0,2.38,1416.9,3.29,199.61,134.02
2023-01-02 21:51:00,1840.32,ac,0,3.61,1404.86,5.9,282.96,142.99
2023-01-02 21:52:00,1485.14,ac,0,4.84,1179.32,0.35,168.18,132.45
2023-01-02 21:53:00,1612.24,ac,0,4.36,1197.66,7.01,209.82,193.4
2023-01-02 21:54:00,1773.8,ac,0,5.48,1314.34,5.28,303.42,145.28
2023-01-02 21:55:00,1803.73,ac,0,3.09,1436.06,2.67,183.32,178.6
2023-01-02 21:56:00,1588.85,ac,0,1.61,1247.28,5.2,165.05,169.71
2023-01-02 21:57:00,1605.96,ac,0,4.92,1258.42,1.39,189.07,152.17
2023-01-02 21:58:00,1275.87,ac,0,3.33,924.14,3.11,234.59,110.69
2023-01-02 21:59:00,1645.47,ac,0,7.87,1244.78,6.09,253.13,133.61
2023-01-02 22:00:00,292.38,tv,0,1.36,5.08,0.57,162.64,122.74
2023-01-02 22:01:00,332.16,tv,0,5.89,4.16,8.72,170.75,142.65
2023-01-02 22:02:00,434.8,tv,0,2.73,9.14,5.85,277.91,139.17
2023-01-02 22:03:00,399.03,tv,0,2.16,9.7,7.94,238.73,140.5
2023-01-02 22:04:00,420.39,tv,0,1.24,7.05,1.79,251.67,158.64
2023-01-02 22:05:00,327.57,tv,0,6.5,4.31,8.17,174.36,134.23
2023-01-02 22:06:00,327.58,tv,0,3.06,6.13,4.16,173.15,141.09
2023-01-02 22:07:00,452.35,tv,0,4.87,7.01,6.26,283.98,150.24
2023-01-02 22:08:00,321.11,fridge,0,5.49,0.81,6.61,124.07,184.14
2023-01-02 22:09:00,267.0,fridge,0,6.79,5.07,3.23,100.73,151.18
2023-01-02 22:10:00,342.08,tv,0,8.18,6.94,5.42,210.88,110.66
2023-01-02 22:11:00,351.44,tv,0,6.61,2.81,1.54,203.95,136.53
2023-01-02 22:12:00,321.34,tv,0,6.1,0.22,4.65,178.6,131.75
2023-01-02 22:13:00,416.38,tv,0,5.29,7.23,2.76,267.27,133.82
2023-01-02 22:14:00,912.99,tv,1,6.79,7.39,4.19,762.24,132.38
2023-01-02 22:15:00,372.39,tv,0,5.0,5.83,7.57,202.57,151.4
2023-01-02 22:16:00,434.54,tv,0,4.15,5.91,3.52,248.57,172.39
2023-01-02 22:17:00,337.17,fridge,0,7.53,2.47,2.98,154.11,170.07
2023-01-02 22:18:00,304.72,fridge,0,4.89,6.43,9.02,119.02,165.35
2023-01-02 22:19:00,240.04,fridge,0,5.33,8.43,6.49,68.12,151.67
2023-01-02 22:20:00,352.4,tv,0,6.36,4.09,5.18,185.9,150.86
2023-01-02 22:21:00,339.77,tv,0,5.07,7.77,4.58,186.23,136.12
2023-01-02 22:22:00,405.06,fridge,0,7.47,3.76,1.81,187.65,204.36
2023-01-02 22:23:00,389.73,tv,0,8.19,5.05,4.87,213.62,157.99
2023-01-02 22:24:00,412.54,tv,0,2.95,2.7,2.93,231.93,172.04
2023-01-02 22:25:00,349.91,tv,0,4.53,3.28,6.47,177.93,157.71
2023-01-02 22:26:00,297.65,tv,0,6.5,8.24,3.01,154.41,125.5
2023-01-02 22:27:00,371.16,tv,0,2.46,1.81,6.91,208.24,151.74
2023-01-02 22:28:00,398.91,tv,0,5.29,5.51,4.71,224.69,158.72
2023-01-02 22:29:00,446.99,tv,0,2.62,7.01,3.24,279.24,154.89
2023-01-02 22:30:00,435.74,tv,0,7.29,4.78,8.86,242.7,172.11
2023-01-02 22:31:00,322.19,tv,0,5.67,6.37,8.11,168.02,134.03
2023-01-02 22:32:00,378.45,tv,0,2.18,4.78,4.3,199.82,167.37
2023-01-02 22:33:00,336.53,tv,0,3.24,5.15,4.96,173.71,149.47
2023-01-02 22:34:00,338.48,fridge,0,8.38,7.16,4.12,148.0,170.82
2023-01-02 22:35:00,300.81,tv,0,8.69,5.23,2.86,169.0,115.03
2023-01-02 22:36:00,359.12,tv,0,4.75,5.46,2.31,205.66,140.95
2023-01-02 22:37:00,375.02,tv,0,5.84,6.54,6.44,235.35,120.85
2023-01-02 22:38:00,410.64,tv,0,3.69,4.57,0.87,214.9,186.62
2023-01-02 22:39:00,346.75,tv,0,2.01,1.08,7.34,196.98,139.33
2023-01-02 22:40:00,448.52,tv,0,3.55,6.28,3.78,252.57,182.34
2023-01-02 22:41:00,443.21,tv,0,7.77,3.77,4.22,273.18,154.27
2023-01-02 22:42:00,361.26,tv,0,2.16,6.73,4.01,208.89,139.47
2023-01-02 22:43:00,404.45,tv,0,5.41,6.21,2.27,231.46,159.1
2023-01-02 22:44:00,421.78,tv,0,5.71,1.7,4.67,220.77,188.93
2023-01-02 22:45:00,295.99,tv,0,6.56,3.78,5.55,141.83,138.26
2023-01-02 22:46:00,422.15,tv,0,0.0,6.06,1.42,265.15,149.53
2023-01-02 22:47:00,344.06,tv,0,4.13,5.41,3.0,168.16,163.36
2023-01-02 22:48:00,316.42,tv,0,4.21,3.23,7.84,166.03,135.11
2023-01-02 22:49:00,395.67,tv,0,6.48,6.07,5.97,237.28,139.87
2023-01-02 22:50:00,337.06,tv,0,5.92,4.89,3.14,188.23,134.88
2023-01-02 22:51:00,378.11,tv,0,5.47,4.59,6.54,234.88,126.63
2023-01-02 22:52:00,360.61,tv,0,5.3,2.3,5.72,213.27,134.02
2023-01-02 22:53:00,414.24,tv,0,1.85,6.67,6.2,244.19,155.33
2023-01-02 22:54:00,306.17,tv,0,3.27,5.04,5.37,169.59,122.91
2023-01-02 22:55:00,358.22,fridge,0,4.16,4.21,6.33,170.3,173.22
2023-01-02 22:56:00,369.51,tv,0,2.14,5.94,6.74,206.26,148.42
2023-01-02 22:57:00,380.74,tv,0,1.39,5.07,1.6,224.55,148.14
2023-01-02 22:58:00,428.46,tv,0,5.78,8.79,6.35,257.38,150.16
2023-01-02 22:59:00,430.14,tv,0,4.39,1.3,1.42,278.98,144.04
2023-01-02 23:00:00,196.62,fridge,0,8.41,2.5,6.16,7.05,172.49
2023-01-02 23:01:00,168.64,fridge,0,5.15,8.03,5.3,5.01,145.15
2023-01-02 23:02:00,152.98,fridge,0,6.34,4.16,4.07,5.97,132.44
2023-01-02 23:03:00,214.05,fridge,0,2.89,3.93,5.21,6.23,195.79
2023-01-02 23:04:00,135.17,fridge,0,4.93,2.64,3.13,4.03,120.44
2023-01-02 23:05:00,169.0,fridge,0,3.6,8.9,6.79,7.01,142.71
2023-01-02 23:06:00,184.81,fridge,0,3.58,3.17,0.73,5.97,171.37
2023-01-02 23:07:00,203.67,fridge,0,7.71,3.96,2.49,7.27,182.25
2023-01-02 23:08:00,181.02,fridge,0,6.49,2.92,4.97,4.91,161.73
2023-01-02 23:09:00,195.72,fridge,0,10.41,1.9,7.25,0.31,175.85
2023-01-02 23:10:00,174.81,fridge,0,7.7,2.63,5.37,0.47,158.65
2023-01-02 23:11:00,170.68,fridge,0,5.83,5.84,2.31,6.93,149.78
2023-01-02 23:12:00,185.8,fridge,0,5.26,5.44,7.12,7.21,160.76
2023-01-02 23:13:00,152.77,fridge,0,2.8,5.82,5.11,4.36,134.67
2023-01-02 23:14:00,154.56,fridge,0,6.95,3.31,2.7,2.42,139.17
2023-01-02 23:15:00,157.37,fridge,0,7.56,6.73,4.6,6.57,131.91
2023-01-02 23:16:00,167.03,fridge,0,7.16,5.75,3.5,5.91,144.7
2023-01-02 23:17:00,153.88,fridge,0,7.27,6.14,4.95,1.51,134.0
2023-01-02 23:18:00,148.43,fridge,0,8.15,5.67,5.52,4.04,125.06
2023-01-02 23:19:00,186.71,fridge,0,3.68,5.36,7.69,5.98,164.0
2023-01-02 23:20:00,187.21,fridge,0,2.93,5.96,9.86,0.1,168.36
2023-01-02 23:21:00,164.09,fridge,0,8.7,4.02,3.16,6.68,141.52
2023-01-02 23:22:00,198.49,fridge,0,7.64,6.7,7.93,5.9,170.33
2023-01-02 23:23:00,176.8,fridge,0,4.47,3.91,6.31,8.79,153.32
2023-01-02 23:24:00,156.78,fridge,0,5.83,2.99,1.96,7.6,138.38
2023-01-02 23:25:00,155.64,fridge,0,7.14,3.87,3.96,3.69,136.98
2023-01-02 23:26:00,218.55,fridge,0,3.33,5.18,8.53,6.67,194.84
2023-01-02 23:27:00,158.86,fridge,0,2.98,5.4,0.96,0.0,149.52
2023-01-02 23:28:00,138.31,fridge,0,4.01,4.69,8.66,6.76,114.19
2023-01-02 23:29:00,146.81,fridge,0,2.79,9.25,4.65,8.79,121.33
2023-01-02 23:30:00,163.25,fridge,0,0.0,5.19,7.5,6.64,143.92
2023-01-02 23:31:00,136.61,fridge,0,5.25,4.83,4.05,6.11,116.37
2023-01-02 23:32:00,157.0,fridge,0,6.8,5.54,5.51,3.19,135.95
2023-01-02 23:33:00,137.97,fridge,1,5.31,7.45,8.98,1.67,114.55
2023-01-02 23:34:00,221.18,fridge,0,6.56,5.91,6.83,5.23,196.66
2023-01-02 23:35:00,173.87,fridge,0,3.51,10.05,4.33,5.6,150.39
2023-01-02 23:36:00,139.18,fridge,0,0.0,5.61,3.71,4.49,125.37
2023-01-02 23:37:00,201.14,fridge,0,6.43,7.03,8.22,1.81,177.65
2023-01-02 23:38:00,173.02,fridge,0,6.48,7.49,4.08,7.74,147.22
2023-01-02 23:39:00,169.16,fridge,0,5.27,1.77,4.77,3.77,153.58
2023-01-02 23:40:00,182.31,fridge,0,3.12,5.11,4.05,4.01,166.02
2023-01-02 23:41:00,186.68,fridge,0,8.38,8.24,9.33,8.63,152.1
2023-01-02 23:42:00,170.03,fridge,0,3.99,8.78,6.95,3.88,146.43
2023-01-02 23:43:00,191.61,fridge,0,4.78,4.03,4.8,7.47,170.52
2023-01-02 23:44:00,156.37,fridge,0,2.18,5.3,6.55,7.61,134.73
2023-01-02 23:45:00,140.23,fridge,0,4.18,4.79,4.14,4.56,122.55
2023-01-02 23:46:00,195.02,fridge,0,4.45,5.86,6.93,2.82,174.97
2023-01-02 23:47:00,123.93,fridge,0,4.09,4.62,7.02,3.26,104.94
2023-01-02 23:48:00,170.64,fridge,0,5.08,3.42,7.88,2.85,151.41
2023-01-02 23:49:00,200.88,fridge,0,2.33,4.83,6.29,5.04,182.39
2023-01-02 23:50:00,145.23,fridge,0,2.87,3.06,4.99,5.03,129.28
2023-01-02 23:51:00,199.92,fridge,0,8.84,4.54,3.92,5.32,177.31
2023-01-02 23:52:00,175.51,fridge,0,7.3,2.72,4.55,4.44,156.49
2023-01-02 23:53:00,187.68,fridge,0,8.98,7.77,5.63,3.91,161.39
2023-01-02 23:54:00,188.65,fridge,0,4.95,6.88,3.31,0.68,172.82
2023-01-02 23:55:00,166.79,fridge,0,4.16,5.33,5.63,1.25,150.42
2023-01-02 23:56:00,218.67,fridge,0,5.1,6.0,6.15,7.03,194.39
2023-01-02 23:57:00,139.36,fridge,0,2.94,2.59,4.27,2.4,127.17
2023-01-02 23:58:00,161.72,fridge,0,6.17,0.96,5.89,5.17,143.52
2023-01-02 23:59:00,165.63,fridge,0,3.72,4.93,5.44,0.0,151.54
2023-01-03 00:00:00,197.69,fridge,0,8.97,6.36,3.31,2.97,176.08
2023-01-03 00:01:00,169.82,fridge,0,2.48,4.2,6.17,5.92,151.04
2023-01-03 00:02:00,175.19,fridge,0,4.02,4.9,4.68,5.16,156.43
2023-01-03 00:03:00,168.4,fridge,0,2.2,2.18,6.72,6.72,150.58
2023-01-03 00:04:00,156.38,fridge,0,3.66,6.5,6.29,5.85,134.08
2023-01-03 00:05:00,168.02,fridge,0,6.9,2.05,4.15,2.22,152.69
2023-01-03 00:06:00,160.94,fridge,0,3.26,5.92,5.38,2.56,143.81
2023-01-03 00:07:00,183.93,fridge,0,6.49,4.85,4.5,4.81,163.28
2023-01-03 00:08:00,188.8,fridge,0,4.24,8.96,2.68,6.1,166.82
2023-01-03 00:09:00,175.39,fridge,0,7.51,3.53,3.05,3.42,157.88
2023-01-03 00:10:00,170.05,fridge,0,7.93,5.49,1.35,6.57,148.72
2023-01-03 00:11:00,192.42,fridge,0,2.96,6.42,10.04,6.82,166.19
2023-01-03 00:12:00,169.06,fridge,0,7.72,5.83,6.6,4.01,144.89
2023-01-03 00:13:00,140.58,fridge,0,3.49,5.59,4.52,5.82,121.17
2023-01-03 00:14:00,159.6,fridge,0,2.98,5.52,6.29,2.14,142.68
2023-01-03 00:15:00,165.77,fridge,0,6.02,4.84,6.16,2.68,146.07
2023-01-03 00:16:00,163.62,fridge,0,0.99,4.88,6.08,5.33,146.34
2023-01-03 00:17:00,134.75,fridge,0,6.82,5.98,3.15,5.72,113.07
2023-01-03 00:18:00,156.32,fridge,0,7.71,3.44,4.79,5.11,135.27
2023-01-03 00:19:00,137.99,fridge,0,3.34,6.33,3.55,6.51,118.27
2023-01-03 00:20:00,163.89,fridge,0,4.69,3.41,6.18,3.72,145.87
2023-01-03 00:21:00,145.43,fridge,0,6.88,8.95,4.81,2.79,122.0
2023-01-03 00:22:00,169.51,fridge,0,7.7,3.21,4.01,4.54,150.04
2023-01-03 00:23:00,168.63,fridge,0,4.81,7.59,7.02,6.31,142.9
2023-01-03 00:24:00,143.98,fridge,0,0.0,3.24,2.08,3.31,135.35
2023-01-03 00:25:00,161.16,fridge,0,6.57,1.75,2.52,5.6,144.71
2023-01-03 00:26:00,138.9,fridge,0,2.47,3.4,5.55,9.7,117.77
2023-01-03 00:27:00,170.74,fridge,0,5.09,3.25,8.0,7.01,147.38
2023-01-03 00:28:00,150.05,fridge,0,2.6,5.09,6.87,0.22,135.27
2023-01-03 00:29:00,182.31,fridge,1,2.74,7.2,6.84,11.86,153.67
2023-01-03 00:30:00,183.89,fridge,0,8.69,3.9,8.29,3.15,159.85
2023-01-03 00:31:00,198.8,fridge,0,4.51,3.02,3.26,5.25,182.75
2023-01-03 00:32:00,174.42,fridge,0,4.32,3.93,7.4,5.9,152.87
2023-01-03 00:33:00,166.37,fridge,0,2.36,6.27,2.62,1.94,153.18
2023-01-03 00:34:00,155.81,fridge,0,6.48,4.62,7.69,1.05,135.97
2023-01-03 00:35:00,170.93,fridge,0,4.13,3.46,6.02,0.7,156.62
2023-01-03 00:36:00,146.99,fridge,0,2.56,3.2,2.21,8.56,130.46
2023-01-03 00:37:00,178.02,fridge,0,5.32,4.57,6.08,5.41,156.65
2023-01-03 00:38:00,175.66,fridge,0,3.31,2.99,8.14,7.2,154.02
2023-01-03 00:39:00,185.59,fridge,0,3.48,6.83,3.66,1.58,170.06
2023-01-03 00:40:00,179.21,fridge,0,5.01,4.53,2.34,6.07,161.26
2023-01-03 00:41:00,159.24,fridge,0,0.74,4.23,4.2,4.81,145.27
2023-01-03 00:42:00,110.42,fridge,0,4.59,4.73,3.72,1.64,95.75
2023-01-03 00:43:00,207.29,fridge,1,9.03,7.99,4.91,30.9,154.46
2023-01-03 00:44:00,155.21,fridge,0,3.3,4.65,4.87,3.66,138.73
2023-01-03 00:45:00,153.84,fridge,0,6.65,8.15,4.39,4.5,130.16
2023-01-03 00:46:00,162.49,fridge,0,5.13,6.27,4.83,5.76,140.5
2023-01-03 00:47:00,141.94,fridge,0,4.66,5.54,5.08,3.57,123.09
2023-01-03 00:48:00,199.39,fridge,0,1.8,5.98,3.7,6.33,181.59
2023-01-03 00:49:00,164.05,fridge,0,2.18,6.59,5.02,2.36,147.9
2023-01-03 00:50:00,167.75,fridge,0,2.54,4.03,2.87,9.54,148.78
2023-01-03 00:51:00,179.21,fridge,0,5.4,3.94,6.86,8.52,154.47
2023-01-03 00:52:00,154.36,fridge,0,5.22,5.59,4.55,3.74,135.27
2023-01-03 00:53:00,159.06,fridge,0,6.55,6.93,5.89,5.2,134.49
2023-01-03 00:54:00,150.39,fridge,0,2.0,4.98,3.88,5.64,133.9
2023-01-03 00:55:00,149.44,fridge,0,4.54,2.71,5.76,3.34,133.09
2023-01-03 00:56:00,180.87,fridge,0,8.96,4.62,4.88,1.19,161.22
2023-01-03 00:57:00,188.12,fridge,0,6.0,7.98,4.14,4.96,165.04
2023-01-03 00:58:00,155.16,fridge,0,2.2,2.31,3.71,5.85,141.09
2023-01-03 00:59:00,169.08,fridge,0,6.91,5.34,6.23,7.45,143.14
2023-01-03 01:00:00,144.44,fridge,0,5.46,8.81,4.97,1.36,123.83
2023-01-03 01:01:00,201.08,fridge,0,9.65,2.51,6.95,5.84,176.13
2023-01-03 01:02:00,149.95,fridge,0,4.58,5.25,7.17,3.33,129.62
2023-01-03 01:03:00,194.84,fridge,0,5.05,5.07,6.51,9.73,168.47
2023-01-03 01:04:00,135.02,fridge,0,3.51,5.63,5.07,1.9,118.91
2023-01-03 01:05:00,187.05,fridge,0,6.99,0.0,4.19,7.35,168.52
2023-01-03 01:06:00,170.14,fridge,0,3.38,2.77,6.74,4.19,153.06
2023-01-03 01:07:00,168.23,fridge,0,3.77,9.08,3.69,8.33,143.36
2023-01-03 01:08:00,166.18,fridge,0,2.92,4.82,5.19,3.5,149.74
2023-01-03 01:09:00,138.53,fridge,0,5.87,3.53,5.53,2.58,121.01
2023-01-03 01:10:00,182.57,fridge,0,1.24,4.93,3.39,6.09,166.91
2023-01-03 01:11:00,203.2,fridge,0,3.67,4.77,9.44,8.32,177.0
2023-01-03 01:12:00,192.95,fridge,0,6.53,2.16,4.14,5.47,174.64
2023-01-03 01:13:00,202.96,fridge,1,5.48,5.49,3.89,8.58,179.51
2023-01-03 01:14:00,218.1,fridge,1,15.17,4.45,3.94,6.69,187.85
2023-01-03 01:15:00,167.75,fridge,0,6.84,4.97,5.81,6.8,143.32
2023-01-03 01:16:00,179.26,fridge,0,3.01,1.68,4.81,2.77,166.99
2023-01-03 01:17:00,161.6,fridge,0,3.83,7.7,5.87,4.56,139.64
2023-01-03 01:18:00,175.2,fridge,0,5.65,7.87,3.74,6.29,151.64
2023-01-03 01:19:00,186.77,fridge,0,5.21,6.8,6.89,6.64,161.22
2023-01-03 01:20:00,160.73,fridge,0,6.2,4.33,2.01,2.07,146.13
2023-01-03 01:21:00,183.27,fridge,0,0.75,3.57,3.48,4.14,171.33
2023-01-03 01:22:00,186.38,fridge,0,7.62,3.91,8.17,5.59,161.09
2023-01-03 01:23:00,155.49,fridge,0,6.16,2.77,5.12,3.05,138.41
2023-01-03 01:24:00,163.08,fridge,0,2.86,4.2,5.21,4.54,146.28
2023-01-03 01:25:00,161.83,fridge,0,4.9,6.04,4.7,5.71,140.48
2023-01-03 01:26:00,196.69,fridge,0,6.33,7.44,10.51,7.33,165.08
2023-01-03 01:27:00,173.5,fridge,0,4.11,3.21,6.19,5.71,154.28
2023-01-03 01:28:00,134.42,fridge,0,3.17,3.11,4.74,7.09,116.3
2023-01-03 01:29:00,173.56,fridge,0,6.51,5.77,6.83,2.9,151.54
2023-01-03 01:30:00,168.8,fridge,0,5.8,5.05,5.47,5.76,146.71
2023-01-03 01:31:00,150.13,fridge,0,3.41,2.92,8.03,2.61,133.16
2023-01-03 01:32:00,158.22,fridge,0,2.72,3.26,6.7,2.81,142.72
2023-01-03 01:33:00,167.09,fridge,0,4.02,5.29,8.95,5.86,142.97
2023-01-03 01:34:00,178.63,fridge,0,2.05,3.49,5.95,4.91,162.23
2023-01-03 01:35:00,183.96,fridge,0,4.14,6.06,2.33,4.63,166.81
2023-01-03 01:36:00,165.27,fridge,0,6.25,1.92,4.28,3.43,149.39
2023-01-03 01:37:00,169.18,fridge,0,3.6,3.72,7.96,6.12,147.78
2023-01-03 01:38:00,167.94,fridge,0,4.06,3.23,3.82,4.18,152.64
2023-01-03 01:39:00,186.95,fridge,0,5.04,5.33,6.08,7.5,163.01
2023-01-03 01:40:00,157.57,fridge,0,0.0,6.1,3.04,4.69,143.75
2023-01-03 01:41:00,193.38,fridge,0,4.46,6.7,6.45,4.93,170.83
2023-01-03 01:42:00,167.31,fridge,0,2.89,6.73,5.39,2.56,149.73
2023-01-03 01:43:00,165.84,fridge,0,5.04,5.16,4.81,6.05,144.79
2023-01-03 01:44:00,182.99,fridge,0,8.52,7.82,7.78,5.17,153.7
2023-01-03 01:45:00,177.43,fridge,0,5.03,5.94,4.37,2.98,159.11
2023-01-03 01:46:00,187.3,fridge,0,3.81,6.75,5.15,2.62,168.97
2023-01-03 01:47:00,141.6,fridge,0,9.1,4.24,4.3,3.46,120.49
2023-01-03 01:48:00,166.47,fridge,0,3.62,4.51,4.94,4.31,149.09
2023-01-03 01:49:00,163.41,fridge,0,2.79,10.02,5.17,5.47,139.97
2023-01-03 01:50:00,159.48,fridge,0,2.77,4.46,4.8,4.65,142.79
2023-01-03 01:51:00,101.38,fridge,0,2.93,1.92,1.44,6.59,88.5
2023-01-03 01:52:00,175.99,fridge,0,1.92,2.23,4.85,3.01,163.98
2023-01-03 01:53:00,143.21,fridge,0,5.54,6.15,5.83,2.76,122.93
2023-01-03 01:54:00,158.42,fridge,0,5.65,7.48,4.61,5.66,135.01
2023-01-03 01:55:00,197.58,fridge,0,5.83,4.2,3.87,6.33,177.35
2023-01-03 01:56:00,139.91,fridge,0,5.14,6.77,3.61,3.83,120.55
2023-01-03 01:57:00,145.07,fridge,0,5.86,6.61,5.62,7.33,119.65
2023-01-03 01:58:00,152.52,fridge,0,4.29,3.66,3.89,4.09,136.59
2023-01-03 01:59:00,171.74,fridge,0,4.95,3.87,3.92,6.29,152.71
2023-01-03 02:00:00,143.62,fridge,0,6.28,2.41,6.19,5.74,122.99
2023-01-03 02:01:00,149.7,fridge,0,5.27,5.85,8.22,2.04,128.3
2023-01-03 02:02:00,137.06,fridge,0,3.25,3.56,3.58,6.04,120.63
2023-01-03 02:03:00,152.21,fridge,0,0.58,7.63,3.66,2.6,137.74
2023-01-03 02:04:00,150.97,fridge,0,4.58,4.67,5.27,5.27,131.17
2023-01-03 02:05:00,159.99,fridge,0,5.07,4.45,4.25,2.9,143.32
2023-01-03 02:06:00,156.58,fridge,0,2.96,5.21,3.04,9.58,135.8
2023-01-03 02:07:00,145.05,fridge,0,6.56,4.28,4.37,6.08,123.76
2023-01-03 02:08:00,189.46,fridge,0,5.77,0.97,6.39,5.75,170.58
2023-01-03 02:09:00,173.43,fridge,0,6.1,4.2,1.22,5.97,155.94
2023-01-03 02:10:00,155.61,fridge,0,4.4,6.84,9.81,2.91,131.65
2023-01-03 02:11:00,173.06,fridge,1,2.98,18.14,0.94,5.17,145.83
2023-01-03 02:12:00,195.04,fridge,0,4.62,7.06,5.96,7.53,169.86
2023-01-03 02:13:00,170.81,fridge,0,6.15,4.4,8.17,2.81,149.29
2023-01-03 02:14:00,159.31,fridge,0,5.53,7.43,7.68,9.4,129.27
2023-01-03 02:15:00,196.45,fridge,0,4.72,7.59,4.92,5.44,173.77
2023-01-03 02:16:00,128.3,fridge,0,4.75,4.11,4.72,4.96,109.75
2023-01-03 02:17:00,141.79,fridge,0,6.57,4.56,4.25,4.78,121.62
2023-01-03 02:18:00,198.82,fridge,0,2.77,6.1,7.98,7.2,174.77
2023-01-03 02:19:00,133.79,fridge,0,7.61,5.82,5.23,1.89,113.23
2023-01-03 02:20:00,159.7,fridge,0,6.52,2.99,5.99,4.45,139.75
2023-01-03 02:21:00,139.56,fridge,0,1.73,6.4,4.02,6.42,120.99
2023-01-03 02:22:00,171.05,fridge,0,5.6,5.9,3.35,4.18,152.02
2023-01-03 02:23:00,152.2,fridge,0,5.61,2.97,6.61,7.96,129.05
2023-01-03 02:24:00,161.29,fridge,0,5.0,4.34,3.61,1.71,146.62
2023-01-03 02:25:00,186.89,fridge,0,2.6,5.8,6.9,4.89,166.7
2023-01-03 02:26:00,126.0,fridge,0,7.25,2.67,4.0,4.8,107.29
2023-01-03 02:27:00,162.55,fridge,0,3.05,3.26,3.54,7.44,145.27
2023-01-03 02:28:00,181.82,fridge,0,4.47,7.76,4.92,2.62,162.06
2023-01-03 02:29:00,196.01,fridge,0,5.62,4.94,3.67,6.93,174.85
2023-01-03 02:30:00,168.9,fridge,0,2.46,2.95,7.62,2.74,153.13
2023-01-03 02:31:00,161.1,fridge,0,7.25,2.44,6.61,5.29,139.5
2023-01-03 02:32:00,162.45,fridge,0,6.53,3.46,1.96,5.85,144.64
2023-01-03 02:33:00,177.5,fridge,0,2.85,3.29,7.22,1.36,162.77
2023-01-03 02:34:00,181.49,fridge,0,5.25,5.44,7.66,6.66,156.48
2023-01-03 02:35:00,201.66,fridge,0,1.99,1.27,6.02,7.11,185.27
2023-01-03 02:36:00,182.05,fridge,0,6.61,7.62,2.22,7.72,157.88
2023-01-03 02:37:00,149.19,fridge,0,3.9,3.26,5.49,5.43,131.11
2023-01-03 02:38:00,146.41,fridge,0,6.65,5.83,4.74,8.51,120.69
2023-01-03 02:39:00,193.21,fridge,0,2.46,5.79,9.34,7.4,168.22
2023-01-03 02:40:00,190.26,fridge,0,8.09,4.73,7.28,8.89,161.26
2023-01-03 02:41:00,176.43,fridge,0,4.96,7.76,7.93,6.35,149.43
2023-01-03 02:42:00,211.35,fridge,0,3.91,5.61,6.25,5.06,190.52
2023-01-03 02:43:00,166.54,fridge,0,5.41,3.9,4.27,3.47,149.48
2023-01-03 02:44:00,141.84,fridge,0,4.08,2.99,4.42,2.3,128.04
2023-01-03 02:45:00,173.29,fridge,0,3.65,3.63,3.35,5.79,156.87
2023-01-03 02:46:00,159.76,fridge,0,5.62,5.29,3.52,4.67,140.66
2023-01-03 02:47:00,174.91,fridge,0,5.6,0.0,2.51,7.53,159.27
2023-01-03 02:48:00,154.22,fridge,0,1.12,2.98,2.99,7.14,140.0
2023-01-03 02:49:00,145.38,fridge,0,5.95,5.14,6.23,3.31,124.76
2023-01-03 02:50:00,134.78,fridge,0,1.05,5.35,1.55,8.71,118.12
2023-01-03 02:51:00,98.8,fridge,0,8.64,0.71,0.92,4.59,83.94
2023-01-03 02:52:00,183.98,fridge,0,4.15,3.96,7.0,7.87,161.0
2023-01-03 02:53:00,197.21,fridge,0,4.71,5.97,3.97,3.54,179.01
2023-01-03 02:54:00,169.97,fridge,0,6.73,3.62,8.07,7.31,144.24
2023-01-03 02:55:00,176.47,fridge,0,2.94,4.07,6.73,6.62,156.11
2023-01-03 02:56:00,177.65,fridge,0,4.81,6.79,4.41,8.31,153.34
2023-01-03 02:57:00,186.06,fridge,0,5.25,4.96,7.58,6.81,161.46
2023-01-03 02:58:00,151.06,fridge,0,6.02,5.16,5.68,0.36,133.85
2023-01-03 02:59:00,186.11,fridge,0,4.06,4.04,4.75,5.09,168.17
2023-01-03 03:00:00,172.06,fridge,0,1.95,4.29,4.53,7.61,153.67
2023-01-03 03:01:00,182.34,fridge,0,5.59,4.84,6.89,5.18,159.85
2023-01-03 03:02:00,197.1,fridge,0,4.98,6.0,6.86,4.59,174.68
2023-01-03 03:03:00,165.88,fridge,0,2.73,1.94,2.64,4.5,154.07
2023-01-03 03:04:00,138.62,fridge,0,6.19,6.52,4.64,5.46,115.82
2023-01-03 03:05:00,148.46,fridge,0,4.49,6.93,2.43,5.03,129.57
2023-01-03 03:06:00,180.01,fridge,0,1.19,5.64,6.2,4.91,162.07
2023-01-03 03:07:00,137.61,fridge,0,0.0,4.45,1.09,4.68,127.4
2023-01-03 03:08:00,154.33,fridge,0,4.53,6.96,3.0,3.64,136.19
2023-01-03 03:09:00,187.07,fridge,1,16.38,4.4,4.25,5.36,156.69
2023-01-03 03:10:00,192.01,fridge,0,6.26,4.65,6.97,2.8,171.34
2023-01-03 03:11:00,158.95,fridge,0,6.55,5.92,2.68,3.23,140.58
2023-01-03 03:12:00,138.65,fridge,0,5.8,5.77,3.86,5.0,118.21
2023-01-03 03:13:00,164.17,fridge,0,4.94,7.7,4.12,6.88,140.53
2023-01-03 03:14:00,159.96,fridge,0,6.4,3.44,4.58,6.78,138.76
2023-01-03 03:15:00,189.54,fridge,0,2.28,4.74,4.47,6.22,171.83
2023-01-03 03:16:00,235.76,fridge,0,6.18,5.05,7.34,3.35,213.83
2023-01-03 03:17:00,171.25,fridge,0,7.06,4.53,4.59,3.91,151.16
2023-01-03 03:18:00,177.06,fridge,0,4.56,7.33,2.97,5.05,157.15
2023-01-03 03:19:00,147.14,fridge,0,5.43,3.15,4.17,5.32,129.08
2023-01-03 03:20:00,150.77,fridge,0,5.18,2.13,6.41,5.88,131.18
2023-01-03 03:21:00,166.83,fridge,0,2.77,4.52,7.05,6.92,145.56
2023-01-03 03:22:00,202.88,fridge,0,4.12,4.56,9.02,5.4,179.79
2023-01-03 03:23:00,181.15,fridge,0,3.65,4.3,6.31,6.89,160.0
2023-01-03 03:24:00,166.75,fridge,0,5.34,5.07,4.05,4.55,147.73
2023-01-03 03:25:00,154.75,fridge,0,8.76,5.28,4.34,4.75,131.62
2023-01-03 03:26:00,175.93,fridge,0,6.36,6.87,3.45,6.03,153.22
2023-01-03 03:27:00,169.23,fridge,0,4.74,4.83,2.65,5.14,151.87
2023-01-03 03:28:00,148.98,fridge,0,3.52,4.99,3.81,3.76,132.89
2023-01-03 03:29:00,157.61,fridge,0,3.16,1.9,4.66,2.46,145.44
2023-01-03 03:30:00,169.98,fridge,0,6.13,6.88,4.49,5.76,146.72
2023-01-03 03:31:00,188.93,fridge,0,4.95,7.57,6.2,7.18,163.03
2023-01-03 03:32:00,183.24,fridge,0,3.28,5.53,6.07,5.99,162.36
2023-01-03 03:33:00,170.25,fridge,0,5.94,8.18,3.02,6.16,146.94
2023-01-03 03:34:00,197.59,fridge,0,6.63,4.47,6.04,8.03,172.42
2023-01-03 03:35:00,176.65,fridge,0,4.67,2.36,5.79,4.16,159.67
2023-01-03 03:36:00,163.23,fridge,0,3.99,8.32,9.01,5.79,136.12
2023-01-03 03:37:00,155.84,fridge,0,8.77,5.08,5.47,3.3,133.23
2023-01-03 03:38:00,174.05,fridge,0,8.75,6.42,7.18,6.74,144.96
2023-01-03 03:39:00,139.24,fridge,0,3.96,5.68,5.47,6.66,117.47
2023-01-03 03:40:00,172.43,fridge,0,5.83,4.64,2.39,2.93,156.64
2023-01-03 03:41:00,143.17,fridge,0,3.84,2.74,4.46,5.87,126.26
2023-01-03 03:42:00,179.35,fridge,0,5.51,3.83,6.8,5.46,157.75
2023-01-03 03:43:00,161.73,fridge,0,3.61,5.39,8.72,5.38,138.63
2023-01-03 03:44:00,187.87,fridge,0,5.03,5.57,6.06,7.53,163.69
2023-01-03 03:45:00,164.19,fridge,0,3.72,4.87,1.71,3.4,150.48
2023-01-03 03:46:00,146.66,fridge,0,3.96,4.77,5.6,3.64,128.68
2023-01-03 03:47:00,176.39,fridge,0,5.25,4.07,7.04,5.22,154.82
2023-01-03 03:48:00,162.99,fridge,0,7.66,3.87,5.01,6.99,139.46
2023-01-03 03:49:00,196.75,fridge,0,7.34,2.67,8.23,6.73,171.77
2023-01-03 03:50:00,157.46,fridge,0,5.94,2.05,4.29,3.43,141.75
2023-01-03 03:51:00,186.42,fridge,0,7.61,5.29,9.16,2.7,161.66
2023-01-03 03:52:00,154.13,fridge,0,4.06,6.41,4.63,4.46,134.57
2023-01-03 03:53:00,183.84,fridge,0,5.29,2.62,5.2,6.89,163.84
2023-01-03 03:54:00,176.37,fridge,0,7.38,5.61,3.37,5.76,154.25
2023-01-03 03:55:00,145.13,fridge,0,5.99,6.95,5.86,4.08,122.24
2023-01-03 03:56:00,180.66,fridge,0,3.3,5.89,6.07,4.65,160.76
2023-01-03 03:57:00,181.13,fridge,0,2.22,4.22,0.04,4.62,170.03
2023-01-03 03:58:00,186.18,fridge,0,5.21,2.11,3.0,5.05,170.8
2023-01-03 03:59:00,164.44,fridge,0,5.08,5.66,4.29,3.48,145.92
2023-01-03 04:00:00,135.29,fridge,0,0.76,5.54,6.21,3.2,119.59
2023-01-03 04:01:00,170.42,fridge,0,5.97,3.93,3.7,4.85,151.97
2023-01-03 04:02:00,171.41,fridge,0,4.66,3.62,5.1,5.91,152.12
2023-01-03 04:03:00,233.77,fridge,0,6.78,5.85,9.12,6.39,205.64
2023-01-03 04:04:00,182.14,fridge,0,4.49,4.63,6.0,6.41,160.63
2023-01-03 04:05:00,180.12,fridge,0,4.64,5.57,8.59,2.17,159.14
2023-01-03 04:06:00,149.15,fridge,0,2.91,5.6,0.95,1.95,137.74
2023-01-03 04:07:00,215.4,fridge,0,3.82,5.41,4.55,6.1,195.51
2023-01-03 04:08:00,132.32,fridge,0,7.06,3.32,0.36,2.75,118.82
2023-01-03 04:09:00,192.91,fridge,1,1.83,18.98,2.42,7.76,161.92
2023-01-03 04:10:00,150.02,fridge,0,7.21,6.64,5.66,5.24,125.26
2023-01-03 04:11:00,161.85,fridge,1,3.9,2.84,12.17,4.92,138.02
2023-01-03 04:12:00,186.02,fridge,0,5.99,2.77,4.69,6.85,165.73
2023-01-03 04:13:00,135.55,fridge,0,5.66,5.31,4.42,2.74,117.43
2023-01-03 04:14:00,149.39,fridge,0,4.47,6.3,3.72,3.86,131.03
2023-01-03 04:15:00,167.75,fridge,0,7.42,7.62,6.9,3.07,142.74
2023-01-03 04:16:00,159.51,fridge,0,5.77,3.19,5.31,6.34,138.89
2023-01-03 04:17:00,195.94,fridge,0,5.5,6.56,8.04,5.63,170.21
2023-01-03 04:18:00,176.67,fridge,0,7.54,2.39,3.59,5.65,157.49
2023-01-03 04:19:00,151.46,fridge,0,3.07,5.6,3.23,3.76,135.8
2023-01-03 04:20:00,163.35,fridge,0,6.98,2.66,3.42,3.6,146.71
2023-01-03 04:21:00,126.69,fridge,0,3.93,2.27,3.55,0.11,116.83
2023-01-03 04:22:00,144.66,fridge,0,5.4,5.78,3.7,1.54,128.24
2023-01-03 04:23:00,147.62,fridge,0,6.41,4.73,1.62,4.46,130.41
2023-01-03 04:24:00,149.06,fridge,0,5.96,2.86,0.93,6.65,132.67
2023-01-03 04:25:00,111.34,fridge,0,4.34,4.55,5.67,5.13,91.65
2023-01-03 04:26:00,151.39,fridge,0,6.22,4.4,4.6,1.08,135.09
2023-01-03 04:27:00,142.41,fridge,0,0.0,3.74,6.83,7.54,124.31
2023-01-03 04:28:00,151.08,fridge,0,9.01,0.0,8.69,3.15,130.23
2023-01-03 04:29:00,190.67,fridge,0,6.26,7.89,2.58,1.58,172.37
2023-01-03 04:30:00,178.11,fridge,0,8.04,3.84,5.67,7.13,153.43
2023-01-03 04:31:00,151.3,fridge,0,3.35,6.38,2.45,3.55,135.57
2023-01-03 04:32:00,174.73,fridge,0,1.76,1.56,6.62,5.27,159.52
2023-01-03 04:33:00,212.59,fridge,0,5.01,6.27,6.45,8.35,186.5
2023-01-03 04:34:00,182.5,fridge,0,5.74,5.31,6.05,4.11,161.28
2023-01-03 04:35:00,166.81,fridge,0,3.11,7.13,1.77,6.21,148.6
2023-01-03 04:36:00,133.28,fridge,0,4.12,7.34,6.82,3.19,111.81
2023-01-03 04:37:00,136.57,fridge,0,5.35,4.12,4.03,5.68,117.4
2023-01-03 04:38:00,174.87,fridge,0,5.18,1.58,6.64,7.26,154.22
2023-01-03 04:39:00,150.65,fridge,0,1.05,5.7,6.31,6.12,131.46
2023-01-03 04:40:00,193.57,fridge,0,3.15,5.16,3.49,3.56,178.2
2023-01-03 04:41:00,192.07,fridge,0,6.4,2.73,1.87,3.44,177.63
2023-01-03 04:42:00,125.31,fridge,0,4.07,2.62,4.57,4.14,109.91
2023-01-03 04:43:00,167.1,fridge,0,2.86,2.59,4.17,4.12,153.35
2023-01-03 04:44:00,172.59,fridge,0,2.59,2.81,5.42,2.71,159.06
2023-01-03 04:45:00,192.42,fridge,0,5.46,3.39,3.86,3.81,175.9
2023-01-03 04:46:00,156.16,fridge,0,5.34,5.66,5.89,4.44,134.82
2023-01-03 04:47:00,191.98,fridge,0,7.91,6.52,4.58,3.82,169.14
2023-01-03 04:48:00,154.42,fridge,0,6.09,2.81,3.91,3.27,138.34
2023-01-03 04:49:00,147.24,fridge,0,5.19,4.58,3.98,7.42,126.08
2023-01-03 04:50:00,185.28,fridge,0,6.23,4.84,8.61,6.51,159.09
2023-01-03 04:51:00,187.39,fridge,0,3.98,5.04,7.98,9.27,161.11
2023-01-03 04:52:00,153.53,fridge,0,5.14,2.14,4.4,5.88,135.96
2023-01-03 04:53:00,183.75,fridge,0,3.35,1.34,5.51,2.94,170.61
2023-01-03 04:54:00,171.56,fridge,0,8.78,5.35,4.93,9.33,143.18
2023-01-03 04:55:00,189.86,fridge,0,3.97,7.24,5.17,5.65,167.83
2023-01-03 04:56:00,151.8,fridge,0,7.49,6.0,2.88,4.3,131.13
2023-01-03 04:57:00,163.59,fridge,0,4.95,8.61,7.83,6.52,135.68
2023-01-03 04:58:00,184.99,fridge,0,3.64,6.15,7.52,6.37,161.3
2023-01-03 04:59:00,175.33,fridge,0,7.71,6.09,4.67,4.64,152.22
2023-01-03 05:00:00,1605.22,geyser,0,1474.66,4.02,3.25,7.11,116.17
2023-01-03 05:01:00,1637.4,geyser,0,1467.5,6.25,5.72,5.88,152.05
2023-01-03 05:02:00,1560.73,geyser,0,1423.42,3.42,4.85,1.57,127.47
2023-01-03 05:03:00,1660.93,geyser,0,1495.28,5.08,5.67,7.33,147.57
2023-01-03 05:04:00,1723.7,geyser,0,1546.33,2.26,5.85,5.97,163.28
2023-01-03 05:05:00,1616.77,geyser,0,1431.11,3.36,5.81,10.96,165.54
2023-01-03 05:06:00,1937.91,geyser,0,1713.29,8.79,3.61,7.53,204.68
2023-01-03 05:07:00,1583.3,geyser,0,1412.0,8.53,4.92,3.16,154.69
2023-01-03 05:08:00,1420.1,geyser,0,1233.19,6.52,4.87,4.61,170.92
2023-01-03 05:09:00,1365.66,geyser,0,1207.1,4.68,4.31,6.54,143.02
2023-01-03 05:10:00,1679.32,geyser,0,1480.92,4.76,7.42,5.22,181.01
2023-01-03 05:11:00,1746.06,geyser,0,1555.24,3.76,5.57,2.94,178.55
2023-01-03 05:12:00,1478.72,geyser,0,1309.1,5.33,7.49,6.41,150.38
2023-01-03 05:13:00,1465.41,geyser,0,1330.24,4.26,6.25,4.89,119.76
2023-01-03 05:14:00,1622.8,geyser,0,1458.81,5.7,7.33,3.44,147.52
2023-01-03 05:15:00,1706.2,geyser,0,1569.26,6.38,3.3,1.1,126.17
2023-01-03 05:16:00,1723.38,geyser,0,1544.63,5.76,8.43,2.88,161.68
2023-01-03 05:17:00,1633.46,geyser,0,1443.8,6.9,7.18,4.2,171.38
2023-01-03 05:18:00,1425.15,geyser,0,1250.93,6.22,5.27,7.55,155.18
2023-01-03 05:19:00,1839.66,geyser,0,1648.8,1.59,3.74,4.54,181.0
2023-01-03 05:20:00,1570.98,geyser,0,1427.04,4.05,2.11,5.76,132.02
2023-01-03 05:21:00,1571.58,geyser,0,1427.47,3.47,0.39,4.59,135.66
2023-01-03 05:22:00,1664.67,geyser,0,1508.83,7.47,4.37,3.46,140.55
2023-01-03 05:23:00,1868.38,geyser,0,1699.51,4.31,5.34,1.27,157.95
2023-01-03 05:24:00,1742.55,geyser,0,1566.79,4.65,5.87,4.26,160.97
2023-01-03 05:25:00,1583.68,geyser,0,1404.84,3.2,4.37,5.66,165.61
2023-01-03 05:26:00,1652.33,geyser,0,1489.4,5.0,6.06,9.26,142.61
2023-01-03 05:27:00,1584.98,geyser,0,1401.24,5.91,6.63,5.05,166.15
2023-01-03 05:28:00,1624.79,geyser,0,1432.98,3.94,7.62,4.8,175.46
2023-01-03 05:29:00,1506.68,geyser,0,1305.72,8.19,5.47,6.02,181.28
2023-01-03 05:30:00,1568.87,geyser,0,1362.32,3.66,3.97,5.18,193.73
2023-01-03 05:31:00,1519.27,geyser,0,1385.5,5.42,5.57,2.06,120.71
2023-01-03 05:32:00,1585.82,geyser,0,1434.96,5.67,6.7,3.48,135.0
2023-01-03 05:33:00,1556.78,geyser,0,1388.01,6.86,6.34,5.72,149.86
2023-01-03 05:34:00,1677.97,geyser,0,1515.76,1.59,1.92,5.6,153.1
2023-01-03 05:35:00,1828.39,geyser,0,1630.13,1.15,4.79,9.01,183.32
2023-01-03 05:36:00,1645.3,geyser,0,1446.54,4.83,5.33,3.03,185.57
2023-01-03 05:37:00,1603.23,geyser,0,1468.26,3.47,3.41,1.64,126.45
2023-01-03 05:38:00,1778.44,geyser,0,1589.24,4.85,4.73,4.44,175.19
2023-01-03 05:39:00,1498.7,geyser,0,1313.07,5.34,4.95,4.78,170.55
2023-01-03 05:40:00,1585.74,geyser,0,1395.27,6.17,4.85,5.66,173.8
2023-01-03 05:41:00,1608.24,geyser,0,1443.33,7.13,4.41,5.61,147.75
2023-01-03 05:42:00,1982.39,geyser,0,1844.21,5.06,5.63,4.09,123.41
2023-01-03 05:43:00,1522.2,geyser,0,1380.6,3.19,5.54,4.31,128.57
2023-01-03 05:44:00,1531.01,geyser,0,1374.71,2.38,6.09,4.71,143.12
2023-01-03 05:45:00,1638.41,geyser,0,1474.63,5.61,5.46,5.46,147.24
2023-01-03 05:46:00,1609.42,geyser,0,1445.08,1.31,4.06,3.64,155.33
2023-01-03 05:47:00,1688.51,geyser,0,1525.56,4.73,6.73,6.13,145.37
2023-01-03 05:48:00,5908.77,geyser,1,5747.95,6.08,5.83,3.52,145.4
2023-01-03 05:49:00,6359.15,geyser,1,6166.5,3.87,9.06,2.96,176.77
2023-01-03 05:50:00,1517.41,geyser,0,1352.71,3.13,3.55,10.15,147.87
2023-01-03 05:51:00,1796.38,geyser,0,1624.68,5.44,3.73,1.65,160.87
2023-01-03 05:52:00,1513.47,geyser,0,1387.22,1.33,6.46,3.45,115.0
2023-01-03 05:53:00,1747.93,geyser,0,1598.02,10.22,6.91,4.19,128.6
2023-01-03 05:54:00,1674.9,geyser,0,1517.09,6.94,4.7,8.31,137.86
2023-01-03 05:55:00,1645.13,geyser,0,1439.83,7.8,1.97,6.76,188.79
2023-01-03 05:56:00,1563.96,geyser,0,1381.83,8.63,2.58,6.24,164.69
2023-01-03 05:57:00,1703.07,geyser,0,1529.54,5.34,6.06,5.21,156.92
2023-01-03 05:58:00,1786.54,geyser,0,1596.53,3.84,7.34,6.32,172.51
2023-01-03 05:59:00,1547.65,geyser,0,1401.41,3.92,5.8,5.19,131.33
2023-01-03 06:00:00,1611.42,geyser,0,1473.81,4.56,5.79,3.01,124.24
2023-01-03 06:01:00,1649.22,geyser,0,1514.4,0.26,5.06,4.71,124.78
2023-01-03 06:02:00,1563.82,geyser,0,1439.92,2.79,3.71,6.08,111.32
2023-01-03 06:03:00,1428.23,geyser,0,1308.51,5.12,8.61,6.69,99.3
2023-01-03 06:04:00,1533.63,geyser,0,1346.82,6.26,7.54,6.7,166.32
2023-01-03 06:05:00,1695.12,geyser,0,1527.77,7.76,2.35,7.8,149.45
2023-01-03 06:06:00,1624.82,geyser,0,1441.5,7.97,0.56,1.05,173.74
2023-01-03 06:07:00,1676.84,geyser,0,1498.64,4.37,8.23,7.25,158.36
2023-01-03 06:08:00,1505.82,geyser,0,1333.34,6.73,2.9,6.87,155.97
2023-01-03 06:09:00,1679.81,geyser,0,1514.0,6.46,3.38,3.15,152.82
2023-01-03 06:10:00,1469.98,geyser,0,1341.18,9.8,4.54,6.93,107.52
2023-01-03 06:11:00,1677.8,geyser,0,1574.01,6.59,4.47,4.79,87.93
2023-01-03 06:12:00,1530.19,geyser,0,1351.01,6.35,6.01,3.08,163.74
2023-01-03 06:13:00,1809.17,geyser,0,1622.45,6.42,6.08,8.63,165.59
2023-01-03 06:14:00,1330.46,geyser,0,1163.29,4.38,3.95,1.57,157.27
2023-01-03 06:15:00,1534.4,geyser,0,1364.52,5.51,3.45,4.84,156.08
2023-01-03 06:16:00,1487.76,geyser,0,1329.31,5.92,1.68,8.33,142.53
2023-01-03 06:17:00,1610.68,geyser,0,1412.02,8.59,5.83,5.47,178.77
2023-01-03 06:18:00,1595.64,geyser,0,1405.45,3.42,5.06,4.09,177.63
2023-01-03 06:19:00,1561.24,geyser,0,1428.1,1.42,4.97,9.4,117.35
2023-01-03 06:20:00,1843.6,geyser,0,1680.81,3.31,6.29,3.81,149.38
2023-01-03 06:21:00,1764.3,geyser,0,1598.26,11.13,5.02,4.56,145.32
2023-01-03 06:22:00,1652.57,geyser,0,1478.62,6.05,7.83,2.71,157.36
2023-01-03 06:23:00,1793.6,geyser,0,1629.75,5.61,4.62,3.64,149.97
2023-01-03 06:24:00,1634.63,geyser,0,1493.2,6.58,4.95,6.57,123.33
2023-01-03 06:25:00,1636.86,geyser,0,1476.38,4.06,7.06,5.22,144.15
2023-01-03 06:26:00,1684.65,geyser,0,1503.98,5.98,4.46,4.53,165.71
2023-01-03 06:27:00,1701.97,geyser,0,1534.38,3.66,1.54,7.93,154.47
2023-01-03 06:28:00,1682.08,geyser,0,1540.75,4.93,4.76,3.87,127.78
2023-01-03 06:29:00,1635.2,geyser,0,1439.21,4.88,6.8,4.55,179.76
2023-01-03 06:30:00,1528.88,geyser,0,1398.62,6.75,6.87,4.29,112.35
2023-01-03 06:31:00,1794.02,geyser,0,1635.71,6.14,4.53,2.61,145.02
2023-01-03 06:32:00,1576.25,geyser,0,1410.29,5.6,5.61,6.43,148.31
2023-01-03 06:33:00,1732.58,geyser,0,1582.75,3.2,5.3,2.5,138.83
2023-01-03 06:34:00,1740.88,geyser,0,1571.69,5.0,3.56,0.0,160.63
2023-01-03 06:35:00,1741.76,geyser,0,1569.64,3.75,5.84,6.2,156.33
2023-01-03 06:36:00,1797.05,geyser,0,1628.13,3.97,2.68,7.05,155.22
2023-01-03 06:37:00,1672.43,geyser,0,1506.1,3.2,6.66,7.13,149.35
2023-01-03 06:38:00,1794.8,geyser,0,1647.1,5.64,8.22,6.77,127.07
2023-01-03 06:39:00,1551.01,geyser,0,1406.88,5.4,4.15,3.21,131.36
2023-01-03 06:40:00,1718.81,geyser,1,1510.06,7.98,4.05,9.01,187.71
2023-01-03 06:41:00,1737.85,geyser,0,1585.64,5.77,3.15,6.11,137.19
2023-01-03 06:42:00,1712.9,geyser,0,1541.13,6.19,7.13,3.79,154.66
2023-01-03 06:43:00,1582.26,geyser,0,1450.55,6.43,4.65,3.26,117.37
2023-01-03 06:44:00,1713.13,geyser,0,1547.1,2.41,3.05,3.12,157.45
2023-01-03 06:45:00,1838.93,geyser,0,1678.26,5.19,8.46,5.84,141.17
2023-01-03 06:46:00,1744.15,geyser,0,1569.98,6.95,5.08,6.92,155.23
2023-01-03 06:47:00,1729.9,geyser,0,1550.93,4.78,2.16,4.1,167.92
2023-01-03 06:48:00,1568.97,geyser,0,1415.73,5.05,3.58,7.08,137.53
2023-01-03 06:49:00,1546.18,geyser,0,1377.1,8.68,4.89,4.62,150.89
2023-01-03 06:50:00,1803.64,geyser,0,1615.89,3.43,4.71,5.33,174.28
2023-01-03 06:51:00,1943.44,geyser,0,1766.44,4.1,5.0,6.69,161.22
2023-01-03 06:52:00,1747.63,geyser,0,1557.02,4.89,5.69,10.46,169.58
2023-01-03 06:53:00,1781.32,geyser,0,1613.88,6.15,8.44,5.74,147.1
2023-01-03 06:54:00,1693.7,geyser,0,1502.29,6.88,5.56,4.65,174.31
2023-01-03 06:55:00,1856.37,geyser,0,1678.41,6.18,4.29,6.36,161.14
2023-01-03 06:56:00,1654.47,geyser,0,1478.96,3.94,3.93,5.41,162.22
2023-01-03 06:57:00,1788.25,geyser,0,1627.32,4.62,6.93,4.91,144.48
2023-01-03 06:58:00,1643.97,geyser,0,1469.51,5.59,5.58,0.57,162.72
2023-01-03 06:59:00,1723.63,geyser,0,1545.4,4.71,7.23,6.29,159.99
2023-01-03 07:00:00,1606.18,geyser,0,1464.2,2.09,4.6,3.3,131.99
2023-01-03 07:01:00,1759.76,geyser,0,1596.6,4.02,5.11,1.91,152.12
2023-01-03 07:02:00,1490.43,geyser,0,1329.22,6.87,4.79,5.44,144.11
2023-01-03 07:03:00,1774.64,geyser,0,1592.27,1.05,6.63,6.12,168.57
2023-01-03 07:04:00,1533.67,geyser,0,1401.66,6.64,3.58,4.69,117.1
2023-01-03 07:05:00,1768.2,geyser,0,1628.69,3.16,6.02,5.47,124.86
2023-01-03 07:06:00,1654.68,geyser,0,1472.47,4.55,6.56,3.53,167.57
2023-01-03 07:07:00,1758.41,geyser,0,1604.88,5.63,5.68,2.88,139.33
2023-01-03 07:08:00,1714.09,geyser,0,1531.9,7.52,6.69,5.48,162.5
2023-01-03 07:09:00,1575.16,geyser,0,1412.39,3.91,5.79,3.85,149.22
2023-01-03 07:10:00,1688.48,geyser,0,1511.2,2.62,2.81,2.68,169.16
2023-01-03 07:11:00,1464.97,geyser,0,1301.67,3.58,8.84,4.85,146.03
2023-01-03 07:12:00,1699.44,geyser,0,1569.06,1.33,3.53,3.43,122.1
2023-01-03 07:13:00,1690.12,geyser,0,1497.94,3.89,5.53,2.25,180.52
2023-01-03 07:14:00,1749.0,geyser,0,1590.77,9.25,5.03,3.41,140.53
2023-01-03 07:15:00,1698.73,geyser,0,1515.11,3.8,5.34,7.75,166.73
2023-01-03 07:16:00,1885.75,geyser,0,1681.31,7.12,4.09,2.32,190.91
2023-01-03 07:17:00,1819.35,geyser,0,1655.04,4.89,3.27,6.46,149.7
2023-01-03 07:18:00,1423.43,geyser,0,1239.49,5.25,8.14,6.02,164.52
2023-01-03 07:19:00,1623.42,geyser,0,1434.33,3.36,5.78,0.17,179.78
2023-01-03 07:20:00,1738.38,geyser,1,1538.97,4.34,8.42,16.53,170.13
2023-01-03 07:21:00,1623.08,geyser,0,1447.97,4.6,0.65,5.59,164.27
2023-01-03 07:22:00,1615.98,geyser,0,1463.34,4.77,6.37,7.12,134.38
2023-01-03 07:23:00,1626.22,geyser,0,1459.48,8.33,3.59,7.04,147.78
2023-01-03 07:24:00,1431.4,geyser,0,1287.84,4.15,6.61,5.41,127.38
2023-01-03 07:25:00,1520.86,geyser,0,1331.22,4.1,6.19,5.19,174.16
2023-01-03 07:26:00,1463.75,geyser,0,1316.24,3.54,6.2,0.36,137.41
2023-01-03 07:27:00,1821.42,geyser,0,1648.45,4.11,6.52,6.25,156.09
2023-01-03 07:28:00,1804.51,geyser,0,1633.18,2.82,5.25,3.6,159.66
2023-01-03 07:29:00,1648.08,geyser,0,1462.31,4.09,3.59,6.75,171.34
2023-01-03 07:30:00,1880.8,geyser,0,1740.19,3.87,5.3,6.07,125.37
2023-01-03 07:31:00,1640.38,geyser,0,1471.96,8.12,7.89,8.17,144.24
2023-01-03 07:32:00,1459.83,geyser,0,1285.65,6.59,5.15,4.9,157.53
2023-01-03 07:33:00,1617.15,geyser,0,1447.54,9.15,6.29,3.62,150.54
2023-01-03 07:34:00,1605.7,geyser,0,1419.7,2.91,3.4,5.63,174.06
2023-01-03 07:35:00,1657.31,geyser,0,1480.09,4.98,4.8,1.26,166.18
2023-01-03 07:36:00,1698.98,geyser,0,1555.62,6.26,5.51,8.03,123.57
2023-01-03 07:37:00,1799.39,geyser,0,1639.49,3.66,3.92,5.59,146.74
2023-01-03 07:38:00,1577.58,geyser,0,1410.86,2.98,4.62,5.63,153.49
2023-01-03 07:39:00,1619.9,geyser,0,1472.13,4.46,8.97,1.52,132.82
2023-01-03 07:40:00,1653.56,geyser,0,1466.28,6.7,5.63,7.24,167.71
2023-01-03 07:41:00,1616.36,geyser,0,1456.07,3.27,8.89,1.95,146.18
2023-01-03 07:42:00,1610.91,geyser,0,1441.92,6.07,3.27,6.06,153.6
2023-01-03 07:43:00,1733.97,geyser,0,1554.98,3.86,1.23,5.83,168.07
2023-01-03 07:44:00,1630.0,geyser,0,1490.87,7.84,2.87,8.01,120.41
2023-01-03 07:45:00,1836.15,geyser,0,1715.04,5.34,5.69,2.7,107.38
2023-01-03 07:46:00,1634.3,geyser,0,1468.44,2.57,8.52,4.27,150.49
2023-01-03 07:47:00,1460.71,geyser,0,1315.17,5.28,0.9,5.26,134.11
2023-01-03 07:48:00,1668.14,geyser,0,1483.77,4.51,0.46,2.31,177.09
2023-01-03 07:49:00,1632.79,geyser,0,1480.82,6.24,3.44,4.3,137.99
2023-01-03 07:50:00,1536.43,geyser,0,1374.01,6.71,6.91,4.48,144.33
2023-01-03 07:51:00,1594.48,geyser,0,1399.15,3.01,6.66,6.29,179.37
2023-01-03 07:52:00,1663.01,geyser,0,1487.16,5.22,6.24,5.31,159.08
2023-01-03 07:53:00,1594.31,geyser,0,1441.1,4.12,3.17,5.71,140.21
2023-01-03 07:54:00,1617.25,geyser,0,1447.73,6.16,2.35,3.7,157.31
2023-01-03 07:55:00,1595.98,geyser,0,1379.95,2.83,5.65,5.54,202.01
2023-01-03 07:56:00,1723.3,geyser,0,1553.95,4.99,6.54,3.18,154.64
2023-01-03 07:57:00,1611.42,geyser,0,1451.69,7.07,7.15,5.31,140.2
2023-01-03 07:58:00,1584.64,geyser,0,1465.23,0.0,1.01,3.94,114.47
2023-01-03 07:59:00,1739.74,geyser,0,1554.61,3.44,6.37,5.72,169.59
2023-01-03 08:00:00,2281.42,geyser,0,1540.2,4.3,551.42,4.69,180.81
2023-01-03 08:01:00,2643.76,geyser,0,1579.25,4.04,892.2,7.81,160.45
2023-01-03 08:02:00,2085.0,geyser,0,1291.97,4.45,626.91,2.46,159.2
2023-01-03 08:03:00,2385.86,geyser,0,1525.44,4.83,683.3,5.95,166.33
2023-01-03 08:04:00,2647.45,geyser,0,1723.64,5.76,761.96,0.0,156.1
2023-01-03 08:05:00,2395.64,geyser,0,1662.8,11.15,577.96,5.43,138.32
2023-01-03 08:06:00,2445.46,geyser,0,1491.13,4.83,823.33,5.83,120.34
2023-01-03 08:07:00,2210.99,geyser,0,1417.91,10.24,613.4,4.71,164.73
2023-01-03 08:08:00,2461.64,geyser,0,1764.01,4.08,576.19,4.99,112.39
2023-01-03 08:09:00,2162.59,geyser,0,1482.36,4.5,500.72,5.71,169.3
2023-01-03 08:10:00,2131.81,geyser,0,1241.3,9.36,720.48,4.73,155.95
2023-01-03 08:11:00,2236.31,geyser,0,1484.08,7.12,576.47,4.92,163.72
2023-01-03 08:12:00,2511.3,geyser,0,1612.53,3.02,749.99,4.28,141.48
2023-01-03 08:13:00,2524.67,geyser,0,1599.03,5.1,775.56,4.99,139.99
2023-01-03 08:14:00,2422.09,geyser,0,1596.63,2.66,656.28,5.74,160.78
2023-01-03 08:15:00,2359.56,geyser,0,1482.83,6.68,703.42,6.01,160.62
2023-01-03 08:16:00,2489.37,geyser,0,1570.12,4.24,792.8,3.3,118.9
2023-01-03 08:17:00,2466.03,geyser,0,1523.49,1.91,770.01,4.25,166.35
2023-01-03 08:18:00,2141.32,geyser,0,1327.4,2.57,669.85,6.87,134.62
2023-01-03 08:19:00,2247.46,geyser,0,1418.63,6.64,686.05,7.38,128.76
2023-01-03 08:20:00,2404.15,geyser,0,1620.15,5.37,620.25,5.38,153.0
2023-01-03 08:21:00,2386.3,geyser,0,1395.42,5.88,835.67,5.76,143.56
2023-01-03 08:22:00,2149.61,geyser,0,1411.65,9.05,618.96,6.57,103.39
2023-01-03 08:23:00,2418.9,geyser,0,1388.21,7.12,820.44,7.27,195.85
2023-01-03 08:24:00,2635.8,geyser,0,1803.53,7.12,658.81,7.03,159.31
2023-01-03 08:25:00,2522.44,geyser,0,1465.82,4.61,925.18,5.14,121.69
2023-01-03 08:26:00,2426.71,geyser,0,1550.69,5.31,716.59,3.98,150.15
2023-01-03 08:27:00,2270.92,geyser,0,1459.19,4.01,648.98,3.01,155.73
2023-01-03 08:28:00,2559.06,geyser,0,1474.76,4.5,944.73,7.0,128.08
2023-01-03 08:29:00,2547.19,geyser,0,1507.66,3.33,914.25,3.4,118.56
2023-01-03 08:30:00,2266.3,geyser,0,1456.75,4.74,657.98,4.29,142.54
2023-01-03 08:31:00,2367.09,geyser,0,1442.53,4.25,759.35,2.51,158.45
2023-01-03 08:32:00,2355.99,geyser,0,1353.46,8.14,898.79,5.55,90.04
2023-01-03 08:33:00,2342.49,geyser,0,1454.6,4.59,732.91,5.54,144.84
2023-01-03 08:34:00,2474.6,geyser,0,1550.27,4.91,783.58,6.9,128.94
2023-01-03 08:35:00,2143.12,geyser,0,1359.43,4.64,633.55,3.08,142.42
2023-01-03 08:36:00,2341.85,geyser,0,1471.18,6.62,692.24,3.99,167.81
2023-01-03 08:37:00,2532.07,geyser,0,1672.36,9.16,678.14,4.48,167.93
2023-01-03 08:38:00,2588.17,geyser,0,1515.52,6.64,881.63,6.47,177.92
2023-01-03 08:39:00,2210.57,geyser,0,1290.34,5.73,782.19,1.92,130.4
2023-01-03 08:40:00,2379.11,geyser,0,1533.37,7.81,658.49,7.08,172.36
2023-01-03 08:41:00,2394.64,geyser,0,1474.35,6.44,745.69,5.4,162.77
2023-01-03 08:42:00,2380.1,geyser,0,1543.9,6.68,680.76,3.68,145.08
2023-01-03 08:43:00,2521.34,geyser,0,1489.92,4.68,866.16,5.32,155.26
2023-01-03 08:44:00,2359.77,geyser,0,1521.18,4.9,680.78,5.03,147.89
2023-01-03 08:45:00,2284.41,geyser,0,1556.63,7.8,608.34,5.47,106.17
2023-01-03 08:46:00,2643.4,geyser,0,1649.1,6.52,807.11,5.49,175.19
2023-01-03 08:47:00,2550.67,geyser,0,1639.76,6.37,747.3,7.37,149.88
2023-01-03 08:48:00,2236.07,geyser,0,1479.16,6.49,599.45,4.35,146.62
2023-01-03 08:49:00,2479.29,geyser,0,1559.03,8.66,777.31,4.65,129.65
2023-01-03 08:50:00,2485.17,geyser,0,1589.68,8.49,702.99,6.19,177.81
2023-01-03 08:51:00,2504.13,geyser,0,1460.92,4.56,868.93,5.26,164.46
2023-01-03 08:52:00,2372.28,geyser,0,1556.81,2.78,618.12,9.15,185.42
2023-01-03 08:53:00,2542.15,geyser,0,1708.5,6.56,687.95,8.3,130.84
2023-01-03 08:54:00,2254.56,geyser,0,1317.11,5.43,779.24,6.27,146.52
2023-01-03 08:55:00,2351.25,geyser,0,1465.5,5.87,709.06,5.75,165.07
2023-01-03 08:56:00,2281.12,geyser,0,1417.22,3.94,696.57,6.32,157.07
2023-01-03 08:57:00,2573.02,geyser,0,1661.77,4.03,756.87,0.55,149.81
2023-01-03 08:58:00,2567.38,geyser,0,1609.32,2.8,790.58,4.45,160.23
2023-01-03 08:59:00,2611.29,geyser,0,1782.34,4.8,667.93,4.01,152.21
2023-01-03 09:00:00,1016.32,washing_machine,0,7.33,5.53,842.42,3.08,157.97
2023-01-03 09:01:00,860.43,washing_machine,0,6.43,0.0,733.41,2.42,118.17
2023-01-03 09:02:00,957.76,washing_machine,0,6.78,2.23,765.06,3.09,180.59
2023-01-03 09:03:00,862.02,washing_machine,0,4.35,5.68,675.28,1.02,175.69
2023-01-03 09:04:00,677.27,washing_machine,0,4.05,5.64,517.89,6.06,143.64
2023-01-03 09:05:00,880.71,washing_machine,0,1.74,5.65,742.54,7.48,123.29
2023-01-03 09:06:00,985.05,washing_machine,0,5.51,9.0,840.5,3.24,126.8
2023-01-03 09:07:00,914.58,washing_machine,0,3.22,7.57,718.87,6.14,178.77
2023-01-03 09:08:00,904.2,washing_machine,0,2.1,2.59,755.11,5.78,138.62
2023-01-03 09:09:00,922.03,washing_machine,0,5.65,4.72,766.6,5.87,139.19
2023-01-03 09:10:00,1014.98,washing_machine,0,3.04,3.66,851.17,7.33,149.78
2023-01-03 09:11:00,865.92,washing_machine,0,4.62,5.21,693.89,5.35,156.86
2023-01-03 09:12:00,748.17,washing_machine,0,1.35,1.45,622.9,5.56,116.9
2023-01-03 09:13:00,730.25,washing_machine,0,1.25,8.5,591.41,8.46,120.61
2023-01-03 09:14:00,862.91,washing_machine,0,4.5,4.36,670.42,4.51,179.1
2023-01-03 09:15:00,931.67,washing_machine,0,2.66,5.64,753.26,6.59,163.52
2023-01-03 09:16:00,951.4,washing_machine,0,5.38,5.58,783.49,5.84,151.11
2023-01-03 09:17:00,929.05,washing_machine,0,2.8,6.1,783.77,4.57,131.81
2023-01-03 09:18:00,823.36,washing_machine,0,4.27,5.58,670.28,5.04,138.19
2023-01-03 09:19:00,872.54,washing_machine,0,7.17,3.96,715.14,4.59,141.67
2023-01-03 09:20:00,1092.97,washing_machine,0,3.67,5.4,911.85,4.83,167.23
2023-01-03 09:21:00,797.12,washing_machine,0,5.15,5.31,633.56,0.47,152.62
2023-01-03 09:22:00,654.4,washing_machine,0,1.62,5.76,508.5,5.7,132.82
2023-01-03 09:23:00,1061.21,washing_machine,0,5.41,0.29,904.93,4.89,145.7
2023-01-03 09:24:00,976.78,washing_machine,0,5.05,7.44,792.92,5.53,165.83
2023-01-03 09:25:00,878.93,washing_machine,0,5.05,3.39,712.07,2.22,156.2
2023-01-03 09:26:00,1015.19,washing_machine,0,5.11,2.78,866.48,8.48,132.33
2023-01-03 09:27:00,937.95,washing_machine,0,7.77,1.5,750.31,4.13,174.24
2023-01-03 09:28:00,777.71,washing_machine,0,3.01,6.96,579.01,7.9,180.83
2023-01-03 09:29:00,885.84,washing_machine,0,8.9,3.39,715.33,5.49,152.72
2023-01-03 09:30:00,755.21,washing_machine,0,2.33,5.15,607.75,6.35,133.62
2023-01-03 09:31:00,800.51,washing_machine,0,5.05,4.65,646.02,4.17,140.62
2023-01-03 09:32:00,850.32,washing_machine,0,7.39,4.63,705.76,2.37,130.18
2023-01-03 09:33:00,869.34,washing_machine,0,4.87,3.29,704.95,3.5,152.72
2023-01-03 09:34:00,890.7,washing_machine,0,1.2,4.62,721.51,5.8,157.56
2023-01-03 09:35:00,825.9,washing_machine,0,5.68,2.06,658.34,4.17,155.65
2023-01-03 09:36:00,814.8,washing_machine,0,4.59,4.19,639.73,2.3,163.99
2023-01-03 09:37:00,995.6,washing_machine,0,6.76,7.52,827.01,1.94,152.36
2023-01-03 09:38:00,728.11,washing_machine,0,4.57,4.64,557.95,5.72,155.23
2023-01-03 09:39:00,921.4,washing_machine,0,4.7,6.84,743.8,6.72,159.35
2023-01-03 09:40:00,828.06,washing_machine,0,6.31,3.25,651.92,8.75,157.82
2023-01-03 09:41:00,737.76,washing_machine,0,6.16,2.57,583.9,0.16,144.97
2023-01-03 09:42:00,912.21,washing_machine,0,2.92,3.12,732.62,3.62,169.93
2023-01-03 09:43:00,949.59,washing_machine,0,2.62,4.36,764.69,5.55,172.38
2023-01-03 09:44:00,712.19,washing_machine,0,10.27,4.46,534.27,6.59,156.6
2023-01-03 09:45:00,737.55,washing_machine,0,4.76,1.73,594.7,4.26,132.1
2023-01-03 09:46:00,934.44,washing_machine,0,2.62,5.54,781.3,0.82,144.16
2023-01-03 09:47:00,872.44,washing_machine,0,3.59,3.47,748.55,1.26,115.57
2023-01-03 09:48:00,847.68,washing_machine,0,3.87,6.05,678.3,3.36,156.1
2023-01-03 09:49:00,640.18,washing_machine,0,7.93,7.89,469.44,6.34,148.58
2023-01-03 09:50:00,805.63,washing_machine,0,5.55,5.76,632.44,3.46,158.42
2023-01-03 09:51:00,901.98,washing_machine,0,3.37,1.69,746.45,5.31,145.17
2023-01-03 09:52:00,1020.37,washing_machine,0,5.79,5.28,828.31,3.91,177.08
2023-01-03 09:53:00,872.9,washing_machine,0,6.54,5.66,721.63,7.1,131.97
2023-01-03 09:54:00,775.03,washing_machine,0,6.53,4.4,595.41,5.83,162.86
2023-01-03 09:55:00,910.83,washing_machine,0,4.19,4.66,765.03,7.78,129.18
2023-01-03 09:56:00,757.45,washing_machine,0,4.52,5.48,531.64,4.76,211.05
2023-01-03 09:57:00,708.07,washing_machine,0,5.98,4.81,516.79,4.56,175.93
2023-01-03 09:58:00,756.84,washing_machine,0,4.67,6.44,607.74,9.31,128.68
2023-01-03 09:59:00,858.59,washing_machine,0,7.18,3.56,720.88,6.47,120.5
2023-01-03 10:00:00,765.84,washing_machine,0,0.0,8.47,622.79,7.84,126.74
2023-01-03 10:01:00,950.9,washing_machine,0,6.48,5.97,764.96,2.44,171.06
2023-01-03 10:02:00,921.04,washing_machine,0,4.66,2.85,749.22,5.93,158.38
2023-01-03 10:03:00,875.97,washing_machine,0,5.38,4.78,714.66,0.0,151.15
2023-01-03 10:04:00,760.53,washing_machine,0,1.37,6.12,599.1,8.29,145.64
2023-01-03 10:05:00,820.39,washing_machine,0,3.09,3.55,660.26,5.45,148.04
2023-01-03 10:06:00,916.93,washing_machine,0,6.08,8.41,745.33,2.33,154.79
2023-01-03 10:07:00,751.96,washing_machine,0,6.96,4.19,602.62,6.6,131.59
2023-01-03 10:08:00,750.63,washing_machine,0,5.86,3.3,594.18,4.65,142.64
2023-01-03 10:09:00,754.74,washing_machine,0,4.14,4.51,605.36,4.09,136.65
2023-01-03 10:10:00,998.61,washing_machine,0,6.23,3.94,794.74,6.9,186.8
2023-01-03 10:11:00,801.1,washing_machine,0,2.83,5.84,673.43,2.87,116.11
2023-01-03 10:12:00,848.44,washing_machine,0,5.22,7.24,689.14,6.78,140.06
2023-01-03 10:13:00,838.72,washing_machine,0,6.03,1.7,696.02,2.89,132.08
2023-01-03 10:14:00,760.49,washing_machine,0,2.08,6.8,605.1,2.6,143.91
2023-01-03 10:15:00,753.35,washing_machine,0,4.32,3.1,595.37,3.6,146.97
2023-01-03 10:16:00,891.3,washing_machine,0,6.75,5.6,721.44,4.36,153.16
2023-01-03 10:17:00,787.9,washing_machine,0,4.13,5.66,607.0,4.22,166.89
2023-01-03 10:18:00,946.86,washing_machine,0,5.48,8.27,780.46,6.74,145.9
2023-01-03 10:19:00,799.64,washing_machine,0,4.46,6.01,642.51,2.64,144.03
2023-01-03 10:20:00,926.6,washing_machine,0,4.98,2.53,761.76,3.38,153.94
2023-01-03 10:21:00,915.62,washing_machine,0,2.37,2.04,744.77,1.43,165.0
2023-01-03 10:22:00,938.26,washing_machine,0,3.72,5.23,819.83,6.21,103.28
2023-01-03 10:23:00,877.83,washing_machine,0,5.24,2.92,725.91,5.2,138.56
2023-01-03 10:24:00,853.59,washing_machine,0,5.33,9.05,709.63,5.62,123.95
2023-01-03 10:25:00,956.35,washing_machine,0,7.5,4.52,788.01,9.26,147.07
2023-01-03 10:26:00,785.02,washing_machine,0,6.98,5.75,622.92,5.46,143.91
2023-01-03 10:27:00,960.55,washing_machine,0,4.85,5.68,811.55,5.55,132.92
2023-01-03 10:28:00,970.16,washing_machine,0,6.3,8.23,796.46,7.02,152.16
2023-01-03 10:29:00,936.15,washing_machine,0,3.36,5.09,768.5,4.27,154.93
2023-01-03 10:30:00,922.68,washing_machine,0,4.93,5.23,759.32,8.19,145.01
2023-01-03 10:31:00,934.98,washing_machine,0,6.46,2.33,739.68,6.54,179.97
2023-01-03 10:32:00,779.58,washing_machine,0,4.87,6.39,603.58,3.0,161.75
2023-01-03 10:33:00,803.9,washing_machine,0,8.95,6.03,630.07,7.11,151.75
2023-01-03 10:34:00,957.49,washing_machine,0,1.87,5.81,764.08,5.53,180.2
2023-01-03 10:35:00,907.95,washing_machine,0,4.1,6.03,751.82,3.3,142.69
2023-01-03 10:36:00,710.18,washing_machine,0,4.5,3.88,615.53,2.09,84.19
2023-01-03 10:37:00,969.79,washing_machine,0,3.97,3.96,811.6,5.97,144.28
2023-01-03 10:38:00,812.29,washing_machine,0,4.6,7.61,648.78,5.9,145.41
2023-01-03 10:39:00,790.08,washing_machine,0,6.76,7.19,647.8,4.22,124.12
2023-01-03 10:40:00,963.76,washing_machine,0,7.92,5.78,782.85,3.78,163.43
2023-01-03 10:41:00,849.08,washing_machine,0,6.68,2.8,685.91,7.54,146.15
2023-01-03 10:42:00,870.88,washing_machine,0,5.38,4.78,701.28,4.64,154.8
2023-01-03 10:43:00,770.4,washing_machine,0,3.76,5.76,606.32,2.71,151.85
2023-01-03 10:44:00,1146.93,washing_machine,0,5.25,10.59,982.51,6.87,141.71
2023-01-03 10:45:00,902.64,washing_machine,0,3.62,3.14,784.21,4.71,106.96
2023-01-03 10:46:00,879.65,washing_machine,1,3.0,8.88,693.63,9.76,164.39
2023-01-03 10:47:00,699.33,washing_machine,0,2.67,2.9,558.4,8.06,127.31
2023-01-03 10:48:00,718.98,washing_machine,0,3.63,6.59,575.13,7.16,126.46
2023-01-03 10:49:00,875.83,washing_machine,0,3.44,4.48,715.25,7.37,145.29
2023-01-03 10:50:00,680.9,washing_machine,0,7.11,2.98,520.2,4.01,146.6
2023-01-03 10:51:00,853.03,washing_machine,0,4.9,4.04,708.74,3.8,131.56
2023-01-03 10:52:00,984.3,washing_machine,0,5.06,0.85,818.56,3.19,156.64
2023-01-03 10:53:00,751.02,washing_machine,0,2.61,6.5,608.1,5.0,128.81
2023-01-03 10:54:00,921.19,washing_machine,0,9.63,8.68,755.94,5.54,141.4
2023-01-03 10:55:00,785.69,washing_machine,0,1.66,11.77,641.45,5.47,125.34
2023-01-03 10:56:00,862.99,washing_machine,0,5.71,4.35,719.91,6.67,126.34
2023-01-03 10:57:00,930.76,washing_machine,0,2.89,5.25,769.65,3.27,149.7
2023-01-03 10:58:00,2236.71,washing_machine,1,0.11,6.01,2070.72,3.8,156.07
2023-01-03 10:59:00,765.15,washing_machine,0,4.39,7.71,575.14,6.87,171.03
2023-01-03 11:00:00,907.88,washing_machine,0,9.99,4.47,743.05,6.85,143.52
2023-01-03 11:01:00,831.67,washing_machine,0,6.13,4.62,678.01,5.59,137.31
2023-01-03 11:02:00,1037.08,washing_machine,0,7.58,2.54,878.12,3.14,145.7
2023-01-03 11:03:00,862.05,washing_machine,0,5.8,6.65,733.95,8.07,107.58
2023-01-03 11:04:00,1027.1,washing_machine,0,4.35,1.19,864.27,4.25,153.02
2023-01-03 11:05:00,2244.29,washing_machine,1,6.79,6.92,2063.86,5.02,161.7
2023-01-03 11:06:00,1056.37,washing_machine,0,3.5,8.3,851.05,6.76,186.77
2023-01-03 11:07:00,784.51,washing_machine,0,2.88,7.37,596.49,3.8,173.98
2023-01-03 11:08:00,715.19,washing_machine,0,8.0,7.0,537.16,5.05,157.97
2023-01-03 11:09:00,1108.59,washing_machine,0,7.35,4.13,926.61,4.03,166.48
2023-01-03 11:10:00,972.06,washing_machine,0,3.54,6.42,829.31,5.36,127.43
2023-01-03 11:11:00,853.45,washing_machine,0,9.88,6.51,692.39,6.6,138.06
2023-01-03 11:12:00,864.01,washing_machine,0,5.62,6.65,713.77,7.63,130.33
2023-01-03 11:13:00,752.94,washing_machine,0,7.0,4.93,597.45,4.48,139.09
2023-01-03 11:14:00,971.85,washing_machine,0,4.8,1.16,809.23,3.28,153.38
2023-01-03 11:15:00,736.38,washing_machine,0,2.51,4.45,584.04,3.89,141.48
2023-01-03 11:16:00,931.43,washing_machine,0,8.14,6.27,783.89,6.5,126.62
2023-01-03 11:17:00,923.64,washing_machine,0,5.61,4.44,753.88,6.75,152.97
2023-01-03 11:18:00,875.7,washing_machine,1,5.12,27.09,671.86,4.59,167.04
2023-01-03 11:19:00,934.59,washing_machine,0,5.0,6.96,753.37,5.23,164.04
2023-01-03 11:20:00,854.37,washing_machine,0,2.48,3.37,665.27,6.49,176.77
2023-01-03 11:21:00,1054.91,washing_machine,0,5.3,6.32,878.37,2.47,162.45
2023-01-03 11:22:00,799.98,washing_machine,0,0.0,6.69,677.36,5.86,110.07
2023-01-03 11:23:00,780.21,washing_machine,0,4.53,4.38,601.48,5.95,163.87
2023-01-03 11:24:00,951.46,washing_machine,0,7.1,5.84,751.45,5.4,181.66
2023-01-03 11:25:00,979.08,washing_machine,0,4.6,3.77,818.95,7.26,144.5
2023-01-03 11:26:00,856.97,washing_machine,0,3.18,7.84,673.7,1.75,170.5
2023-01-03 11:27:00,979.09,washing_machine,0,5.15,6.39,828.1,4.93,134.52
2023-01-03 11:28:00,972.44,washing_machine,0,4.98,2.55,793.22,5.15,166.54
2023-01-03 11:29:00,831.44,washing_machine,0,2.31,4.06,691.91,4.29,128.86
2023-01-03 11:30:00,909.59,washing_machine,0,2.58,6.4,757.98,7.17,135.46
2023-01-03 11:31:00,1002.97,washing_machine,0,6.31,5.09,824.87,3.36,163.34
2023-01-03 11:32:00,738.64,washing_machine,0,5.7,5.11,589.3,5.59,132.95
2023-01-03 11:33:00,840.75,washing_machine,0,3.48,4.41,661.99,4.68,166.2
2023-01-03 11:34:00,849.74,washing_machine,0,3.84,4.77,694.9,6.71,139.51
2023-01-03 11:35:00,845.05,washing_machine,0,8.14,4.91,669.58,5.56,156.87
2023-01-03 11:36:00,781.56,washing_machine,0,3.61,4.5,630.75,4.24,138.46
2023-01-03 11:37:00,901.31,washing_machine,0,1.51,5.35,727.92,4.01,162.52
2023-01-03 11:38:00,1150.87,washing_machine,0,6.53,5.3,980.8,5.02,153.23
2023-01-03 11:39:00,787.79,washing_machine,0,4.5,7.77,608.52,5.21,161.78
2023-01-03 11:40:00,839.16,washing_machine,0,5.78,4.65,684.21,3.03,141.49
2023-01-03 11:41:00,1069.81,washing_machine,0,6.61,5.78,891.9,5.47,160.05
2023-01-03 11:42:00,859.01,washing_machine,0,7.22,5.61,678.35,6.43,161.4
2023-01-03 11:43:00,895.12,washing_machine,0,6.39,4.0,707.84,5.23,171.66
2023-01-03 11:44:00,799.63,washing_machine,0,4.95,4.13,661.52,2.05,126.98
2023-01-03 11:45:00,786.78,washing_machine,0,1.84,8.33,644.91,1.12,130.58
2023-01-03 11:46:00,890.55,washing_machine,0,5.45,3.59,694.09,7.93,179.48
2023-01-03 11:47:00,821.65,washing_machine,0,5.24,5.66,673.86,3.05,133.84
2023-01-03 11:48:00,807.86,washing_machine,0,4.3,4.72,624.22,6.64,167.97
2023-01-03 11:49:00,822.48,washing_machine,0,5.82,7.91,653.38,2.32,153.05
2023-01-03 11:50:00,826.06,washing_machine,0,3.88,7.23,652.71,8.44,153.8
2023-01-03 11:51:00,959.14,washing_machine,0,3.71,2.64,806.46,6.23,140.1
2023-01-03 11:52:00,1016.81,washing_machine,0,5.97,5.52,874.68,3.15,127.49
2023-01-03 11:53:00,910.55,washing_machine,0,5.23,3.61,730.44,5.89,165.38
2023-01-03 11:54:00,913.92,washing_machine,0,6.52,3.15,731.81,9.02,163.42
2023-01-03 11:55:00,999.41,washing_machine,1,20.35,4.65,802.22,7.19,164.99
2023-01-03 11:56:00,890.05,washing_machine,0,7.15,3.44,669.61,4.54,205.31
2023-01-03 11:57:00,957.93,washing_machine,0,7.0,6.4,786.72,1.18,156.64
2023-01-03 11:58:00,898.82,washing_machine,0,4.47,5.94,760.06,4.3,124.04
2023-01-03 11:59:00,943.58,washing_machine,0,7.32,1.75,745.21,2.12,187.18
2023-01-03 12:00:00,1113.34,ac,0,3.33,970.6,4.54,5.72,129.15
2023-01-03 12:01:00,1280.15,ac,0,6.23,1099.21,5.75,5.16,163.8
2023-01-03 12:02:00,1483.46,ac,0,3.35,1327.4,3.15,5.96,143.59
2023-01-03 12:03:00,1460.26,ac,0,6.08,1276.67,8.21,3.96,165.34
2023-01-03 12:04:00,1721.04,ac,0,6.17,1546.81,6.48,5.57,156.0
2023-01-03 12:05:00,1227.6,ac,0,2.57,1100.39,4.29,6.59,113.77
2023-01-03 12:06:00,1262.49,ac,0,7.47,1073.1,4.97,4.94,172.02
2023-01-03 12:07:00,1165.18,ac,0,4.08,996.34,3.58,8.08,153.11
2023-01-03 12:08:00,1103.67,ac,0,6.37,958.28,5.1,0.44,133.48
2023-01-03 12:09:00,1199.07,ac,0,5.27,1016.23,4.55,4.39,168.64
2023-01-03 12:10:00,1360.23,ac,0,5.18,1163.75,4.47,5.78,181.05
2023-01-03 12:11:00,1376.81,ac,0,8.33,1205.47,3.39,5.5,154.12
2023-01-03 12:12:00,1244.32,ac,0,5.15,1075.65,6.55,8.87,148.1
2023-01-03 12:13:00,1369.83,ac,0,6.39,1163.29,7.6,3.83,188.72
2023-01-03 12:14:00,1311.86,ac,0,3.82,1169.6,5.64,6.72,126.09
2023-01-03 12:15:00,1675.63,ac,0,1.39,1518.03,8.03,7.39,140.79
2023-01-03 12:16:00,1346.23,ac,0,7.11,1192.12,7.57,0.95,138.48
2023-01-03 12:17:00,1419.51,ac,0,3.83,1264.76,7.6,4.84,138.47
2023-01-03 12:18:00,1570.61,ac,0,3.85,1394.3,4.07,5.94,162.45
2023-01-03 12:19:00,1362.95,ac,0,2.88,1204.31,1.93,6.78,147.06
2023-01-03 12:20:00,1228.53,ac,0,5.34,1085.56,4.78,7.26,125.59
2023-01-03 12:21:00,1060.49,ac,0,0.65,907.66,7.0,5.59,139.6
2023-01-03 12:22:00,1316.27,ac,0,0.81,1160.18,5.39,6.55,143.34
2023-01-03 12:23:00,1214.5,ac,0,7.07,1076.27,6.09,5.14,119.93
2023-01-03 12:24:00,1372.81,ac,0,5.1,1183.72,7.33,5.98,170.68
2023-01-03 12:25:00,1356.99,ac,0,3.26,1200.0,4.63,4.8,144.31
2023-01-03 12:26:00,1339.81,ac,0,5.81,1197.22,6.71,4.99,125.08
2023-01-03 12:27:00,1330.37,ac,0,7.36,1168.95,6.36,0.93,146.77
2023-01-03 12:28:00,1372.5,ac,0,5.29,1203.16,7.92,7.43,148.71
2023-01-03 12:29:00,1280.79,ac,0,4.5,1110.86,3.02,2.06,160.34
2023-01-03 12:30:00,1192.38,ac,0,6.71,1030.81,5.12,1.02,148.72
2023-01-03 12:31:00,1548.41,ac,0,6.05,1379.79,4.12,6.2,152.25
2023-01-03 12:32:00,1464.81,ac,0,4.73,1324.33,4.58,3.19,127.97
2023-01-03 12:33:00,1348.81,ac,0,6.6,1196.65,5.2,1.73,138.63
2023-01-03 12:34:00,1285.74,ac,0,6.42,1125.93,4.01,4.24,145.14
2023-01-03 12:35:00,1704.76,ac,0,6.63,1513.54,4.55,5.87,174.16
2023-01-03 12:36:00,1492.35,ac,0,4.64,1352.93,6.87,6.57,121.34
2023-01-03 12:37:00,1303.26,ac,0,8.49,1119.32,4.15,2.76,168.54
2023-01-03 12:38:00,1190.65,ac,0,6.67,1032.53,3.16,2.47,145.82
2023-01-03 12:39:00,1200.91,ac,0,4.03,1011.15,4.63,1.84,179.26
2023-01-03 12:40:00,1517.1,ac,0,7.19,1337.04,8.64,6.16,158.07
2023-01-03 12:41:00,1535.43,ac,0,7.15,1357.29,5.84,7.88,157.26
2023-01-03 12:42:00,1468.56,ac,0,5.15,1285.16,8.06,4.85,165.34
2023-01-03 12:43:00,1429.25,ac,0,7.08,1265.86,9.47,2.23,144.6
2023-01-03 12:44:00,1306.81,ac,0,5.28,1150.95,2.08,2.15,146.35
2023-01-03 12:45:00,1377.94,ac,0,4.58,1204.14,5.74,3.31,160.17
2023-01-03 12:46:00,1166.24,ac,0,5.65,1013.47,2.57,2.89,141.67
2023-01-03 12:47:00,1200.18,ac,0,8.96,1058.81,0.0,3.41,129.01
2023-01-03 12:48:00,1506.43,ac,0,5.75,1358.22,4.24,3.89,134.33
2023-01-03 12:49:00,1502.34,ac,0,4.34,1349.93,6.19,7.34,134.55
2023-01-03 12:50:00,1453.02,ac,0,8.21,1310.7,5.08,5.87,123.17
2023-01-03 12:51:00,1469.79,ac,0,6.98,1331.66,4.93,2.24,123.98
2023-01-03 12:52:00,1308.92,ac,0,3.52,1181.05,3.48,7.86,113.01
2023-01-03 12:53:00,1563.89,ac,0,6.52,1400.37,3.84,4.77,148.38
2023-01-03 12:54:00,1511.0,ac,0,5.83,1362.94,5.0,4.42,132.82
2023-01-03 12:55:00,1214.16,ac,0,7.05,1042.65,4.88,4.56,155.02
2023-01-03 12:56:00,1466.83,ac,0,5.6,1281.12,2.16,3.27,174.67
2023-01-03 12:57:00,1535.51,ac,0,3.37,1323.58,6.61,7.48,194.48
2023-01-03 12:58:00,1239.69,ac,0,1.97,1103.71,4.33,3.97,125.7
2023-01-03 12:59:00,969.01,ac,0,7.12,800.54,4.53,5.49,151.33
2023-01-03 13:00:00,1387.34,ac,0,4.49,1208.48,4.15,4.8,165.43
2023-01-03 13:01:00,1276.8,ac,0,8.29,1132.34,5.84,2.09,128.23
2023-01-03 13:02:00,1264.82,ac,0,5.45,1066.42,4.73,5.6,182.62
2023-01-03 13:03:00,1489.1,ac,0,4.19,1306.16,4.91,2.01,171.83
2023-01-03 13:04:00,1387.41,ac,0,4.88,1211.83,8.74,7.44,154.52
2023-01-03 13:05:00,1310.22,ac,0,4.91,1172.23,5.76,2.58,124.75
2023-01-03 13:06:00,1269.36,ac,0,4.94,1103.83,6.14,4.96,149.49
2023-01-03 13:07:00,1054.98,ac,0,4.17,904.59,5.52,0.55,140.15
2023-01-03 13:08:00,1348.28,ac,0,6.73,1168.73,4.04,6.37,162.41
2023-01-03 13:09:00,1425.83,ac,0,4.41,1268.67,7.38,4.72,140.65
2023-01-03 13:10:00,1049.89,ac,0,7.03,856.94,6.71,3.77,175.45
2023-01-03 13:11:00,1336.6,ac,0,5.42,1196.81,4.38,4.01,125.97
2023-01-03 13:12:00,1285.0,ac,0,3.84,1121.17,7.21,7.01,145.76
2023-01-03 13:13:00,1296.53,ac,0,6.05,1115.25,3.62,3.66,167.95
2023-01-03 13:14:00,1617.45,ac,0,2.89,1450.05,3.86,5.69,154.96
2023-01-03 13:15:00,1575.75,ac,0,3.31,1411.63,6.5,6.23,148.08
2023-01-03 13:16:00,1329.38,ac,0,6.76,1143.13,5.67,9.98,163.83
2023-01-03 13:17:00,1290.36,ac,0,4.9,1112.51,5.32,5.48,162.15
2023-01-03 13:18:00,1216.25,ac,0,5.85,1048.33,6.33,2.5,153.24
2023-01-03 13:19:00,1295.3,ac,0,4.65,1141.26,2.76,3.1,143.53
2023-01-03 13:20:00,1327.62,ac,0,5.32,1187.38,5.33,3.69,125.89
2023-01-03 13:21:00,1413.17,ac,0,4.77,1272.29,4.24,5.87,125.99
2023-01-03 13:22:00,1380.1,ac,0,5.48,1220.3,1.97,7.81,144.54
2023-01-03 13:23:00,1232.59,ac,0,3.91,1078.03,1.82,6.54,142.3
2023-01-03 13:24:00,1424.66,ac,0,4.95,1215.09,6.5,4.58,193.53
2023-01-03 13:25:00,1576.67,ac,0,4.96,1390.48,0.66,3.97,176.61
2023-01-03 13:26:00,1279.74,ac,0,5.14,1130.47,3.97,6.34,133.81
2023-01-03 13:27:00,1393.8,ac,0,3.13,1214.33,3.83,6.06,166.45
2023-01-03 13:28:00,1404.62,ac,0,5.24,1207.38,5.85,5.7,180.46
2023-01-03 13:29:00,1521.29,ac,0,5.26,1363.73,4.04,5.58,142.69
2023-01-03 13:30:00,1383.02,ac,0,4.43,1253.77,5.72,3.69,115.42
2023-01-03 13:31:00,1362.45,ac,0,3.73,1207.36,4.79,7.95,138.63
2023-01-03 13:32:00,1063.52,ac,0,9.01,933.3,4.77,4.31,112.15
2023-01-03 13:33:00,1330.88,ac,0,4.81,1186.38,6.25,2.07,131.36
2023-01-03 13:34:00,1401.06,ac,0,4.07,1252.71,4.73,2.05,137.49
2023-01-03 13:35:00,1395.8,ac,0,4.23,1203.26,5.47,7.56,175.29
2023-01-03 13:36:00,1506.19,ac,0,3.12,1312.06,6.03,4.22,180.77
2023-01-03 13:37:00,1231.12,ac,0,3.57,1094.74,5.76,4.28,122.76
2023-01-03 13:38:00,1381.74,ac,0,5.88,1185.57,6.02,2.48,181.78
2023-01-03 13:39:00,1436.38,ac,0,5.13,1265.08,8.13,7.11,150.93
2023-01-03 13:40:00,1488.27,ac,0,8.72,1307.54,3.29,7.12,161.6
2023-01-03 13:41:00,1577.44,ac,0,3.94,1406.1,5.74,7.08,154.58
2023-01-03 13:42:00,1242.13,ac,0,3.94,1102.5,5.25,5.4,125.04
2023-01-03 13:43:00,1357.09,ac,0,4.58,1229.04,5.46,7.82,110.2
2023-01-03 13:44:00,1403.12,ac,0,4.84,1227.33,8.84,3.13,158.97
2023-01-03 13:45:00,1500.4,ac,0,3.31,1373.12,5.08,3.29,115.6
2023-01-03 13:46:00,1555.78,ac,0,4.94,1412.49,2.47,6.23,129.65
2023-01-03 13:47:00,1575.48,ac,0,6.2,1411.95,6.19,2.79,148.34
2023-01-03 13:48:00,1251.94,ac,0,5.28,1079.89,4.09,3.77,158.92
2023-01-03 13:49:00,1266.06,ac,0,2.98,1094.05,7.74,6.19,155.09
2023-01-03 13:50:00,4403.5,ac,1,3.89,4207.18,4.65,5.26,182.53
2023-01-03 13:51:00,1509.44,ac,0,1.54,1347.59,6.07,1.47,152.77
2023-01-03 13:52:00,1331.4,ac,0,5.95,1167.32,8.37,7.79,141.97
2023-01-03 13:53:00,1222.2,ac,0,2.95,1069.26,3.66,5.72,140.61
2023-01-03 13:54:00,1501.82,ac,0,1.78,1335.91,3.73,3.46,156.95
2023-01-03 13:55:00,1332.01,ac,0,2.92,1207.27,6.08,1.67,114.07
2023-01-03 13:56:00,1258.89,ac,0,3.62,1110.65,3.1,4.42,137.09
2023-01-03 13:57:00,1389.15,ac,0,12.73,1221.57,2.2,6.36,146.3
2023-01-03 13:58:00,1362.31,ac,0,6.9,1171.44,6.1,4.19,173.68
2023-01-03 13:59:00,1432.71,ac,0,1.69,1305.51,4.78,8.54,112.18
2023-01-03 14:00:00,1499.02,ac,0,4.41,1302.25,3.72,3.64,184.99
2023-01-03 14:01:00,1403.67,ac,0,3.65,1199.42,9.45,2.9,188.25
2023-01-03 14:02:00,1222.35,ac,0,2.64,1055.43,2.81,2.9,158.57
2023-01-03 14:03:00,1269.7,ac,0,6.99,1113.79,3.32,4.05,141.55
2023-01-03 14:04:00,1411.81,ac,0,6.96,1225.74,7.57,7.14,164.41
2023-01-03 14:05:00,1081.32,ac,0,3.86,927.91,5.2,6.63,137.7
2023-01-03 14:06:00,1400.68,ac,0,5.0,1224.54,7.42,7.69,156.03
2023-01-03 14:07:00,1138.44,ac,0,4.53,959.44,1.35,6.47,166.65
2023-01-03 14:08:00,1043.86,ac,0,4.28,901.9,4.6,2.27,130.81
2023-01-03 14:09:00,1690.5,ac,0,5.45,1491.37,5.48,9.69,178.52
2023-01-03 14:10:00,1285.41,ac,0,5.5,1109.48,6.06,8.03,156.35
2023-01-03 14:11:00,1391.72,ac,0,7.85,1215.23,7.76,1.85,159.03
2023-01-03 14:12:00,1256.72,ac,0,9.48,1079.82,4.78,7.54,155.1
2023-01-03 14:13:00,1273.03,ac,0,7.69,1090.21,3.07,5.83,166.21
2023-01-03 14:14:00,1625.12,ac,0,2.6,1449.5,4.14,2.82,166.05
2023-01-03 14:15:00,1367.49,ac,0,5.3,1200.6,6.31,2.18,153.1
2023-01-03 14:16:00,1487.46,ac,0,8.25,1328.91,7.46,5.59,137.24
2023-01-03 14:17:00,1482.13,ac,0,3.63,1308.92,7.03,3.53,159.02
2023-01-03 14:18:00,1171.06,ac,0,5.73,980.17,6.35,4.85,173.96
2023-01-03 14:19:00,1404.92,ac,0,3.45,1225.09,8.24,3.94,164.2
2023-01-03 14:20:00,1275.29,ac,0,9.39,1074.41,4.38,6.11,181.0
2023-01-03 14:21:00,1323.55,ac,0,2.01,1184.56,4.19,5.19,127.6
2023-01-03 14:22:00,1235.34,ac,0,4.68,1105.91,4.62,5.41,114.71
2023-01-03 14:23:00,1426.89,ac,0,8.32,1261.65,4.6,5.38,146.94
2023-01-03 14:24:00,1722.9,ac,0,5.68,1526.91,2.6,8.13,179.58
2023-01-03 14:25:00,1382.0,ac,0,1.17,1237.41,7.01,2.64,133.77
2023-01-03 14:26:00,1302.68,ac,0,7.23,1117.33,4.63,6.04,167.44
2023-01-03 14:27:00,1264.13,ac,0,7.15,1084.81,3.04,2.27,166.87
2023-01-03 14:28:00,1440.93,ac,0,3.28,1276.22,4.33,5.07,152.03
2023-01-03 14:29:00,1500.3,ac,0,7.11,1324.38,3.5,4.81,160.49
2023-01-03 14:30:00,1321.36,ac,0,7.81,1166.09,6.12,7.34,134.01
2023-01-03 14:31:00,1054.94,ac,0,5.42,874.74,5.24,5.02,164.53
2023-01-03 14:32:00,1160.59,ac,0,6.9,995.95,5.44,4.09,148.21
2023-01-03 14:33:00,1384.91,ac,0,5.43,1257.53,4.48,5.36,112.11
2023-01-03 14:34:00,1347.85,ac,0,4.66,1206.03,6.77,5.28,125.11
2023-01-03 14:35:00,1435.0,ac,0,5.08,1251.47,6.05,0.84,171.56
2023-01-03 14:36:00,1408.72,ac,0,4.0,1275.93,7.46,7.1,114.24
2023-01-03 14:37:00,4738.07,ac,1,4.74,4579.14,2.1,2.85,149.24
2023-01-03 14:38:00,1461.95,ac,0,2.16,1288.49,5.81,8.05,157.43
2023-01-03 14:39:00,1516.45,ac,1,10.32,1320.8,5.93,8.14,171.26
2023-01-03 14:40:00,1500.6,ac,0,6.21,1303.68,6.03,7.08,177.59
2023-01-03 14:41:00,1459.49,ac,0,3.32,1330.29,6.08,8.79,111.01
2023-01-03 14:42:00,1039.98,ac,0,8.38,851.09,6.08,6.71,167.72
2023-01-03 14:43:00,1499.25,ac,0,6.36,1341.12,0.84,7.64,143.29
2023-01-03 14:44:00,1332.49,ac,0,4.42,1178.41,5.44,5.2,139.03
2023-01-03 14:45:00,1305.45,ac,0,5.4,1110.41,3.92,6.12,179.59
2023-01-03 14:46:00,1529.53,ac,0,5.48,1359.94,6.99,4.48,152.63
2023-01-03 14:47:00,1418.22,ac,0,6.68,1276.0,5.04,5.42,125.07
2023-01-03 14:48:00,1314.19,ac,0,4.38,1144.64,1.08,6.18,157.91
2023-01-03 14:49:00,1062.77,ac,0,3.64,898.64,5.21,6.04,149.25
2023-01-03 14:50:00,1296.99,ac,0,2.94,1142.91,3.57,6.07,141.49
2023-01-03 14:51:00,1419.84,ac,0,8.52,1257.89,0.33,5.04,148.07
2023-01-03 14:52:00,1451.06,ac,0,7.91,1304.61,5.75,4.17,128.62
2023-01-03 14:53:00,1524.69,ac,0,8.44,1384.04,5.6,6.15,120.46
2023-01-03 14:54:00,1446.31,ac,0,5.52,1297.17,6.64,4.51,132.47
2023-01-03 14:55:00,1348.5,ac,0,2.83,1186.95,5.05,9.23,144.44
2023-01-03 14:56:00,1409.06,ac,0,3.18,1249.01,5.99,4.91,145.97
2023-01-03 14:57:00,1350.23,ac,0,2.92,1161.25,4.21,3.92,177.92
2023-01-03 14:58:00,1375.8,ac,0,4.25,1210.33,2.17,8.2,150.85
2023-01-03 14:59:00,1294.82,ac,0,5.05,1142.37,4.47,4.25,138.68
2023-01-03 15:00:00,1344.06,ac,0,6.74,1160.83,9.8,4.96,161.73
2023-01-03 15:01:00,1312.37,ac,0,5.38,1145.53,4.43,4.11,152.93
2023-01-03 15:02:00,1384.17,ac,0,4.59,1231.09,4.59,6.61,137.28
2023-01-03 15:03:00,1507.53,ac,0,6.4,1323.29,1.67,5.1,171.08
2023-01-03 15:04:00,1377.94,ac,0,6.46,1239.41,6.84,5.63,119.61
2023-01-03 15:05:00,1393.36,ac,0,2.58,1224.51,5.05,4.64,156.58
2023-01-03 15:06:00,1357.51,ac,0,4.46,1209.2,5.39,7.13,131.34
2023-01-03 15:07:00,1370.76,ac,0,6.75,1195.9,4.59,4.82,158.69
2023-01-03 15:08:00,1182.31,ac,0,5.35,1032.12,3.92,4.11,136.81
2023-01-03 15:09:00,1272.78,ac,0,5.05,1104.14,3.16,1.35,159.08
2023-01-03 15:10:00,1300.36,ac,0,5.67,1114.95,3.61,4.25,171.88
2023-01-03 15:11:00,1219.38,ac,0,6.22,1036.11,4.57,4.91,167.57
2023-01-03 15:12:00,1502.68,ac,0,4.8,1335.94,7.14,7.68,147.11
2023-01-03 15:13:00,1620.27,ac,0,8.53,1425.06,2.53,5.97,178.19
2023-01-03 15:14:00,1339.76,ac,0,5.61,1177.98,5.05,5.84,145.28
2023-01-03 15:15:00,1484.26,ac,0,4.79,1307.18,5.46,2.29,164.55
2023-01-03 15:16:00,1378.08,ac,0,2.8,1205.05,3.19,5.59,161.44
2023-01-03 15:17:00,1474.36,ac,0,7.65,1279.0,3.85,4.54,179.31
2023-01-03 15:18:00,1302.25,ac,0,4.21,1144.07,5.47,2.4,146.11
2023-01-03 15:19:00,1357.29,ac,0,3.73,1171.33,7.39,5.41,169.43
2023-01-03 15:20:00,1394.61,ac,0,3.77,1231.09,5.23,3.61,150.9
2023-01-03 15:21:00,1287.23,ac,0,6.87,1141.3,6.71,4.03,128.32
2023-01-03 15:22:00,1062.38,ac,0,3.03,927.6,2.69,3.13,125.93
2023-01-03 15:23:00,1523.24,ac,0,2.91,1365.14,2.84,3.07,149.27
2023-01-03 15:24:00,1363.49,ac,0,8.9,1151.32,6.24,4.3,192.74
2023-01-03 15:25:00,1237.32,ac,0,6.75,1076.79,4.93,6.2,142.65
2023-01-03 15:26:00,1162.16,ac,0,0.0,1003.27,6.83,6.0,146.07
2023-01-03 15:27:00,1575.42,ac,0,4.05,1392.04,8.41,3.48,167.43
2023-01-03 15:28:00,1245.57,ac,0,4.8,1063.55,5.21,6.34,165.67
2023-01-03 15:29:00,1366.84,ac,0,4.83,1240.41,4.18,2.54,114.89
2023-01-03 15:30:00,1176.57,ac,0,4.52,1001.12,5.89,5.96,159.09
2023-01-03 15:31:00,1467.86,ac,0,4.93,1267.47,9.93,6.22,179.32
2023-01-03 15:32:00,1250.81,ac,0,4.98,1110.18,6.76,4.25,124.63
2023-01-03 15:33:00,1522.24,ac,0,3.54,1367.18,7.37,5.72,138.43
2023-01-03 15:34:00,1175.93,ac,0,3.32,1009.45,4.01,6.32,152.83
2023-01-03 15:35:00,1300.75,ac,0,6.71,1091.03,4.56,10.48,187.97
2023-01-03 15:36:00,1502.39,ac,0,5.8,1322.66,8.26,4.12,161.55
2023-01-03 15:37:00,1214.52,ac,0,6.16,1092.5,8.32,4.22,103.33
2023-01-03 15:38:00,1374.04,ac,1,20.19,1223.55,4.24,2.45,123.6
2023-01-03 15:39:00,1335.55,ac,0,4.94,1175.73,8.32,4.35,142.21
2023-01-03 15:40:00,1276.31,ac,0,4.68,1136.97,4.43,4.59,125.65
2023-01-03 15:41:00,1297.33,ac,0,1.99,1160.96,5.56,1.73,127.09
2023-01-03 15:42:00,1364.23,ac,0,5.62,1199.9,8.65,3.93,146.14
2023-01-03 15:43:00,960.68,ac,0,5.31,788.9,5.0,4.43,157.04
2023-01-03 15:44:00,1243.88,ac,0,3.1,1061.93,7.3,5.64,165.92
2023-01-03 15:45:00,1277.54,ac,0,4.43,1109.09,4.77,3.7,155.56
2023-01-03 15:46:00,1379.44,ac,0,4.91,1214.24,5.04,5.81,149.44
2023-01-03 15:47:00,1126.93,ac,0,5.79,989.95,6.11,8.55,116.53
2023-01-03 15:48:00,1292.85,ac,0,5.31,1122.72,2.6,6.48,155.75
2023-01-03 15:49:00,1459.8,ac,0,4.3,1259.33,5.97,5.01,185.2
2023-01-03 15:50:00,1361.7,ac,0,3.12,1173.38,4.13,3.97,177.1
2023-01-03 15:51:00,1713.28,ac,0,2.19,1564.12,4.9,5.07,137.0
2023-01-03 15:52:00,1555.97,ac,0,8.76,1341.64,5.17,6.57,193.84
2023-01-03 15:53:00,1356.47,ac,0,4.01,1199.9,4.6,5.58,142.37
2023-01-03 15:54:00,1292.13,ac,0,4.97,1140.8,7.38,5.16,133.81
2023-01-03 15:55:00,1260.11,ac,0,4.61,1094.26,6.16,7.58,147.51
2023-01-03 15:56:00,1606.01,ac,0,6.53,1435.5,4.62,4.65,154.71
2023-01-03 15:57:00,1376.52,ac,0,5.54,1209.68,4.82,3.95,152.53
2023-01-03 15:58:00,1434.17,ac,0,6.93,1279.47,8.28,7.32,132.16
2023-01-03 15:59:00,1507.1,ac,0,2.99,1356.09,3.69,4.64,139.69
2023-01-03 16:00:00,1506.3,ac,0,6.16,1320.01,2.98,6.02,171.14
2023-01-03 16:01:00,1426.87,ac,0,3.02,1264.82,4.1,1.41,153.52
2023-01-03 16:02:00,1545.2,ac,0,4.71,1407.96,5.87,4.2,122.47
2023-01-03 16:03:00,1169.35,ac,0,4.28,999.45,8.48,7.05,150.1
2023-01-03 16:04:00,1710.19,ac,0,0.93,1560.82,5.93,2.2,140.31
2023-01-03 16:05:00,1414.91,ac,0,4.93,1281.16,6.51,8.85,113.46
2023-01-03 16:06:00,1250.51,ac,0,8.6,1097.19,2.38,3.74,138.6
2023-01-03 16:07:00,1728.62,ac,0,6.34,1556.3,6.96,8.15,150.87
2023-01-03 16:08:00,895.61,ac,0,6.08,722.04,7.96,3.82,155.71
2023-01-03 16:09:00,1423.47,ac,0,4.64,1256.16,4.97,3.99,153.71
2023-01-03 16:10:00,1195.72,ac,0,4.13,1049.5,8.5,8.15,125.44
2023-01-03 16:11:00,1607.69,ac,0,2.78,1401.7,7.99,4.89,190.32
2023-01-03 16:12:00,1192.26,ac,0,5.02,1043.31,6.92,7.01,129.99
2023-01-03 16:13:00,1195.09,ac,0,0.97,1032.17,4.67,5.48,151.79
2023-01-03 16:14:00,1359.68,ac,0,5.58,1180.82,6.9,4.41,161.97
2023-01-03 16:15:00,1361.15,ac,0,5.12,1159.32,5.41,5.24,186.06
2023-01-03 16:16:00,1266.89,ac,0,6.79,1060.28,5.36,3.29,191.16
2023-01-03 16:17:00,1309.4,ac,0,5.71,1150.16,4.7,2.77,146.06
2023-01-03 16:18:00,1145.26,ac,0,4.09,974.5,3.71,6.53,156.42
2023-01-03 16:19:00,1012.98,ac,0,5.27,893.36,5.76,7.54,101.04
2023-01-03 16:20:00,1443.87,ac,0,4.84,1270.5,7.6,5.13,155.81
2023-01-03 16:21:00,1355.39,ac,0,6.87,1182.34,5.46,4.12,156.6
2023-01-03 16:22:00,1490.61,ac,0,5.29,1329.76,4.55,6.01,145.0
2023-01-03 16:23:00,1263.85,ac,0,8.76,1060.77,4.08,5.94,184.29
2023-01-03 16:24:00,1378.68,ac,0,2.61,1226.35,3.97,5.11,140.64
2023-01-03 16:25:00,1387.77,ac,1,21.14,1188.72,6.23,0.98,170.71
2023-01-03 16:26:00,1437.22,ac,0,4.66,1280.83,6.55,4.3,140.89
2023-01-03 16:27:00,1542.9,ac,0,2.12,1393.04,5.58,7.41,134.75
2023-01-03 16:28:00,1381.95,ac,0,3.64,1260.6,5.75,3.59,108.37
2023-01-03 16:29:00,1667.74,ac,0,3.6,1507.75,2.4,3.93,150.06
2023-01-03 16:30:00,1562.93,ac,0,4.4,1385.05,1.48,5.17,166.83
2023-01-03 16:31:00,1229.46,ac,0,7.18,1079.31,6.15,4.03,132.78
2023-01-03 16:32:00,1324.6,ac,0,1.57,1170.65,4.64,0.79,146.96
2023-01-03 16:33:00,1341.78,ac,0,6.6,1165.98,5.85,5.12,158.23
2023-01-03 16:34:00,1347.34,ac,0,4.96,1144.64,4.77,5.85,187.12
2023-01-03 16:35:00,1778.19,ac,0,6.73,1612.19,6.74,5.34,147.18
2023-01-03 16:36:00,1069.43,ac,0,5.81,925.17,5.78,3.75,128.91
2023-01-03 16:37:00,1247.23,ac,0,4.49,1079.8,5.41,7.03,150.5
2023-01-03 16:38:00,1374.19,ac,0,7.27,1206.53,3.79,3.47,153.13
2023-01-03 16:39:00,1463.93,ac,0,3.17,1305.6,5.48,7.03,142.65
2023-01-03 16:40:00,1536.38,ac,0,5.33,1368.67,5.2,6.21,150.97
2023-01-03 16:41:00,1531.35,ac,0,3.24,1357.24,4.87,3.96,162.04
2023-01-03 16:42:00,1377.5,ac,0,5.96,1213.06,6.01,6.0,146.46
2023-01-03 16:43:00,1462.26,ac,0,2.83,1288.42,4.03,7.27,159.7
2023-01-03 16:44:00,1751.8,ac,0,0.55,1590.39,5.51,4.98,150.36
2023-01-03 16:45:00,1378.13,ac,0,2.78,1219.85,8.37,4.2,142.94
2023-01-03 16:46:00,1203.61,ac,0,4.71,1035.33,6.17,5.43,151.98
2023-01-03 16:47:00,1206.75,ac,0,5.43,1030.88,7.9,9.92,152.63
2023-01-03 16:48:00,1483.18,ac,0,0.93,1337.55,5.51,6.37,132.82
2023-01-03 16:49:00,1143.93,ac,0,5.12,981.28,4.15,6.01,147.37
2023-01-03 16:50:00,1500.65,ac,0,6.74,1325.4,5.76,5.06,157.69
2023-01-03 16:51:00,1520.62,ac,0,3.07,1371.27,6.82,1.74,137.72
2023-01-03 16:52:00,1636.28,ac,1,7.15,1118.23,8.2,2.31,500.39
2023-01-03 16:53:00,1263.55,ac,0,6.95,1054.23,6.72,5.57,190.08
2023-01-03 16:54:00,1613.72,ac,0,4.4,1467.38,11.01,5.15,125.78
2023-01-03 16:55:00,1240.55,ac,0,6.2,1094.92,4.99,2.1,132.34
2023-01-03 16:56:00,1284.17,ac,0,6.6,1109.53,3.94,7.74,156.37
2023-01-03 16:57:00,1383.26,ac,0,4.31,1240.58,7.74,2.53,128.11
2023-01-03 16:58:00,1467.07,ac,0,6.58,1316.05,9.18,1.36,133.9
2023-01-03 16:59:00,1294.28,ac,0,9.49,1074.66,3.75,3.51,202.87
2023-01-03 17:00:00,1765.4,ac,0,5.02,1382.63,6.76,180.8,190.18
2023-01-03 17:01:00,1943.02,ac,0,3.65,1552.75,5.35,204.14,177.13
2023-01-03 17:02:00,1554.72,ac,0,6.2,1151.21,7.68,239.76,149.87
2023-01-03 17:03:00,1572.75,ac,0,5.55,1196.12,3.73,185.68,181.68
2023-01-03 17:04:00,1512.37,ac,0,6.04,1125.58,3.16,222.28,155.3
2023-01-03 17:05:00,1738.25,ac,0,5.98,1452.12,3.36,140.53,136.25
2023-01-03 17:06:00,1486.5,ac,0,0.73,1073.96,6.27,257.69,147.85
2023-01-03 17:07:00,1564.47,ac,0,11.28,1190.65,5.63,185.75,171.16
2023-01-03 17:08:00,1608.49,ac,0,8.81,1257.14,7.94,198.61,135.99
2023-01-03 17:09:00,1612.32,ac,0,1.08,1308.22,3.05,145.96,154.01
2023-01-03 17:10:00,1884.08,ac,0,4.11,1489.82,3.65,205.64,180.87
2023-01-03 17:11:00,1378.12,ac,0,2.87,1087.3,5.54,154.74,127.67
2023-01-03 17:12:00,1621.47,ac,0,5.42,1205.17,3.18,243.59,164.1
2023-01-03 17:13:00,1745.3,ac,0,7.61,1375.54,6.77,219.12,136.27
2023-01-03 17:14:00,1402.78,ac,0,8.54,1106.44,8.61,143.27,135.91
2023-01-03 17:15:00,1584.45,ac,0,0.96,1258.21,1.94,166.62,156.71
2023-01-03 17:16:00,1446.76,ac,0,4.06,1118.1,8.27,158.6,157.72
2023-01-03 17:17:00,1405.21,ac,0,4.71,1031.44,6.51,193.9,168.65
2023-01-03 17:18:00,1652.01,ac,0,5.37,1232.72,4.59,216.98,192.34
2023-01-03 17:19:00,1427.32,ac,0,6.25,984.7,3.7,255.91,176.77
2023-01-03 17:20:00,1670.9,ac,0,8.08,1261.14,3.79,256.62,141.27
2023-01-03 17:21:00,1730.61,ac,0,6.93,1452.78,7.58,158.45,104.87
2023-01-03 17:22:00,1443.57,ac,0,7.0,1119.71,8.22,184.08,124.56
2023-01-03 17:23:00,1443.8,ac,0,4.56,1024.93,5.24,307.96,101.12
2023-01-03 17:24:00,1359.82,ac,0,7.81,1046.22,3.22,184.38,118.19
2023-01-03 17:25:00,1912.78,ac,0,8.47,1542.7,4.09,197.67,159.86
2023-01-03 17:26:00,1426.96,ac,0,5.16,1107.49,4.75,171.89,137.68
2023-01-03 17:27:00,1663.85,ac,0,6.54,1304.83,4.33,188.42,159.74
2023-01-03 17:28:00,1581.63,ac,0,4.91,1272.89,6.7,180.5,116.62
2023-01-03 17:29:00,1768.24,ac,0,5.73,1426.43,8.42,203.46,124.21
2023-01-03 17:30:00,1302.73,ac,0,4.4,986.74,5.94,155.03,150.63
2023-01-03 17:31:00,1632.64,ac,0,5.05,1277.65,6.68,223.48,119.76
2023-01-03 17:32:00,1672.89,ac,0,4.83,1298.42,3.61,221.44,144.57
2023-01-03 17:33:00,1720.03,ac,0,6.01,1342.64,2.88,220.67,147.83
2023-01-03 17:34:00,1530.26,ac,0,6.62,1159.08,7.76,188.22,168.58
2023-01-03 17:35:00,1548.49,ac,0,4.01,1202.5,4.34,178.83,158.81
2023-01-03 17:36:00,1461.75,ac,0,3.55,1125.11,1.77,170.82,160.5
2023-01-03 17:37:00,1603.07,ac,0,5.44,1246.56,4.69,175.6,170.79
2023-01-03 17:38:00,1538.23,ac,0,0.72,1175.79,2.14,238.37,121.22
2023-01-03 17:39:00,1653.45,ac,0,6.36,1351.17,5.19,180.06,110.67
2023-01-03 17:40:00,1527.55,ac,0,4.4,1192.96,9.58,191.85,128.76
2023-01-03 17:41:00,1691.85,ac,0,8.2,1290.79,2.74,232.41,157.71
2023-01-03 17:42:00,1414.42,ac,0,5.88,1089.93,5.96,151.38,161.28
2023-01-03 17:43:00,1488.08,ac,0,6.08,1156.44,7.64,190.09,127.84
2023-01-03 17:44:00,1548.6,ac,0,8.37,1145.1,4.36,249.49,141.29
2023-01-03 17:45:00,1950.05,ac,0,5.54,1531.06,6.22,263.66,143.56
2023-01-03 17:46:00,1469.47,ac,0,6.72,1079.71,6.88,208.79,167.38
2023-01-03 17:47:00,1683.87,ac,0,4.1,1307.35,5.72,234.48,132.21
2023-01-03 17:48:00,1657.71,ac,0,3.8,1222.54,6.73,306.02,118.62
2023-01-03 17:49:00,1730.75,ac,0,4.49,1354.87,4.64,223.97,142.78
2023-01-03 17:50:00,1240.83,ac,0,3.59,922.04,4.41,158.49,152.3
2023-01-03 17:51:00,1680.72,ac,0,4.73,1304.05,6.11,214.73,151.09
2023-01-03 17:52:00,1591.03,ac,0,7.71,1300.42,6.05,146.44,130.41
2023-01-03 17:53:00,1423.33,ac,0,3.28,1036.24,5.33,212.82,165.66
2023-01-03 17:54:00,1654.37,ac,0,4.0,1238.69,5.03,259.31,147.33
2023-01-03 17:55:00,1405.52,ac,0,7.17,1081.47,5.08,179.04,132.76
2023-01-03 17:56:00,1581.06,ac,0,4.7,1229.06,0.0,197.87,149.43
2023-01-03 17:57:00,1769.37,ac,0,3.93,1387.3,5.67,235.43,137.04
2023-01-03 17:58:00,1654.19,ac,0,7.07,1267.72,4.98,220.53,153.88
2023-01-03 17:59:00,1602.35,ac,0,6.87,1213.19,6.95,224.57,150.77
2023-01-03 18:00:00,1604.08,ac,0,5.06,1230.18,4.48,216.49,147.88
2023-01-03 18:01:00,1415.89,ac,0,3.54,1112.89,5.26,146.96,147.24
2023-01-03 18:02:00,1501.53,ac,0,5.15,1093.97,4.94,228.4,169.07
2023-01-03 18:03:00,1399.14,ac,0,7.2,1021.84,8.13,194.55,167.41
2023-01-03 18:04:00,1741.9,ac,0,4.62,1340.7,4.69,268.83,123.07
2023-01-03 18:05:00,1493.61,ac,0,7.08,1123.95,3.29,172.87,186.42
2023-01-03 18:06:00,1528.18,ac,0,4.59,1201.3,5.43,178.74,138.12
2023-01-03 18:07:00,1498.25,ac,0,2.44,1190.4,1.32,164.26,139.85
2023-01-03 18:08:00,1723.83,ac,0,6.68,1370.79,6.41,203.24,136.72
2023-01-03 18:09:00,1753.18,ac,0,2.75,1346.57,4.75,252.51,146.6
2023-01-03 18:10:00,1628.18,ac,0,5.34,1280.07,3.49,175.37,163.91
2023-01-03 18:11:00,1345.18,ac,0,6.86,966.74,4.22,241.39,125.96
2023-01-03 18:12:00,1681.21,ac,0,5.97,1318.35,3.71,207.0,146.18
2023-01-03 18:13:00,1648.76,ac,0,3.76,1282.48,2.98,196.96,162.58
2023-01-03 18:14:00,1309.37,ac,0,5.1,993.82,5.9,176.1,128.45
2023-01-03 18:15:00,1629.51,ac,0,7.78,1255.2,2.62,184.23,179.69
2023-01-03 18:16:00,1499.23,ac,0,5.91,1111.41,4.79,183.17,193.94
2023-01-03 18:17:00,1459.1,ac,0,3.86,1080.81,3.18,206.99,164.27
2023-01-03 18:18:00,1343.92,ac,0,2.85,1063.2,4.85,142.47,130.55
2023-01-03 18:19:00,1365.0,ac,0,4.17,1038.49,3.52,215.41,103.41
2023-01-03 18:20:00,1497.84,ac,0,4.27,1224.91,2.6,114.33,151.73
2023-01-03 18:21:00,1694.99,ac,0,8.62,1342.32,3.15,193.99,146.92
2023-01-03 18:22:00,1292.79,ac,0,8.09,939.67,5.47,170.75,168.81
2023-01-03 18:23:00,1469.49,ac,0,3.79,1128.23,3.81,181.82,151.84
2023-01-03 18:24:00,1278.88,ac,0,3.71,933.31,3.78,178.48,159.61
2023-01-03 18:25:00,1448.94,ac,0,4.01,1101.62,2.99,213.48,126.84
2023-01-03 18:26:00,1422.24,ac,0,4.01,1005.82,4.18,235.33,172.89
2023-01-03 18:27:00,1709.04,ac,0,5.47,1347.73,5.63,177.85,172.35
2023-01-03 18:28:00,1485.46,ac,0,5.72,1119.16,3.12,216.62,140.84
2023-01-03 18:29:00,1885.17,ac,0,7.14,1473.09,3.71,251.97,149.25
2023-01-03 18:30:00,1490.1,ac,0,6.88,1160.13,4.47,153.26,165.37
2023-01-03 18:31:00,1433.78,ac,0,2.75,1073.38,5.15,197.63,154.87
2023-01-03 18:32:00,1575.89,ac,0,2.88,1164.59,8.34,251.43,148.65
2023-01-03 18:33:00,1703.96,ac,0,7.41,1276.56,1.86,254.08,164.06
2023-01-03 18:34:00,1425.18,ac,0,4.46,1060.25,3.95,195.08,161.43
2023-01-03 18:35:00,1282.54,ac,0,7.02,904.59,5.61,248.71,116.62
2023-01-03 18:36:00,1538.6,ac,0,3.26,1165.47,6.75,195.97,167.15
2023-01-03 18:37:00,1532.09,ac,0,6.19,1210.84,8.19,173.97,132.9
2023-01-03 18:38:00,1823.35,ac,0,6.26,1374.0,3.1,246.82,193.15
2023-01-03 18:39:00,1609.48,ac,0,5.15,1256.93,1.47,190.15,155.77
2023-01-03 18:40:00,1348.05,ac,0,7.08,955.49,4.19,222.39,158.9
2023-01-03 18:41:00,1473.47,ac,0,6.53,1151.02,2.62,165.15,148.16
2023-01-03 18:42:00,1360.19,ac,0,5.33,1004.25,5.68,185.68,159.23
2023-01-03 18:43:00,1736.32,ac,0,2.87,1323.6,4.93,241.73,163.18
2023-01-03 18:44:00,1567.94,ac,0,7.13,1236.37,3.99,172.05,148.4
2023-01-03 18:45:00,1282.35,ac,0,5.99,1014.67,2.76,127.34,131.59
2023-01-03 18:46:00,1430.51,ac,0,5.11,1043.04,3.61,248.17,130.58
2023-01-03 18:47:00,1484.38,ac,0,6.17,1160.32,3.61,180.16,134.14
2023-01-03 18:48:00,1748.86,ac,0,3.22,1302.86,6.36,269.79,166.62
2023-01-03 18:49:00,1630.29,ac,0,4.83,1288.88,3.43,204.23,128.93
2023-01-03 18:50:00,1434.64,ac,0,5.26,1078.16,0.87,225.15,125.21
2023-01-03 18:51:00,1673.7,ac,0,4.15,1283.36,7.08,203.79,175.32
2023-01-03 18:52:00,1675.5,ac,0,4.94,1259.47,4.06,182.79,224.24
2023-01-03 18:53:00,1823.7,ac,0,6.44,1441.48,5.04,244.25,126.49
2023-01-03 18:54:00,1515.49,ac,0,3.47,1125.68,5.62,209.16,171.56
2023-01-03 18:55:00,1576.41,ac,0,5.74,1180.33,6.79,207.32,176.23
2023-01-03 18:56:00,1509.04,ac,0,3.94,1136.38,4.96,254.3,109.47
2023-01-03 18:57:00,1723.88,ac,0,8.15,1350.65,4.9,201.36,158.81
2023-01-03 18:58:00,1175.33,ac,0,4.07,818.07,5.59,198.86,148.75
2023-01-03 18:59:00,1697.38,ac,0,5.92,1364.99,0.77,171.47,154.23
2023-01-03 19:00:00,1586.35,ac,0,6.13,1105.41,9.59,278.26,186.96
2023-01-03 19:01:00,1166.13,ac,1,18.26,860.97,8.63,146.77,131.51
2023-01-03 19:02:00,1657.71,ac,0,3.2,1298.19,3.79,192.52,160.01
2023-01-03 19:03:00,1862.82,ac,0,3.55,1471.28,1.0,249.01,137.97
2023-01-03 19:04:00,1740.05,ac,0,1.26,1361.67,3.51,209.61,164.01
2023-01-03 19:05:00,1425.79,ac,0,6.58,1081.75,0.52,147.63,189.3
2023-01-03 19:06:00,1637.83,ac,0,4.35,1250.32,2.55,202.12,178.49
2023-01-03 19:07:00,1548.85,ac,0,2.46,1227.2,5.04,180.95,133.2
2023-01-03 19:08:00,1794.89,ac,0,3.58,1408.03,9.69,252.54,121.04
2023-01-03 19:09:00,1819.91,ac,0,5.52,1409.78,4.83,218.56,181.21
2023-01-03 19:10:00,1454.51,ac,0,2.31,1025.05,4.74,270.62,151.78
2023-01-03 19:11:00,1788.22,ac,0,5.54,1352.79,7.38,286.46,136.05
2023-01-03 19:12:00,1640.99,ac,0,2.56,1307.74,8.49,185.4,136.8
2023-01-03 19:13:00,1747.83,ac,0,4.93,1417.09,8.68,188.47,128.67
2023-01-03 19:14:00,1560.35,ac,0,3.7,1160.07,3.19,245.26,148.13
2023-01-03 19:15:00,1329.04,ac,0,5.02,1054.15,6.64,142.03,121.2
2023-01-03 19:16:00,1448.71,ac,0,5.53,1131.58,8.24,224.55,78.81
2023-01-03 19:17:00,1684.96,ac,0,6.78,1280.49,6.76,227.6,163.32
2023-01-03 19:18:00,1811.76,ac,0,4.53,1474.84,4.23,154.67,173.48
2023-01-03 19:19:00,1302.14,ac,0,8.13,946.56,3.76,190.68,153.01
2023-01-03 19:20:00,1578.14,ac,0,4.22,1147.75,2.75,288.91,134.51
2023-01-03 19:21:00,1367.94,ac,0,5.67,1031.12,1.29,178.01,151.85
2023-01-03 19:22:00,1858.84,ac,0,8.42,1517.27,5.93,205.91,121.3
2023-01-03 19:23:00,1519.86,ac,0,3.41,1232.26,6.25,126.68,151.27
2023-01-03 19:24:00,1690.25,ac,0,2.08,1261.33,6.59,268.1,152.15
2023-01-03 19:25:00,1651.61,ac,0,5.59,1309.18,6.86,154.56,175.42
2023-01-03 19:26:00,1901.95,ac,0,4.22,1499.82,5.63,227.57,164.71
2023-01-03 19:27:00,1633.63,ac,0,2.51,1254.23,4.79,198.18,173.91
2023-01-03 19:28:00,1631.84,ac,0,2.5,1339.29,6.18,187.92,95.95
2023-01-03 19:29:00,1448.73,ac,0,5.56,1084.9,3.27,214.47,140.53
2023-01-03 19:30:00,1543.46,ac,0,2.26,1264.59,4.81,120.19,151.6
2023-01-03 19:31:00,1386.81,ac,0,3.76,1077.25,4.38,175.71,125.72
2023-01-03 19:32:00,1560.67,ac,0,6.38,1122.74,4.95,272.11,154.49
2023-01-03 19:33:00,1526.38,ac,0,3.87,1261.4,4.4,130.89,125.8
2023-01-03 19:34:00,1368.41,ac,0,5.24,1031.35,0.07,173.61,158.14
2023-01-03 19:35:00,1635.86,ac,0,3.92,1206.41,6.82,255.08,163.63
2023-01-03 19:36:00,1621.62,ac,0,4.21,1272.13,3.4,187.77,154.11
2023-01-03 19:37:00,1431.91,ac,0,3.77,1060.03,4.53,203.59,159.99
2023-01-03 19:38:00,1494.37,ac,0,6.29,1164.07,0.96,162.31,160.74
2023-01-03 19:39:00,1471.88,ac,0,7.42,1063.89,4.61,266.29,129.68
2023-01-03 19:40:00,1516.71,ac,0,8.14,1115.08,6.6,214.06,172.82
2023-01-03 19:41:00,1617.67,ac,0,6.21,1271.32,6.7,209.71,123.72
2023-01-03 19:42:00,1356.06,ac,0,7.25,1001.5,4.37,156.44,186.49
2023-01-03 19:43:00,1762.81,ac,0,3.49,1361.12,2.25,260.16,135.8
2023-01-03 19:44:00,1561.73,ac,0,2.78,1258.1,3.24,176.09,121.53
2023-01-03 19:45:00,1965.84,ac,0,7.59,1564.38,9.41,225.14,159.32
2023-01-03 19:46:00,1897.76,ac,0,4.88,1496.15,7.41,196.05,193.28
2023-01-03 19:47:00,1941.45,ac,0,2.12,1578.3,6.29,199.26,155.48
2023-01-03 19:48:00,1748.12,ac,0,6.87,1505.8,3.88,101.05,130.53
2023-01-03 19:49:00,1692.76,ac,0,2.85,1289.9,1.29,248.37,150.35
2023-01-03 19:50:00,1873.66,ac,0,6.65,1469.5,3.36,238.41,155.74
2023-01-03 19:51:00,1566.53,ac,0,8.19,1209.08,7.71,190.81,150.74
2023-01-03 19:52:00,1545.01,ac,0,4.25,1153.32,5.52,196.64,185.27
2023-01-03 19:53:00,1513.13,ac,0,6.45,1158.67,4.95,175.5,167.56
2023-01-03 19:54:00,1668.38,ac,0,5.64,1273.25,6.9,240.38,142.22
2023-01-03 19:55:00,1565.47,ac,0,6.6,1217.37,3.75,225.64,112.1
2023-01-03 19:56:00,1962.04,ac,0,5.64,1579.55,3.4,197.5,175.94
2023-01-03 19:57:00,1563.16,ac,0,1.91,1215.51,7.53,180.71,157.49
2023-01-03 19:58:00,1684.31,ac,0,8.04,1351.15,7.04,185.62,132.47
2023-01-03 19:59:00,1533.86,ac,0,5.63,1046.49,5.51,301.45,174.77
2023-01-03 20:00:00,1490.16,ac,0,1.98,1195.71,2.73,134.89,154.85
2023-01-03 20:01:00,1497.4,ac,0,3.84,1115.0,4.88,205.79,167.89
2023-01-03 20:02:00,1663.32,ac,0,7.27,1338.82,0.0,184.39,132.84
2023-01-03 20:03:00,1916.65,ac,0,5.25,1545.94,5.85,239.33,120.28
2023-01-03 20:04:00,1559.76,ac,0,3.63,1247.48,6.37,137.62,164.67
2023-01-03 20:05:00,1503.42,ac,0,3.03,1202.55,3.51,133.98,160.36
2023-01-03 20:06:00,1525.99,ac,0,4.63,1181.46,4.77,184.53,150.6
2023-01-03 20:07:00,1876.68,ac,0,4.59,1514.44,8.15,203.5,146.0
2023-01-03 20:08:00,1506.41,ac,0,3.62,1206.31,3.45,135.88,157.14
2023-01-03 20:09:00,1109.25,ac,0,3.07,768.75,2.77,208.1,126.56
2023-01-03 20:10:00,1620.98,ac,0,1.56,1236.96,4.97,244.76,132.73
2023-01-03 20:11:00,1651.43,ac,0,6.96,1281.71,3.8,184.87,174.08
2023-01-03 20:12:00,1598.38,ac,0,6.61,1158.66,2.5,263.08,167.53
2023-01-03 20:13:00,1691.42,ac,0,0.73,1378.21,4.3,198.38,109.8
2023-01-03 20:14:00,1630.44,ac,0,3.89,1178.4,5.57,274.01,168.58
2023-01-03 20:15:00,1672.14,ac,0,5.34,1277.48,3.76,222.18,163.38
2023-01-03 20:16:00,1598.46,ac,0,5.63,1221.7,6.21,239.25,125.67
2023-01-03 20:17:00,1914.69,ac,0,3.74,1495.29,6.9,262.84,145.92
2023-01-03 20:18:00,1676.19,ac,0,7.08,1296.8,6.12,193.53,172.66
2023-01-03 20:19:00,1525.6,ac,0,7.88,1134.0,3.05,260.41,120.26
2023-01-03 20:20:00,1672.1,ac,0,5.86,1269.59,6.74,225.85,164.06
2023-01-03 20:21:00,1846.51,ac,0,5.77,1514.94,4.96,165.2,155.65
2023-01-03 20:22:00,1256.95,ac,0,7.19,1007.92,6.53,109.68,125.63
2023-01-03 20:23:00,1723.19,ac,0,8.34,1308.27,4.77,222.24,179.57
2023-01-03 20:24:00,1630.38,ac,0,4.84,1280.69,3.15,186.59,155.11
2023-01-03 20:25:00,1612.31,ac,0,3.66,1314.4,5.03,160.68,128.53
2023-01-03 20:26:00,1478.82,ac,0,5.78,1169.26,5.07,155.81,142.9
2023-01-03 20:27:00,1478.97,ac,0,4.24,1092.94,7.62,197.68,176.49
2023-01-03 20:28:00,1649.42,ac,0,6.32,1255.63,3.02,206.39,178.05
2023-01-03 20:29:00,1139.15,ac,0,7.8,725.76,5.04,267.91,132.64
2023-01-03 20:30:00,1745.04,ac,0,2.25,1403.64,3.74,205.54,129.87
2023-01-03 20:31:00,1438.17,ac,0,8.21,1079.8,7.8,191.57,150.79
2023-01-03 20:32:00,1446.89,ac,0,6.38,1117.76,2.87,152.89,166.99
2023-01-03 20:33:00,1906.66,ac,0,7.55,1487.16,7.1,264.28,140.58
2023-01-03 20:34:00,1842.09,ac,0,7.52,1475.71,1.35,187.38,170.13
2023-01-03 20:35:00,1496.69,ac,0,3.7,1089.73,4.28,245.09,153.88
2023-01-03 20:36:00,1370.93,ac,0,5.29,1062.76,8.04,162.38,132.46
2023-01-03 20:37:00,1561.08,ac,0,5.21,1203.04,6.45,195.93,150.45
2023-01-03 20:38:00,1801.13,ac,0,2.38,1361.02,5.54,265.18,167.01
2023-01-03 20:39:00,1455.24,ac,0,6.21,1105.4,5.97,198.89,138.77
2023-01-03 20:40:00,1526.42,ac,0,2.79,1201.93,3.57,181.25,136.88
2023-01-03 20:41:00,1532.57,ac,0,7.83,1154.87,7.09,212.07,150.71
2023-01-03 20:42:00,1566.6,ac,0,8.15,1204.45,3.07,232.11,118.83
2023-01-03 20:43:00,1828.33,ac,0,4.23,1444.74,6.37,194.37,178.62
2023-01-03 20:44:00,1526.71,ac,0,6.47,1192.8,10.55,187.63,129.27
2023-01-03 20:45:00,1490.7,ac,0,7.66,1116.82,7.19,221.68,137.35
2023-01-03 20:46:00,1634.44,ac,0,8.73,1265.33,4.75,206.38,149.25
2023-01-03 20:47:00,1713.24,ac,0,5.72,1332.5,5.88,203.18,165.97
2023-01-03 20:48:00,1484.21,ac,0,6.12,1136.88,8.39,198.7,134.12
2023-01-03 20:49:00,1734.86,ac,0,5.01,1343.93,8.77,212.55,164.59
2023-01-03 20:50:00,1698.1,ac,0,2.73,1308.32,7.18,195.99,183.88
2023-01-03 20:51:00,1411.87,ac,0,6.06,1060.73,5.05,206.44,133.58
2023-01-03 20:52:00,1456.36,ac,0,9.17,1143.29,3.94,165.87,134.09
2023-01-03 20:53:00,1586.62,ac,0,5.75,1308.85,6.24,117.16,148.62
2023-01-03 20:54:00,1817.8,ac,0,3.22,1321.77,5.92,296.61,190.29
2023-01-03 20:55:00,1699.2,ac,0,2.03,1338.85,5.6,203.44,149.28
2023-01-03 20:56:00,1701.18,ac,0,7.23,1291.37,3.56,220.76,178.26
2023-01-03 20:57:00,1635.6,ac,0,3.26,1279.55,5.15,210.0,137.64
2023-01-03 20:58:00,1342.36,ac,0,4.72,985.82,4.88,177.09,169.85
2023-01-03 20:59:00,1717.57,ac,0,7.31,1244.66,9.03,296.03,160.54
2023-01-03 21:00:00,1283.2,ac,0,6.91,894.1,5.22,216.72,160.25
2023-01-03 21:01:00,1872.14,ac,0,2.28,1482.05,2.73,236.57,148.52
2023-01-03 21:02:00,1679.68,ac,0,4.12,1287.54,8.51,235.49,144.01
2023-01-03 21:03:00,1679.72,ac,0,4.27,1321.57,4.86,184.04,164.99
2023-01-03 21:04:00,1693.85,ac,0,6.49,1343.25,3.69,214.04,126.38
2023-01-03 21:05:00,1329.62,ac,0,3.33,1010.98,3.69,147.13,164.49
2023-01-03 21:06:00,1690.17,ac,0,5.78,1315.78,6.22,230.92,131.48
2023-01-03 21:07:00,1671.41,ac,0,6.34,1217.51,1.16,291.48,154.91
2023-01-03 21:08:00,1319.19,ac,0,6.1,987.6,4.99,152.7,167.8
2023-01-03 21:09:00,1606.0,ac,0,4.78,1311.67,7.37,131.83,150.34
2023-01-03 21:10:00,1412.01,ac,0,3.38,1005.1,4.12,237.03,162.38
2023-01-03 21:11:00,1729.15,ac,0,6.89,1359.53,4.47,232.5,125.76
2023-01-03 21:12:00,1603.74,ac,0,7.14,1204.69,5.5,225.13,161.28
2023-01-03 21:13:00,1273.53,ac,0,8.17,941.7,4.9,165.9,152.87
2023-01-03 21:14:00,1770.17,ac,0,4.4,1392.28,4.42,200.5,168.56
2023-01-03 21:15:00,1588.7,ac,0,3.78,1193.71,6.78,237.81,146.63
2023-01-03 21:16:00,1750.78,ac,0,6.32,1413.23,0.19,153.83,177.2
2023-01-03 21:17:00,1592.4,ac,0,8.21,1149.27,3.62,248.85,182.45
2023-01-03 21:18:00,1490.4,ac,0,4.52,1113.85,9.97,196.05,166.01
2023-01-03 21:19:00,1618.97,ac,1,9.73,1256.66,7.67,199.81,145.09
2023-01-03 21:20:00,1390.7,ac,0,8.39,1004.5,6.17,222.89,148.76
2023-01-03 21:21:00,1599.82,ac,0,6.91,1165.05,7.2,272.36,148.31
2023-01-03 21:22:00,1519.99,ac,0,3.1,1187.88,1.12,201.21,126.69
2023-01-03 21:23:00,1868.48,ac,0,0.71,1487.23,6.04,202.67,171.83
2023-01-03 21:24:00,1779.91,ac,0,7.68,1465.84,6.12,179.73,120.54
2023-01-03 21:25:00,1935.54,ac,0,7.42,1474.17,6.19,252.51,195.25
2023-01-03 21:26:00,1500.85,ac,0,3.05,1122.27,3.76,205.08,166.7
2023-01-03 21:27:00,1606.59,ac,0,2.02,1212.7,7.87,234.04,149.96
2023-01-03 21:28:00,1735.51,ac,0,8.5,1284.95,5.8,294.65,141.62
2023-01-03 21:29:00,1396.5,ac,0,4.09,994.0,3.39,237.98,157.03
2023-01-03 21:30:00,1683.06,ac,0,4.81,1376.62,5.8,151.74,144.08
2023-01-03 21:31:00,1623.36,ac,0,5.66,1194.68,7.81,256.61,158.61
2023-01-03 21:32:00,1595.17,ac,0,1.68,1234.51,5.18,220.11,133.68
2023-01-03 21:33:00,1718.98,ac,0,3.91,1326.63,4.92,203.34,180.17
2023-01-03 21:34:00,1839.17,ac,0,6.42,1493.2,6.34,177.59,155.61
2023-01-03 21:35:00,1449.7,ac,0,7.61,1152.82,5.38,148.22,135.66
2023-01-03 21:36:00,1676.16,ac,0,9.0,1324.25,5.35,214.45,123.1
2023-01-03 21:37:00,1656.32,ac,0,3.37,1311.99,10.91,185.67,144.38
2023-01-03 21:38:00,1561.49,ac,0,6.86,1221.87,4.59,145.38,182.8
2023-01-03 21:39:00,1518.87,ac,0,7.31,1145.93,3.41,211.78,150.44
2023-01-03 21:40:00,1418.81,ac,0,3.2,1010.62,3.48,241.56,159.95
2023-01-03 21:41:00,1400.2,ac,0,5.82,1019.68,4.33,225.73,144.65
2023-01-03 21:42:00,1644.71,ac,1,18.43,1302.87,6.64,158.92,157.85
2023-01-03 21:43:00,1483.76,ac,0,3.27,1138.51,3.04,175.15,163.79
2023-01-03 21:44:00,1611.16,ac,0,4.39,1159.46,6.03,270.23,171.05
2023-01-03 21:45:00,1210.84,ac,0,3.56,951.72,7.32,136.23,112.0
2023-01-03 21:46:00,1940.1,ac,0,8.91,1486.2,7.02,242.76,195.22
2023-01-03 21:47:00,1702.19,ac,0,4.09,1378.08,4.34,171.47,144.22
2023-01-03 21:48:00,1619.07,ac,0,0.0,1295.56,3.3,201.25,118.97
2023-01-03 21:49:00,1599.64,ac,0,7.18,1217.13,3.46,209.53,162.34
2023-01-03 21:50:00,4081.58,ac,1,5.84,3790.77,6.59,132.23,146.15
2023-01-03 21:51:00,1593.76,ac,0,3.7,1122.49,7.43,285.39,174.73
2023-01-03 21:52:00,1354.79,ac,0,4.66,1027.5,6.33,180.47,135.83
2023-01-03 21:53:00,1493.3,ac,0,2.7,1156.27,2.26,200.76,131.31
2023-01-03 21:54:00,1614.51,ac,0,6.05,1233.89,4.01,229.86,140.71
2023-01-03 21:55:00,1739.15,ac,0,5.84,1336.83,6.84,207.38,182.25
2023-01-03 21:56:00,1478.9,ac,0,6.91,1172.04,7.01,131.48,161.46
2023-01-03 21:57:00,1633.32,ac,0,2.87,1254.31,3.97,223.87,148.29
2023-01-03 21:58:00,1396.68,ac,0,2.72,999.76,3.66,211.2,179.34
2023-01-03 21:59:00,1558.24,ac,0,4.6,1238.68,4.92,185.8,124.23
2023-01-03 22:00:00,428.79,tv,0,2.58,1.75,3.56,219.65,201.25
2023-01-03 22:01:00,447.74,tv,0,7.04,8.34,0.69,286.82,144.84
2023-01-03 22:02:00,322.11,tv,0,5.11,5.94,6.84,166.17,138.04
2023-01-03 22:03:00,457.37,tv,0,5.45,3.81,6.62,294.74,146.75
2023-01-03 22:04:00,368.49,tv,0,8.38,2.98,7.66,216.24,133.24
2023-01-03 22:05:00,409.92,tv,0,3.07,4.59,3.65,210.63,187.98
2023-01-03 22:06:00,414.89,tv,0,6.41,5.41,9.62,226.35,167.11
2023-01-03 22:07:00,348.6,tv,0,9.54,6.0,6.86,172.4,153.8
2023-01-03 22:08:00,375.33,tv,0,4.25,5.49,6.19,209.45,149.96
2023-01-03 22:09:00,378.5,tv,0,5.81,3.38,4.91,199.78,164.62
2023-01-03 22:10:00,433.85,tv,0,4.86,6.44,6.34,241.48,174.73
2023-01-03 22:11:00,319.1,fridge,0,4.46,5.81,4.84,145.39,158.6
2023-01-03 22:12:00,410.89,tv,0,6.83,2.67,5.7,236.63,159.05
2023-01-03 22:13:00,346.23,fridge,0,3.08,0.12,0.49,157.6,184.94
2023-01-03 22:14:00,229.65,fridge,0,5.02,6.01,3.95,100.45,114.22
2023-01-03 22:15:00,374.98,tv,0,3.13,2.51,7.72,205.41,156.21
2023-01-03 22:16:00,387.12,tv,0,7.0,2.94,3.61,236.53,137.04
2023-01-03 22:17:00,400.2,tv,0,4.96,3.77,2.38,240.36,148.72
2023-01-03 22:18:00,326.93,fridge,0,0.68,3.56,0.18,142.35,180.16
2023-01-03 22:19:00,418.79,fridge,0,4.44,2.83,6.28,201.52,203.73
2023-01-03 22:20:00,341.04,fridge,0,4.17,3.43,5.13,155.1,173.21
2023-01-03 22:21:00,357.08,tv,0,5.84,6.89,4.67,229.67,110.02
2023-01-03 22:22:00,368.81,tv,0,3.66,5.81,1.42,206.49,151.43
2023-01-03 22:23:00,380.66,tv,0,4.44,2.12,5.99,200.07,168.03
2023-01-03 22:24:00,408.25,tv,0,5.82,5.65,5.11,212.41,179.27
2023-01-03 22:25:00,367.6,tv,0,8.66,3.14,6.75,207.98,141.07
2023-01-03 22:26:00,354.61,tv,0,7.03,7.38,5.23,206.67,128.29
2023-01-03 22:27:00,415.13,tv,0,7.85,6.51,3.93,261.45,135.38
2023-01-03 22:28:00,333.98,tv,0,4.16,4.96,6.88,195.24,122.74
2023-01-03 22:29:00,369.69,fridge,0,8.34,2.67,1.68,161.98,195.03
2023-01-03 22:30:00,390.39,tv,0,5.04,7.73,7.6,232.79,137.22
2023-01-03 22:31:00,283.93,fridge,0,2.13,3.42,3.5,125.16,149.72
2023-01-03 22:32:00,350.6,tv,0,7.28,7.04,3.43,168.0,164.84
2023-01-03 22:33:00,328.25,fridge,0,5.16,3.77,4.87,143.05,171.4
2023-01-03 22:34:00,443.25,tv,0,5.21,10.61,5.22,258.79,163.41
2023-01-03 22:35:00,355.63,tv,0,5.7,5.54,3.46,193.67,147.27
2023-01-03 22:36:00,328.4,fridge,0,3.82,4.67,5.98,134.77,179.17
2023-01-03 22:37:00,397.34,tv,0,8.24,9.18,7.07,193.57,179.27
2023-01-03 22:38:00,336.46,tv,0,7.11,4.53,4.01,192.06,128.75
2023-01-03 22:39:00,357.74,tv,0,7.87,4.83,5.53,188.38,151.14
2023-01-03 22:40:00,331.18,tv,0,7.3,2.6,4.25,172.22,144.81
2023-01-03 22:41:00,386.73,tv,0,3.73,3.67,7.19,227.51,144.62
2023-01-03 22:42:00,350.14,tv,0,3.8,8.34,7.39,171.63,158.97
2023-01-03 22:43:00,341.42,tv,0,2.36,7.41,5.64,183.08,142.93
2023-01-03 22:44:00,426.45,tv,0,7.21,10.51,6.31,234.33,168.1
2023-01-03 22:45:00,363.37,tv,0,6.31,5.3,4.41,196.46,150.89
2023-01-03 22:46:00,421.3,tv,0,1.88,5.36,3.39,253.92,156.74
2023-01-03 22:47:00,349.61,tv,0,5.9,7.55,3.79,204.81,127.55
2023-01-03 22:48:00,439.26,tv,0,5.57,5.37,3.85,257.12,167.35
2023-01-03 22:49:00,384.74,tv,0,2.91,4.59,8.07,192.14,177.02
2023-01-03 22:50:00,371.39,tv,0,5.08,6.46,4.19,211.18,144.47
2023-01-03 22:51:00,339.21,tv,0,5.36,3.39,8.36,181.18,140.92
2023-01-03 22:52:00,308.71,tv,0,3.83,1.58,6.11,190.16,107.04
2023-01-03 22:53:00,435.35,tv,0,7.84,2.16,6.84,254.18,164.33
2023-01-03 22:54:00,367.9,tv,0,7.81,6.86,2.3,201.89,149.04
2023-01-03 22:55:00,341.54,fridge,0,4.95,7.15,3.9,162.54,163.0
2023-01-03 22:56:00,295.29,fridge,0,4.82,7.07,3.15,124.38,155.87
2023-01-03 22:57:00,349.11,tv,0,1.86,4.98,1.35,184.43,156.49
2023-01-03 22:58:00,355.37,tv,0,7.18,3.09,3.55,179.29,162.25
2023-01-03 22:59:00,374.31,tv,0,3.15,2.71,8.04,224.24,136.17
2023-01-03 23:00:00,145.1,fridge,0,3.54,4.68,6.34,7.71,122.84
2023-01-03 23:01:00,212.13,fridge,0,5.63,7.42,9.45,6.03,183.6
2023-01-03 23:02:00,191.17,fridge,0,7.87,1.71,2.85,4.59,174.15
2023-01-03 23:03:00,186.47,fridge,0,7.14,3.99,4.82,5.66,164.86
2023-01-03 23:04:00,194.64,fridge,0,2.88,2.23,7.19,4.27,178.07
2023-01-03 23:05:00,147.6,fridge,0,4.58,5.26,4.17,2.47,131.12
2023-01-03 23:06:00,158.69,fridge,0,4.55,8.11,6.1,5.32,134.61
2023-01-03 23:07:00,177.53,fridge,0,6.02,4.82,8.88,6.28,151.53
2023-01-03 23:08:00,191.22,fridge,0,7.11,2.2,4.9,5.34,171.67
2023-01-03 23:09:00,181.75,fridge,0,3.09,5.26,6.58,6.54,160.28
2023-01-03 23:10:00,160.69,fridge,0,2.85,2.64,4.97,3.31,146.92
2023-01-03 23:11:00,215.54,fridge,0,6.15,5.14,6.37,3.01,194.87
2023-01-03 23:12:00,191.12,fridge,0,7.22,6.27,8.64,5.91,163.08
2023-01-03 23:13:00,176.58,fridge,0,3.88,0.79,6.03,7.69,158.19
2023-01-03 23:14:00,146.0,fridge,0,2.88,2.4,2.56,3.22,134.94
2023-01-03 23:15:00,181.86,fridge,0,3.25,0.0,1.93,0.86,175.82
2023-01-03 23:16:00,148.16,fridge,0,7.12,2.02,8.14,4.23,126.65
2023-01-03 23:17:00,150.83,fridge,0,8.49,1.72,4.35,2.23,134.04
2023-01-03 23:18:00,157.37,fridge,0,2.23,3.24,3.37,7.33,141.2
2023-01-03 23:19:00,158.5,fridge,0,6.37,8.08,8.16,3.47,132.44
2023-01-03 23:20:00,121.99,fridge,0,3.11,1.13,4.86,7.14,105.75
2023-01-03 23:21:00,143.29,fridge,0,5.09,6.4,4.53,6.96,120.3
2023-01-03 23:22:00,198.64,fridge,0,6.79,6.37,3.7,5.45,176.33
2023-01-03 23:23:00,173.41,fridge,0,6.08,3.3,2.97,2.76,158.3
2023-01-03 23:24:00,162.65,fridge,0,10.02,0.0,6.03,2.68,143.92
2023-01-03 23:25:00,149.29,fridge,0,6.61,2.96,4.79,3.21,131.73
2023-01-03 23:26:00,140.33,fridge,0,5.54,6.57,5.25,8.06,114.92
2023-01-03 23:27:00,171.84,fridge,0,6.21,5.42,8.47,4.01,147.73
2023-01-03 23:28:00,169.28,fridge,0,3.9,5.84,6.65,5.65,147.25
2023-01-03 23:29:00,184.22,fridge,0,5.34,5.08,3.5,6.65,163.64
2023-01-03 23:30:00,143.6,fridge,0,6.1,3.3,2.82,3.85,127.52
2023-01-03 23:31:00,180.07,fridge,0,3.38,5.64,3.17,5.12,162.76
2023-01-03 23:32:00,131.31,fridge,0,6.08,1.25,2.94,3.61,117.43
2023-01-03 23:33:00,183.67,fridge,0,5.05,6.88,7.15,8.98,155.61
2023-01-03 23:34:00,185.92,fridge,0,3.42,2.46,2.3,6.21,171.52
2023-01-03 23:35:00,202.43,fridge,0,4.94,3.61,6.43,7.9,179.56
2023-01-03 23:36:00,188.23,fridge,0,7.94,4.6,5.39,5.3,165.0
2023-01-03 23:37:00,177.52,fridge,0,3.89,2.94,4.06,4.39,162.24
2023-01-03 23:38:00,153.84,fridge,0,8.65,1.46,3.58,4.09,136.07
2023-01-03 23:39:00,147.26,fridge,0,5.79,3.88,6.46,3.98,127.15
2023-01-03 23:40:00,173.92,fridge,0,9.12,5.95,4.79,2.45,151.62
2023-01-03 23:41:00,143.7,fridge,0,5.46,7.84,4.4,6.19,119.81
2023-01-03 23:42:00,181.2,fridge,0,9.41,5.76,4.55,6.33,155.15
2023-01-03 23:43:00,142.95,fridge,0,6.8,2.72,1.44,4.85,127.14
2023-01-03 23:44:00,152.44,fridge,1,11.92,4.43,6.83,5.31,123.96
2023-01-03 23:45:00,192.46,fridge,0,4.29,4.23,9.26,1.69,172.99
2023-01-03 23:46:00,139.34,fridge,0,2.5,3.68,6.03,5.07,122.06
2023-01-03 23:47:00,194.63,fridge,0,8.72,8.27,2.4,10.02,165.22
2023-01-03 23:48:00,182.38,fridge,0,5.86,4.23,3.71,6.88,161.7
2023-01-03 23:49:00,197.9,fridge,0,4.6,8.06,1.29,3.15,180.8
2023-01-03 23:50:00,203.9,fridge,0,5.03,5.14,3.52,4.02,186.18
2023-01-03 23:51:00,206.23,fridge,0,6.57,1.84,5.02,6.65,186.14
2023-01-03 23:52:00,188.5,fridge,0,4.39,5.97,5.23,9.11,163.8
2023-01-03 23:53:00,178.99,fridge,0,5.41,6.27,4.52,9.84,152.95
2023-01-03 23:54:00,166.34,fridge,0,7.33,5.94,4.08,8.92,140.07
2023-01-03 23:55:00,155.02,fridge,0,6.17,2.34,4.01,1.82,140.67
2023-01-03 23:56:00,168.82,fridge,0,8.58,2.95,1.83,2.16,153.29
2023-01-03 23:57:00,149.89,fridge,0,5.62,3.56,3.03,2.98,134.7
2023-01-03 23:58:00,172.53,fridge,0,7.87,7.73,5.86,5.65,145.42
2023-01-03 23:59:00,161.99,fridge,0,4.97,8.72,8.23,4.38,135.71
2023-01-04 00:00:00,167.97,fridge,0,2.3,3.73,3.6,5.58,152.75
2023-01-04 00:01:00,208.24,fridge,0,7.67,8.15,3.61,6.29,182.53
2023-01-04 00:02:00,196.8,fridge,0,3.11,4.0,4.05,6.69,178.95
2023-01-04 00:03:00,193.7,fridge,0,7.97,7.23,6.97,2.68,168.85
2023-01-04 00:04:00,137.86,fridge,0,4.7,4.57,3.16,2.97,122.46
2023-01-04 00:05:00,154.62,fridge,0,3.72,6.95,5.78,7.01,131.15
2023-01-04 00:06:00,175.97,fridge,0,5.1,3.12,5.73,3.28,158.74
2023-01-04 00:07:00,165.84,fridge,0,2.12,3.18,6.14,4.17,150.24
2023-01-04 00:08:00,165.04,fridge,0,2.0,3.77,4.41,4.26,150.6
2023-01-04 00:09:00,195.84,fridge,0,3.43,6.12,4.6,6.33,175.36
2023-01-04 00:10:00,157.02,fridge,0,6.92,2.62,6.54,2.83,138.12
2023-01-04 00:11:00,176.46,fridge,0,3.46,4.29,0.05,2.5,166.16
2023-01-04 00:12:00,204.35,fridge,0,2.04,4.24,7.8,4.43,185.84
2023-01-04 00:13:00,169.33,fridge,0,6.6,4.17,6.45,5.93,146.17
2023-01-04 00:14:00,157.23,fridge,0,2.15,4.64,1.32,6.31,142.82
2023-01-04 00:15:00,155.69,fridge,0,1.05,3.56,7.66,4.82,138.59
2023-01-04 00:16:00,146.86,fridge,0,3.81,3.33,2.52,6.36,130.84
2023-01-04 00:17:00,124.06,fridge,0,3.61,5.11,5.26,5.15,104.94
2023-01-04 00:18:00,139.64,fridge,0,5.16,7.77,4.13,7.98,114.6
2023-01-04 00:19:00,179.44,fridge,0,4.57,6.45,5.5,5.54,157.39
2023-01-04 00:20:00,174.24,fridge,0,4.76,3.81,9.2,5.66,150.81
2023-01-04 00:21:00,182.07,fridge,0,5.73,4.52,3.73,0.0,168.09
2023-01-04 00:22:00,157.74,fridge,0,6.09,4.08,6.21,6.06,135.29
2023-01-04 00:23:00,190.48,fridge,0,8.32,5.04,3.52,2.46,171.14
2023-01-04 00:24:00,158.42,fridge,0,7.22,4.58,2.95,3.41,140.26
2023-01-04 00:25:00,168.99,fridge,0,3.41,6.63,3.58,7.99,147.37
2023-01-04 00:26:00,183.08,fridge,0,8.34,8.26,6.6,5.08,154.81
2023-01-04 00:27:00,177.69,fridge,0,7.94,4.94,7.36,5.26,152.18
2023-01-04 00:28:00,142.37,fridge,0,4.27,0.54,5.7,4.18,127.68
2023-01-04 00:29:00,146.51,fridge,0,6.32,4.38,5.29,0.0,130.53
2023-01-04 00:30:00,166.52,fridge,0,5.81,6.73,5.56,5.52,142.91
2023-01-04 00:31:00,185.38,fridge,0,4.93,2.86,11.12,6.94,159.54
2023-01-04 00:32:00,171.15,fridge,0,3.24,7.37,7.08,3.7,149.74
2023-01-04 00:33:00,182.71,fridge,0,7.37,8.74,3.59,7.45,155.56
2023-01-04 00:34:00,147.31,fridge,0,0.0,6.79,2.13,6.03,132.36
2023-01-04 00:35:00,131.99,fridge,0,4.26,2.78,9.98,3.63,111.34
2023-01-04 00:36:00,196.48,fridge,0,5.18,0.32,7.15,5.95,177.87
2023-01-04 00:37:00,199.68,fridge,0,3.96,5.05,8.22,2.08,180.36
2023-01-04 00:38:00,603.96,fridge,1,4.62,5.53,8.49,4.58,580.74
2023-01-04 00:39:00,195.51,fridge,0,3.24,5.87,5.31,7.76,173.33
2023-01-04 00:40:00,139.84,fridge,0,6.31,0.61,3.16,2.94,126.82
2023-01-04 00:41:00,163.36,fridge,0,3.6,1.0,4.29,3.88,150.58
2023-01-04 00:42:00,146.53,fridge,0,6.26,5.65,5.68,7.2,121.73
2023-01-04 00:43:00,135.29,fridge,0,9.32,4.66,8.96,0.0,112.35
2023-01-04 00:44:00,163.65,fridge,0,3.26,2.84,6.11,5.24,146.21
2023-01-04 00:45:00,161.91,fridge,0,2.35,2.92,3.34,6.59,146.7
2023-01-04 00:46:00,193.31,fridge,0,0.51,5.17,5.86,2.23,179.54
2023-01-04 00:47:00,160.87,fridge,0,4.92,5.51,3.59,7.06,139.78
2023-01-04 00:48:00,190.76,fridge,0,4.82,6.33,4.54,5.53,169.55
2023-01-04 00:49:00,173.4,fridge,0,2.52,5.78,1.03,7.8,156.27
2023-01-04 00:50:00,143.72,fridge,1,8.67,3.7,4.16,18.39,108.79
2023-01-04 00:51:00,189.72,fridge,0,6.51,7.0,3.55,3.76,168.9
2023-01-04 00:52:00,173.71,fridge,0,4.71,5.08,5.78,8.63,149.51
2023-01-04 00:53:00,162.7,fridge,0,6.66,4.31,4.44,3.45,143.85
2023-01-04 00:54:00,165.26,fridge,0,0.49,4.31,2.26,4.55,153.66
2023-01-04 00:55:00,164.61,fridge,0,7.51,4.01,9.96,6.84,136.3
2023-01-04 00:56:00,174.82,fridge,0,4.2,0.22,4.85,5.06,160.49
2023-01-04 00:57:00,182.91,fridge,0,7.15,4.97,6.91,4.32,159.55
2023-01-04 00:58:00,183.8,fridge,0,2.8,5.43,1.08,5.39,169.11
2023-01-04 00:59:00,179.41,fridge,0,5.34,8.51,4.28,2.35,158.93
2023-01-04 01:00:00,186.28,fridge,0,2.03,5.68,1.93,7.62,169.02
2023-01-04 01:01:00,209.23,fridge,0,8.99,7.93,6.99,6.59,178.73
2023-01-04 01:02:00,168.56,fridge,0,5.85,7.15,4.08,2.72,148.76
2023-01-04 01:03:00,176.97,fridge,0,6.36,5.26,7.28,6.57,151.5
2023-01-04 01:04:00,168.02,fridge,0,6.12,5.23,3.6,6.27,146.79
2023-01-04 01:05:00,159.65,fridge,0,6.1,5.58,3.84,4.89,139.23
2023-01-04 01:06:00,172.83,fridge,0,5.0,3.14,5.05,6.22,153.41
2023-01-04 01:07:00,170.71,fridge,0,3.12,5.29,4.28,5.35,152.67
2023-01-04 01:08:00,183.12,fridge,0,5.2,8.32,5.92,1.45,162.23
2023-01-04 01:09:00,129.98,fridge,0,7.66,6.49,6.88,6.56,102.39
2023-01-04 01:10:00,194.26,fridge,0,6.82,8.97,6.76,9.08,162.63
2023-01-04 01:11:00,163.3,fridge,0,6.37,8.12,4.13,4.1,140.58
2023-01-04 01:12:00,187.82,fridge,0,5.37,5.61,6.16,2.86,167.82
2023-01-04 01:13:00,147.3,fridge,0,3.96,0.99,3.88,5.13,133.34
2023-01-04 01:14:00,172.42,fridge,0,0.0,7.32,4.1,6.01,155.0
2023-01-04 01:15:00,138.1,fridge,0,3.59,3.97,5.6,1.59,123.34
2023-01-04 01:16:00,149.59,fridge,0,3.48,5.24,5.46,4.31,131.1
2023-01-04 01:17:00,190.35,fridge,0,8.34,6.06,4.28,4.21,167.46
2023-01-04 01:18:00,182.27,fridge,0,6.24,6.04,4.8,1.6,163.59
2023-01-04 01:19:00,184.62,fridge,0,8.06,5.66,5.82,5.42,159.66
2023-01-04 01:20:00,157.6,fridge,0,2.97,6.3,4.13,2.32,141.89
2023-01-04 01:21:00,142.58,fridge,0,6.87,8.97,6.03,4.41,116.31
2023-01-04 01:22:00,190.94,fridge,0,5.56,3.7,5.48,7.84,168.37
2023-01-04 01:23:00,152.51,fridge,0,0.0,3.33,5.99,7.2,135.99
2023-01-04 01:24:00,157.06,fridge,0,5.99,8.77,4.9,1.84,135.56
2023-01-04 01:25:00,174.32,fridge,0,2.14,6.53,2.35,7.06,156.25
2023-01-04 01:26:00,169.11,fridge,0,5.77,6.46,2.47,5.4,149.02
2023-01-04 01:27:00,191.73,fridge,0,7.09,6.09,1.03,4.91,172.61
2023-01-04 01:28:00,187.82,fridge,0,0.0,4.47,4.36,1.32,177.68
2023-01-04 01:29:00,195.9,fridge,0,3.22,3.12,4.39,0.63,184.54
2023-01-04 01:30:00,184.48,fridge,0,9.82,7.08,4.76,6.52,156.3
2023-01-04 01:31:00,171.9,fridge,0,3.02,2.8,3.37,6.47,156.23
2023-01-04 01:32:00,180.98,fridge,0,3.28,3.53,5.86,4.7,163.6
2023-01-04 01:33:00,190.87,fridge,0,4.88,4.07,2.19,8.07,171.65
2023-01-04 01:34:00,203.9,fridge,0,3.69,6.25,3.43,6.98,183.54
2023-01-04 01:35:00,188.08,fridge,0,4.32,2.06,4.13,5.9,171.67
2023-01-04 01:36:00,245.45,fridge,0,4.82,7.48,6.46,3.89,222.81
2023-01-04 01:37:00,186.99,fridge,0,6.7,3.84,4.64,5.2,166.6
2023-01-04 01:38:00,180.61,fridge,0,7.41,2.1,4.05,5.56,161.48
2023-01-04 01:39:00,171.4,fridge,0,2.03,4.65,4.11,5.04,155.56
2023-01-04 01:40:00,174.32,fridge,0,3.01,6.76,5.43,4.07,155.06
2023-01-04 01:41:00,165.89,fridge,0,5.22,3.64,3.42,0.88,152.74
2023-01-04 01:42:00,179.0,fridge,0,4.38,2.8,3.99,7.96,159.87
2023-01-04 01:43:00,148.72,fridge,0,5.65,5.57,5.16,5.25,127.09
2023-01-04 01:44:00,164.59,fridge,0,3.7,4.38,6.55,3.09,146.87
2023-01-04 01:45:00,136.08,fridge,0,5.35,2.07,3.01,5.6,120.06
2023-01-04 01:46:00,187.52,fridge,0,1.71,3.88,3.28,5.69,172.96
2023-01-04 01:47:00,161.55,fridge,0,5.1,5.07,4.16,4.72,142.51
2023-01-04 01:48:00,161.55,fridge,0,4.05,7.05,5.35,5.24,139.86
2023-01-04 01:49:00,161.74,fridge,0,4.71,4.71,8.43,4.24,139.64
2023-01-04 01:50:00,219.15,fridge,0,0.0,9.43,7.01,5.67,197.03
2023-01-04 01:51:00,188.76,fridge,0,5.69,3.65,4.8,4.44,170.18
2023-01-04 01:52:00,205.94,fridge,0,7.52,6.23,3.53,6.48,182.17
2023-01-04 01:53:00,184.5,fridge,0,4.89,2.05,4.85,5.64,167.07
2023-01-04 01:54:00,156.43,fridge,0,5.16,5.07,3.99,5.78,136.44
2023-01-04 01:55:00,167.09,fridge,0,5.17,2.45,8.44,5.48,145.54
2023-01-04 01:56:00,171.46,fridge,0,6.36,5.22,4.47,4.36,151.06
2023-01-04 01:57:00,169.12,fridge,0,3.42,4.65,4.21,5.31,151.53
2023-01-04 01:58:00,188.13,fridge,0,6.31,6.92,1.62,7.12,166.16
2023-01-04 01:59:00,174.97,fridge,0,2.03,5.84,4.47,1.48,161.16
2023-01-04 02:00:00,158.79,fridge,0,3.16,1.53,6.32,4.54,143.23
2023-01-04 02:01:00,171.93,fridge,0,2.04,6.22,5.22,3.69,154.78
2023-01-04 02:02:00,152.39,fridge,0,4.04,4.38,2.95,3.82,137.2
2023-01-04 02:03:00,144.98,fridge,0,5.79,4.96,5.1,8.1,121.03
2023-01-04 02:04:00,188.24,fridge,0,5.73,5.75,7.29,6.89,162.57
2023-01-04 02:05:00,185.16,fridge,0,3.62,3.91,5.9,8.39,163.34
2023-01-04 02:06:00,185.63,fridge,0,4.03,5.25,1.49,1.73,173.13
2023-01-04 02:07:00,165.38,fridge,0,5.22,3.39,5.15,3.1,148.51
2023-01-04 02:08:00,138.88,fridge,0,6.14,0.3,1.5,4.52,126.43
2023-01-04 02:09:00,172.95,fridge,0,2.53,5.55,1.76,3.11,159.99
2023-01-04 02:10:00,151.72,fridge,0,4.6,4.55,4.33,6.26,131.99
2023-01-04 02:11:00,170.42,fridge,0,3.8,2.75,6.09,5.13,152.65
2023-01-04 02:12:00,213.7,fridge,0,6.22,8.62,8.69,4.89,185.28
2023-01-04 02:13:00,158.57,fridge,0,5.68,6.72,5.96,4.99,135.22
2023-01-04 02:14:00,174.32,fridge,0,4.13,6.67,4.46,4.82,154.25
2023-01-04 02:15:00,187.37,fridge,0,7.68,3.93,3.96,5.9,165.91
2023-01-04 02:16:00,211.46,fridge,0,2.97,9.68,5.83,0.0,192.98
2023-01-04 02:17:00,144.01,fridge,0,5.47,2.63,4.4,4.2,127.32
2023-01-04 02:18:00,131.42,fridge,0,5.1,6.3,5.58,9.53,104.91
2023-01-04 02:19:00,175.1,fridge,0,5.7,6.21,4.59,1.94,156.65
2023-01-04 02:20:00,143.81,fridge,0,7.96,6.43,3.0,8.59,117.83
2023-01-04 02:21:00,176.19,fridge,0,5.14,6.09,5.28,3.45,156.22
2023-01-04 02:22:00,182.34,fridge,0,2.74,4.4,1.71,5.75,167.74
2023-01-04 02:23:00,142.61,fridge,0,5.88,2.98,5.99,5.61,122.15
2023-01-04 02:24:00,199.58,fridge,0,4.03,4.35,4.85,3.02,183.33
2023-01-04 02:25:00,187.8,fridge,1,5.04,18.3,3.6,4.12,156.74
2023-01-04 02:26:00,125.16,fridge,0,4.59,5.79,2.94,4.19,107.65
2023-01-04 02:27:00,183.16,fridge,0,5.67,5.35,5.68,6.03,160.44
2023-01-04 02:28:00,169.56,fridge,0,2.89,3.45,5.08,3.64,154.49
2023-01-04 02:29:00,161.7,fridge,0,5.54,5.19,4.9,5.22,140.85
2023-01-04 02:30:00,149.57,fridge,0,6.89,5.04,4.96,9.2,123.48
2023-01-04 02:31:00,162.6,fridge,0,7.53,2.93,7.54,4.99,139.61
2023-01-04 02:32:00,179.57,fridge,0,4.04,2.08,5.17,5.7,162.58
2023-01-04 02:33:00,165.66,fridge,0,2.51,3.04,3.29,6.48,150.33
2023-01-04 02:34:00,159.33,fridge,0,5.56,5.18,3.94,6.4,138.24
2023-01-04 02:35:00,145.82,fridge,0,9.13,3.67,3.24,7.29,122.48
2023-01-04 02:36:00,180.11,fridge,1,6.34,7.98,9.25,6.54,150.0
2023-01-04 02:37:00,171.07,fridge,0,3.45,5.27,3.1,7.02,152.24
2023-01-04 02:38:00,146.66,fridge,0,5.44,5.07,5.76,2.93,127.45
2023-01-04 02:39:00,170.85,fridge,0,6.65,5.23,2.28,6.17,150.51
2023-01-04 02:40:00,126.03,fridge,0,3.88,1.74,2.77,2.9,114.74
2023-01-04 02:41:00,158.84,fridge,1,5.99,3.9,17.97,5.72,125.26
2023-01-04 02:42:00,150.78,fridge,0,3.51,5.7,3.46,6.16,131.95
2023-01-04 02:43:00,174.31,fridge,0,6.91,8.12,6.32,6.5,146.46
2023-01-04 02:44:00,164.93,fridge,0,6.47,3.76,2.61,5.98,146.1
2023-01-04 02:45:00,169.92,fridge,0,5.38,0.37,5.47,6.23,152.47
2023-01-04 02:46:00,149.15,fridge,0,1.24,5.58,6.57,4.18,131.57
2023-01-04 02:47:00,182.76,fridge,0,4.86,5.58,7.68,8.78,155.86
2023-01-04 02:48:00,162.78,fridge,0,6.72,7.17,2.81,3.21,142.87
2023-01-04 02:49:00,162.33,fridge,0,2.67,5.0,7.86,0.79,146.01
2023-01-04 02:50:00,165.68,fridge,0,7.06,4.37,3.68,7.06,143.51
2023-01-04 02:51:00,164.01,fridge,0,4.84,5.6,0.7,4.22,148.66
2023-01-04 02:52:00,168.83,fridge,0,6.53,4.17,5.95,4.48,147.71
2023-01-04 02:53:00,134.39,fridge,0,6.21,6.4,6.36,5.28,110.14
2023-01-04 02:54:00,193.29,fridge,0,5.99,2.18,3.77,2.19,179.16
2023-01-04 02:55:00,169.78,fridge,0,2.35,5.04,5.36,5.17,151.85
2023-01-04 02:56:00,195.29,fridge,0,4.97,3.63,4.57,4.88,177.24
2023-01-04 02:57:00,187.79,fridge,0,3.09,0.35,7.39,5.76,171.19
2023-01-04 02:58:00,184.2,fridge,0,4.23,6.4,5.44,9.12,159.0
2023-01-04 02:59:00,168.1,fridge,0,1.47,4.01,5.36,8.73,148.52
2023-01-04 03:00:00,165.92,fridge,0,3.3,4.84,6.99,8.82,141.97
2023-01-04 03:01:00,186.67,fridge,0,6.94,2.83,8.45,5.12,163.34
2023-01-04 03:02:00,165.27,fridge,0,5.14,0.69,4.48,6.72,148.24
2023-01-04 03:03:00,125.73,fridge,0,1.47,5.37,6.17,4.84,107.88
2023-01-04 03:04:00,186.68,fridge,0,4.97,5.55,4.96,3.55,167.65
2023-01-04 03:05:00,158.99,fridge,0,7.82,3.28,4.35,5.36,138.18
2023-01-04 03:06:00,152.51,fridge,0,2.76,7.85,5.71,5.95,130.24
2023-01-04 03:07:00,169.67,fridge,0,3.14,7.24,5.83,4.27,149.21
2023-01-04 03:08:00,155.86,fridge,0,3.18,4.04,5.68,6.59,136.36
2023-01-04 03:09:00,129.99,fridge,0,0.75,5.61,5.5,2.83,115.3
2023-01-04 03:10:00,183.8,fridge,0,6.11,5.58,0.0,4.5,167.61
2023-01-04 03:11:00,614.18,fridge,1,2.62,3.03,8.83,4.37,595.32
2023-01-04 03:12:00,167.86,fridge,0,6.9,4.88,3.81,3.7,148.57
2023-01-04 03:13:00,177.92,fridge,0,7.41,5.47,7.3,1.49,156.26
2023-01-04 03:14:00,198.37,fridge,0,7.44,2.6,2.4,4.36,181.58
2023-01-04 03:15:00,187.8,fridge,0,4.35,0.33,1.58,5.16,176.39
2023-01-04 03:16:00,184.9,fridge,0,6.92,6.57,3.63,1.12,166.66
2023-01-04 03:17:00,173.98,fridge,0,4.42,5.53,5.41,6.43,152.19
2023-01-04 03:18:00,175.56,fridge,0,3.19,3.96,6.35,5.17,156.89
2023-01-04 03:19:00,154.27,fridge,0,1.59,4.01,2.09,3.43,143.16
2023-01-04 03:20:00,155.19,fridge,0,3.19,9.64,4.09,3.31,134.97
2023-01-04 03:21:00,187.79,fridge,0,4.02,7.53,7.5,6.29,162.44
2023-01-04 03:22:00,161.75,fridge,0,7.48,4.38,4.87,6.56,138.46
2023-01-04 03:23:00,131.53,fridge,0,4.62,1.55,4.81,5.72,114.83
2023-01-04 03:24:00,189.24,fridge,0,3.29,3.8,5.7,3.83,172.63
2023-01-04 03:25:00,157.23,fridge,0,6.42,0.87,4.37,6.0,139.58
2023-01-04 03:26:00,137.34,fridge,0,8.09,5.37,5.29,6.17,112.43
2023-01-04 03:27:00,143.3,fridge,0,2.88,5.89,4.23,4.62,125.67
2023-01-04 03:28:00,155.71,fridge,0,1.51,3.54,0.58,4.04,146.04
2023-01-04 03:29:00,157.43,fridge,0,5.11,4.65,6.06,4.04,137.56
2023-01-04 03:30:00,196.93,fridge,0,5.99,3.29,6.72,4.93,176.0
2023-01-04 03:31:00,181.01,fridge,0,5.72,4.74,5.72,6.68,158.15
2023-01-04 03:32:00,128.65,fridge,0,4.93,4.81,3.6,4.24,111.07
2023-01-04 03:33:00,159.03,fridge,0,3.32,7.26,3.1,2.52,142.82
2023-01-04 03:34:00,157.12,fridge,1,8.11,6.31,22.62,3.01,117.08
2023-01-04 03:35:00,180.85,fridge,0,4.88,7.43,6.19,2.03,160.32
2023-01-04 03:36:00,180.16,fridge,0,6.49,5.78,3.68,6.53,157.67
2023-01-04 03:37:00,185.91,fridge,0,7.21,4.8,7.45,6.18,160.26
2023-01-04 03:38:00,126.22,fridge,0,5.57,3.36,4.22,3.82,109.26
2023-01-04 03:39:00,151.16,fridge,0,5.85,2.66,5.76,0.0,136.89
2023-01-04 03:40:00,162.99,fridge,0,1.69,6.99,5.72,7.5,141.1
2023-01-04 03:41:00,171.66,fridge,0,6.89,4.27,7.6,5.71,147.18
2023-01-04 03:42:00,171.9,fridge,0,4.95,7.1,6.47,5.42,147.95
2023-01-04 03:43:00,139.47,fridge,0,3.93,5.45,1.04,1.03,128.03
2023-01-04 03:44:00,164.65,fridge,0,3.51,4.1,7.52,4.83,144.69
2023-01-04 03:45:00,159.84,fridge,0,2.63,4.27,6.99,8.37,137.58
2023-01-04 03:46:00,179.01,fridge,0,2.61,5.3,2.68,3.77,164.64
2023-01-04 03:47:00,181.73,fridge,0,4.4,6.06,4.34,2.95,163.99
2023-01-04 03:48:00,172.6,fridge,0,3.25,8.76,9.44,5.37,145.78
2023-01-04 03:49:00,134.57,fridge,0,7.74,3.72,4.79,3.68,114.64
2023-01-04 03:50:00,161.67,fridge,0,3.44,2.84,8.39,4.53,142.48
2023-01-04 03:51:00,149.42,fridge,0,4.44,4.62,2.49,0.76,137.11
2023-01-04 03:52:00,185.04,fridge,0,7.61,5.85,5.92,4.2,161.46
2023-01-04 03:53:00,170.59,fridge,0,3.46,5.57,6.84,4.55,150.17
2023-01-04 03:54:00,141.92,fridge,0,2.86,4.74,6.41,4.12,123.78
2023-01-04 03:55:00,139.95,fridge,0,4.19,4.55,5.32,5.34,120.56
2023-01-04 03:56:00,165.35,fridge,0,1.74,6.2,7.07,6.46,143.88
2023-01-04 03:57:00,181.21,fridge,0,8.63,6.31,6.47,3.05,156.75
2023-01-04 03:58:00,172.81,fridge,0,4.4,7.97,3.79,4.4,152.26
2023-01-04 03:59:00,140.82,fridge,0,3.64,3.99,6.23,4.83,122.13
2023-01-04 04:00:00,173.93,fridge,0,6.87,2.34,6.79,3.2,154.73
2023-01-04 04:01:00,122.43,fridge,0,7.73,4.96,2.39,4.13,103.22
2023-01-04 04:02:00,184.4,fridge,0,2.87,5.38,6.18,7.46,162.52
2023-01-04 04:03:00,168.92,fridge,0,6.86,7.71,7.78,4.69,141.88
2023-01-04 04:04:00,190.0,fridge,0,7.81,8.11,0.65,5.73,167.7
2023-01-04 04:05:00,194.18,fridge,0,4.87,4.69,4.39,7.89,172.33
2023-01-04 04:06:00,119.93,fridge,0,4.12,2.02,4.1,3.95,105.73
2023-01-04 04:07:00,171.76,fridge,0,2.77,1.91,5.3,7.16,154.63
2023-01-04 04:08:00,173.36,fridge,0,3.82,8.44,3.11,9.16,148.84
2023-01-04 04:09:00,168.38,fridge,0,3.24,3.16,4.69,5.4,151.88
2023-01-04 04:10:00,192.48,fridge,0,4.12,4.23,5.73,7.89,170.52
2023-01-04 04:11:00,164.07,fridge,0,4.43,2.73,5.38,9.48,142.04
2023-01-04 04:12:00,184.63,fridge,0,3.71,4.11,7.74,5.34,163.74
2023-01-04 04:13:00,168.12,fridge,0,6.42,4.36,3.1,11.49,142.75
2023-01-04 04:14:00,168.26,fridge,0,6.68,7.69,4.6,3.63,145.66
2023-01-04 04:15:00,175.62,fridge,0,8.55,1.52,4.13,6.51,154.91
2023-01-04 04:16:00,169.28,fridge,0,6.29,2.91,6.67,6.3,147.11
2023-01-04 04:17:00,194.8,fridge,0,5.41,1.64,2.75,3.08,181.91
2023-01-04 04:18:00,172.77,fridge,0,3.18,8.07,3.35,5.34,152.84
2023-01-04 04:19:00,178.64,fridge,0,4.45,5.42,2.27,4.38,162.12
2023-01-04 04:20:00,141.78,fridge,0,3.7,3.62,3.63,6.84,124.0
2023-01-04 04:21:00,181.01,fridge,0,2.76,5.27,3.55,3.01,166.4
2023-01-04 04:22:00,186.6,fridge,0,7.91,3.15,4.45,7.26,163.83
2023-01-04 04:23:00,166.0,fridge,0,4.61,3.7,2.77,4.64,150.27
2023-01-04 04:24:00,160.48,fridge,0,5.82,7.91,3.31,2.08,141.37
2023-01-04 04:25:00,154.08,fridge,0,7.61,3.99,7.74,4.92,129.83
2023-01-04 04:26:00,180.12,fridge,0,7.15,2.92,5.27,3.58,161.2
2023-01-04 04:27:00,161.69,fridge,0,5.23,5.55,2.61,5.23,143.07
2023-01-04 04:28:00,174.66,fridge,0,9.33,3.45,1.56,2.51,157.82
2023-01-04 04:29:00,153.01,fridge,0,3.8,5.66,5.7,4.18,133.66
2023-01-04 04:30:00,137.02,fridge,0,4.26,6.06,7.24,6.65,112.8
2023-01-04 04:31:00,141.12,fridge,0,5.2,3.68,7.28,1.04,123.93
2023-01-04 04:32:00,172.47,fridge,0,0.7,3.39,7.67,1.83,158.88
2023-01-04 04:33:00,185.55,fridge,0,4.92,5.52,3.92,0.73,170.47
2023-01-04 04:34:00,190.31,fridge,0,5.49,4.89,6.52,2.48,170.92
2023-01-04 04:35:00,200.1,fridge,0,4.5,6.36,7.12,5.97,176.14
2023-01-04 04:36:00,164.02,fridge,0,5.16,2.07,4.09,6.32,146.38
2023-01-04 04:37:00,199.75,fridge,0,4.54,7.39,6.42,2.75,178.64
2023-01-04 04:38:00,151.21,fridge,0,3.03,5.19,2.92,7.17,132.9
2023-01-04 04:39:00,176.09,fridge,0,2.79,3.59,1.84,6.77,161.11
2023-01-04 04:40:00,198.04,fridge,0,6.37,4.46,9.78,3.02,174.42
2023-01-04 04:41:00,151.26,fridge,0,0.0,5.47,5.66,3.39,136.75
2023-01-04 04:42:00,183.73,fridge,0,3.26,6.2,9.0,4.98,160.28
2023-01-04 04:43:00,173.68,fridge,0,2.09,4.18,7.17,5.46,154.77
2023-01-04 04:44:00,164.39,fridge,0,6.92,5.05,2.61,7.96,141.86
2023-01-04 04:45:00,161.01,fridge,0,6.77,3.06,1.71,4.34,145.13
2023-01-04 04:46:00,171.97,fridge,0,2.97,7.02,8.49,5.41,148.08
2023-01-04 04:47:00,173.14,fridge,0,7.86,5.48,2.64,4.0,153.15
2023-01-04 04:48:00,153.55,fridge,0,7.97,6.4,8.82,6.11,124.25
2023-01-04 04:49:00,138.99,fridge,0,4.53,7.32,2.64,6.34,118.16
2023-01-04 04:50:00,191.14,fridge,1,6.93,3.03,3.73,15.22,162.23
2023-01-04 04:51:00,187.83,fridge,0,7.73,4.84,4.81,4.77,165.68
2023-01-04 04:52:00,181.92,fridge,0,4.32,2.57,5.96,8.46,160.61
2023-01-04 04:53:00,155.81,fridge,0,5.75,7.3,6.68,5.93,130.16
2023-01-04 04:54:00,135.86,fridge,0,4.86,8.55,2.65,4.52,115.29
2023-01-04 04:55:00,160.19,fridge,0,5.39,5.8,6.43,6.05,136.53
2023-01-04 04:56:00,192.55,fridge,0,7.22,5.4,7.41,6.23,166.27
2023-01-04 04:57:00,204.34,fridge,0,5.69,3.54,4.09,6.46,184.57
2023-01-04 04:58:00,168.65,fridge,0,5.71,4.27,4.15,5.97,148.55
2023-01-04 04:59:00,171.52,fridge,0,4.18,3.72,6.03,9.79,147.8
2023-01-04 05:00:00,1530.5,geyser,0,1373.27,3.5,2.84,6.78,144.1
2023-01-04 05:01:00,1496.74,geyser,0,1335.71,5.69,5.25,0.0,150.09
2023-01-04 05:02:00,1612.53,geyser,0,1484.8,2.15,4.01,2.46,119.12
2023-01-04 05:03:00,1881.34,geyser,0,1743.49,5.0,5.04,3.24,124.57
2023-01-04 05:04:00,1792.64,geyser,0,1622.17,5.85,3.84,7.47,153.32
2023-01-04 05:05:00,1622.23,geyser,0,1449.47,1.66,4.83,9.41,156.85
2023-01-04 05:06:00,1975.13,geyser,0,1800.27,8.12,4.69,5.38,156.67
2023-01-04 05:07:00,1788.12,geyser,0,1618.23,4.82,3.99,4.59,156.5
2023-01-04 05:08:00,1681.87,geyser,0,1543.01,1.97,3.58,6.22,127.09
2023-01-04 05:09:00,1573.63,geyser,0,1399.93,1.64,1.27,3.95,166.83
2023-01-04 05:10:00,1623.56,geyser,0,1472.73,3.22,0.93,7.2,139.48
2023-01-04 05:11:00,1744.83,geyser,0,1554.44,6.78,3.4,5.38,174.83
2023-01-04 05:12:00,1829.28,geyser,0,1664.43,5.69,4.64,4.58,149.95
2023-01-04 05:13:00,1572.79,geyser,0,1438.25,5.26,3.37,4.26,121.65
2023-01-04 05:14:00,1771.27,geyser,0,1629.8,7.14,5.95,2.99,125.38
2023-01-04 05:15:00,1542.96,geyser,0,1363.17,0.9,6.94,2.72,169.24
2023-01-04 05:16:00,1575.53,geyser,0,1443.53,4.87,1.89,3.79,121.46
2023-01-04 05:17:00,1541.45,geyser,0,1432.31,3.68,4.07,3.67,97.72
2023-01-04 05:18:00,1723.44,geyser,0,1508.3,7.19,3.66,3.75,200.54
2023-01-04 05:19:00,1737.1,geyser,0,1551.46,4.55,4.57,8.33,168.19
2023-01-04 05:20:00,1649.96,geyser,0,1488.56,2.67,4.04,7.64,147.06
2023-01-04 05:21:00,1648.2,geyser,0,1482.96,6.71,4.08,2.81,151.64
2023-01-04 05:22:00,1554.63,geyser,0,1378.47,6.19,7.76,4.04,158.18
2023-01-04 05:23:00,1926.64,geyser,0,1746.46,5.27,2.67,6.03,166.21
2023-01-04 05:24:00,1532.11,geyser,0,1374.22,4.12,3.38,7.13,143.26
2023-01-04 05:25:00,1540.22,geyser,0,1385.38,0.95,5.31,2.13,146.46
2023-01-04 05:26:00,2035.82,geyser,0,1891.15,6.68,7.94,3.61,126.44
2023-01-04 05:27:00,1619.2,geyser,0,1466.22,4.9,3.39,1.4,143.29
2023-01-04 05:28:00,1582.23,geyser,1,1409.12,5.07,1.76,24.33,141.96
2023-01-04 05:29:00,1544.83,geyser,0,1362.26,4.77,5.4,8.46,163.95
2023-01-04 05:30:00,1686.91,geyser,0,1509.02,8.51,5.27,1.99,162.12
2023-01-04 05:31:00,1516.7,geyser,0,1342.16,3.96,5.21,2.78,162.59
2023-01-04 05:32:00,1693.87,geyser,0,1521.0,5.13,8.54,3.44,155.76
2023-01-04 05:33:00,1597.08,geyser,0,1389.81,2.74,7.02,7.71,189.8
2023-01-04 05:34:00,1688.48,geyser,0,1525.77,5.59,5.38,1.26,150.48
2023-01-04 05:35:00,1633.49,geyser,0,1484.4,4.43,3.43,0.97,140.26
2023-01-04 05:36:00,1672.72,geyser,1,1535.75,21.93,3.78,6.89,104.38
2023-01-04 05:37:00,1744.9,geyser,0,1541.44,6.01,3.59,4.9,188.98
2023-01-04 05:38:00,1779.03,geyser,0,1605.71,4.54,7.04,5.01,156.74
2023-01-04 05:39:00,1729.25,geyser,0,1576.44,6.4,5.1,7.18,134.14
2023-01-04 05:40:00,1646.91,geyser,0,1486.11,5.16,2.86,3.15,149.63
2023-01-04 05:41:00,1749.07,geyser,0,1573.46,6.93,5.74,4.79,158.15
2023-01-04 05:42:00,1755.06,geyser,0,1603.77,7.86,7.48,6.06,129.88
2023-01-04 05:43:00,1839.71,geyser,0,1661.35,4.07,5.04,6.34,162.91
2023-01-04 05:44:00,1597.21,geyser,0,1453.34,0.88,1.72,6.22,135.05
2023-01-04 05:45:00,1583.99,geyser,0,1444.59,6.7,4.0,4.88,123.82
2023-01-04 05:46:00,1631.19,geyser,0,1460.63,3.7,6.79,3.36,156.71
2023-01-04 05:47:00,1578.05,geyser,0,1430.5,4.48,10.09,3.87,129.11
2023-01-04 05:48:00,1394.75,geyser,0,1231.79,8.1,4.27,1.19,149.39
2023-01-04 05:49:00,1693.02,geyser,0,1502.54,6.36,0.44,7.13,176.55
2023-01-04 05:50:00,1680.23,geyser,0,1511.43,5.03,5.27,6.88,151.61
2023-01-04 05:51:00,1688.13,geyser,0,1501.47,7.29,5.62,4.29,169.46
2023-01-04 05:52:00,1806.2,geyser,0,1624.92,5.67,7.57,4.12,163.92
2023-01-04 05:53:00,1677.75,geyser,0,1498.82,4.14,5.37,2.61,166.82
2023-01-04 05:54:00,1653.21,geyser,0,1494.77,3.79,3.4,3.78,147.47
2023-01-04 05:55:00,1606.27,geyser,0,1458.46,2.81,6.74,5.74,132.52
2023-01-04 05:56:00,1708.98,geyser,0,1543.91,6.1,7.53,7.74,143.71
2023-01-04 05:57:00,1639.42,geyser,0,1453.21,8.36,5.28,7.11,165.47
2023-01-04 05:58:00,1734.74,geyser,0,1563.62,5.11,5.28,7.51,153.22
2023-01-04 05:59:00,1538.4,geyser,0,1375.35,4.57,3.81,7.95,146.72
2023-01-04 06:00:00,1582.92,geyser,0,1410.69,6.75,3.23,3.02,159.23
2023-01-04 06:01:00,1733.56,geyser,0,1555.32,7.55,5.62,2.4,162.67
2023-01-04 06:02:00,1671.83,geyser,0,1494.67,6.15,4.87,8.12,158.02
2023-01-04 06:03:00,1553.15,geyser,0,1388.18,6.49,9.95,4.24,144.29
2023-01-04 06:04:00,1432.61,geyser,0,1262.7,7.31,2.79,4.71,155.11
2023-01-04 06:05:00,1553.83,geyser,0,1417.4,5.15,6.08,4.31,120.89
2023-01-04 06:06:00,1876.23,geyser,0,1703.23,4.53,4.05,5.41,159.02
2023-01-04 06:07:00,1558.71,geyser,0,1404.42,6.09,4.06,2.23,141.9
2023-01-04 06:08:00,1608.29,geyser,0,1445.7,4.0,8.34,4.53,145.72
2023-01-04 06:09:00,1677.51,geyser,0,1506.9,8.79,5.32,1.97,154.54
2023-01-04 06:10:00,1568.24,geyser,0,1388.14,6.66,3.15,4.55,165.75
2023-01-04 06:11:00,1764.3,geyser,0,1602.97,2.52,7.61,5.55,145.67
2023-01-04 06:12:00,1673.7,geyser,0,1520.75,6.09,5.75,5.48,135.63
2023-01-04 06:13:00,1598.66,geyser,0,1442.91,5.16,5.9,3.06,141.63
2023-01-04 06:14:00,1625.57,geyser,0,1422.15,2.77,8.36,6.72,185.57
2023-01-04 06:15:00,1529.62,geyser,0,1378.76,6.41,4.25,6.45,133.74
2023-01-04 06:16:00,1786.81,geyser,0,1608.22,5.0,6.7,6.37,160.52
2023-01-04 06:17:00,1610.33,geyser,0,1467.07,4.92,6.25,6.47,125.62
2023-01-04 06:18:00,1708.13,geyser,0,1493.82,4.09,6.17,6.35,197.71
2023-01-04 06:19:00,1694.91,geyser,0,1521.02,6.04,6.05,0.52,161.28
2023-01-04 06:20:00,1661.39,geyser,0,1490.79,3.75,7.27,9.31,150.28
2023-01-04 06:21:00,1709.47,geyser,0,1558.66,7.54,4.19,2.47,136.61
2023-01-04 06:22:00,1545.13,geyser,0,1373.39,1.94,5.26,5.03,159.51
2023-01-04 06:23:00,1546.72,geyser,0,1417.77,4.25,7.34,8.97,108.4
2023-01-04 06:24:00,1735.23,geyser,1,1562.45,5.97,7.21,9.17,150.43
2023-01-04 06:25:00,1654.76,geyser,0,1486.37,6.12,4.0,8.32,149.95
2023-01-04 06:26:00,1545.96,geyser,0,1362.0,2.14,8.65,3.86,169.31
2023-01-04 06:27:00,1695.22,geyser,0,1525.36,4.22,6.26,6.65,152.73
2023-01-04 06:28:00,1671.8,geyser,0,1476.04,7.2,5.66,4.36,178.54
2023-01-04 06:29:00,1895.15,geyser,0,1722.06,4.43,5.6,5.8,157.27
2023-01-04 06:30:00,1843.57,geyser,0,1663.64,7.08,5.21,5.07,162.56
2023-01-04 06:31:00,1687.78,geyser,0,1518.64,6.28,6.15,3.07,153.63
2023-01-04 06:32:00,1622.8,geyser,0,1461.35,4.41,4.7,5.55,146.8
2023-01-04 06:33:00,1551.08,geyser,0,1393.96,0.67,3.53,2.94,149.97
2023-01-04 06:34:00,1652.04,geyser,0,1464.02,7.35,3.37,5.23,172.06
2023-01-04 06:35:00,1552.76,geyser,0,1386.97,4.62,2.31,8.42,150.44
2023-01-04 06:36:00,1719.1,geyser,0,1541.78,1.98,8.28,0.08,166.99
2023-01-04 06:37:00,1710.14,geyser,0,1546.4,9.52,4.51,3.9,145.81
2023-01-04 06:38:00,1833.03,geyser,0,1656.14,6.37,3.86,6.64,160.02
2023-01-04 06:39:00,1651.92,geyser,0,1495.89,6.34,4.29,4.18,141.22
2023-01-04 06:40:00,1693.46,geyser,0,1521.68,3.78,4.21,6.16,157.64
2023-01-04 06:41:00,1703.23,geyser,0,1566.98,5.22,6.29,5.59,119.16
2023-01-04 06:42:00,1633.02,geyser,0,1464.63,5.22,6.24,5.0,151.92
2023-01-04 06:43:00,1747.4,geyser,0,1581.57,3.72,5.75,3.39,152.96
2023-01-04 06:44:00,1702.67,geyser,0,1545.5,2.76,2.84,5.04,146.53
2023-01-04 06:45:00,1590.3,geyser,0,1430.81,5.58,6.91,5.73,141.27
2023-01-04 06:46:00,1778.64,geyser,0,1597.13,6.22,6.65,4.86,163.79
2023-01-04 06:47:00,1756.72,geyser,0,1590.41,3.92,4.92,0.99,156.47
2023-01-04 06:48:00,1724.37,geyser,0,1576.65,1.9,3.4,4.96,137.45
2023-01-04 06:49:00,1665.05,geyser,0,1540.46,5.31,7.06,6.86,105.37
2023-01-04 06:50:00,1565.83,geyser,0,1400.65,6.33,1.38,4.67,152.8
2023-01-04 06:51:00,1772.09,geyser,0,1598.26,7.98,7.02,4.18,154.64
2023-01-04 06:52:00,1647.81,geyser,0,1465.25,8.45,5.17,8.77,160.16
2023-01-04 06:53:00,1631.93,geyser,0,1447.31,6.23,1.34,3.32,173.73
2023-01-04 06:54:00,1520.04,geyser,0,1358.8,6.63,4.06,3.0,147.55
2023-01-04 06:55:00,1548.65,geyser,0,1348.53,5.96,4.7,1.88,187.59
2023-01-04 06:56:00,1548.46,geyser,0,1399.12,4.93,3.11,2.67,138.63
2023-01-04 06:57:00,1606.61,geyser,0,1447.1,4.91,4.39,6.83,143.38
2023-01-04 06:58:00,1684.71,geyser,0,1507.74,7.54,3.66,1.82,163.95
2023-01-04 06:59:00,1885.1,geyser,0,1685.62,3.49,5.91,4.76,185.32
2023-01-04 07:00:00,1721.48,geyser,0,1518.04,8.7,3.38,5.22,186.15
2023-01-04 07:01:00,1607.79,geyser,0,1444.89,3.19,4.58,3.77,151.36
2023-01-04 07:02:00,1640.58,geyser,0,1464.1,8.38,5.64,1.73,160.73
2023-01-04 07:03:00,1646.68,geyser,0,1487.97,7.33,8.32,4.24,138.83
2023-01-04 07:04:00,1661.87,geyser,0,1515.16,4.26,3.71,2.13,136.61
2023-01-04 07:05:00,1680.09,geyser,0,1509.01,1.85,3.19,2.92,163.12
2023-01-04 07:06:00,1589.09,geyser,0,1424.89,3.3,4.83,5.52,150.55
2023-01-04 07:07:00,1441.76,geyser,0,1250.06,3.43,5.41,4.89,177.97
2023-01-04 07:08:00,1728.38,geyser,0,1557.97,7.65,2.8,6.58,153.39
2023-01-04 07:09:00,1437.2,geyser,0,1249.9,4.13,3.1,5.42,174.65
2023-01-04 07:10:00,1723.6,geyser,0,1555.31,4.4,7.96,6.44,149.48
2023-01-04 07:11:00,1723.85,geyser,0,1559.67,3.8,4.2,4.43,151.74
2023-01-04 07:12:00,1766.07,geyser,0,1587.67,7.86,6.51,6.9,157.13
2023-01-04 07:13:00,1795.43,geyser,0,1623.31,4.21,4.29,6.53,157.1
2023-01-04 07:14:00,1890.8,geyser,0,1730.35,6.43,3.92,3.3,146.8
2023-01-04 07:15:00,1606.16,geyser,0,1448.83,4.83,0.12,4.05,148.34
2023-01-04 07:16:00,1607.1,geyser,0,1434.04,1.31,4.15,5.64,161.97
2023-01-04 07:17:00,1549.21,geyser,0,1336.6,2.25,5.5,6.38,198.48
2023-01-04 07:18:00,1642.71,geyser,0,1491.27,3.32,2.1,5.14,140.88
2023-01-04 07:19:00,1807.6,geyser,0,1645.83,5.7,8.0,2.43,145.64
2023-01-04 07:20:00,1824.63,geyser,0,1663.87,1.56,3.82,4.26,151.11
2023-01-04 07:21:00,1796.62,geyser,0,1625.82,3.46,2.38,3.83,161.12
2023-01-04 07:22:00,1626.52,geyser,0,1441.01,4.74,2.88,7.96,169.93
2023-01-04 07:23:00,1493.1,geyser,0,1325.87,5.28,7.37,0.19,154.39
2023-01-04 07:24:00,1691.32,geyser,0,1523.41,5.37,2.76,8.79,151.0
2023-01-04 07:25:00,1647.01,geyser,0,1493.81,5.06,2.41,6.96,138.78
2023-01-04 07:26:00,1631.61,geyser,0,1492.98,5.98,5.0,3.87,123.79
2023-01-04 07:27:00,1774.59,geyser,0,1599.86,7.05,3.4,7.51,156.77
2023-01-04 07:28:00,1738.37,geyser,0,1526.8,6.66,6.06,4.27,194.57
2023-01-04 07:29:00,1625.82,geyser,0,1471.42,4.58,6.85,4.64,138.32
2023-01-04 07:30:00,1632.46,geyser,0,1450.23,2.92,5.97,7.38,165.96
2023-01-04 07:31:00,1815.34,geyser,0,1624.91,1.53,1.45,7.0,180.46
2023-01-04 07:32:00,1672.25,geyser,0,1476.83,6.35,4.46,9.24,175.37
2023-01-04 07:33:00,1546.71,geyser,0,1377.89,2.86,4.27,5.53,156.16
2023-01-04 07:34:00,1591.32,geyser,0,1395.77,7.72,6.66,4.28,176.88
2023-01-04 07:35:00,1442.62,geyser,0,1317.09,6.74,0.61,3.82,114.36
2023-01-04 07:36:00,1760.94,geyser,0,1606.45,4.45,4.2,5.55,140.29
2023-01-04 07:37:00,1523.74,geyser,0,1378.89,5.15,3.78,3.43,132.49
2023-01-04 07:38:00,1532.97,geyser,0,1366.7,4.17,1.12,5.31,155.66
2023-01-04 07:39:00,1685.31,geyser,0,1515.55,6.8,6.82,7.06,149.07
2023-01-04 07:40:00,1401.95,geyser,0,1250.07,3.94,5.96,5.62,136.35
2023-01-04 07:41:00,1746.97,geyser,0,1565.43,1.77,0.0,8.09,171.69
2023-01-04 07:42:00,1674.35,geyser,0,1503.13,5.43,5.26,5.18,155.35
2023-01-04 07:43:00,1642.07,geyser,0,1484.05,2.89,3.11,6.47,145.55
2023-01-04 07:44:00,1592.29,geyser,0,1415.45,5.01,3.33,5.57,162.93
2023-01-04 07:45:00,1721.95,geyser,0,1592.54,7.81,2.21,7.45,111.93
2023-01-04 07:46:00,1654.5,geyser,0,1480.51,8.69,5.9,5.68,153.73
2023-01-04 07:47:00,1745.21,geyser,0,1601.77,3.57,4.72,0.22,134.92
2023-01-04 07:48:00,1687.93,geyser,0,1505.69,2.69,8.75,7.42,163.37
2023-01-04 07:49:00,1714.65,geyser,0,1579.57,0.31,4.87,6.07,123.84
2023-01-04 07:50:00,1550.73,geyser,0,1363.03,5.68,3.65,8.06,170.31
2023-01-04 07:51:00,1750.24,geyser,0,1565.4,6.17,7.09,4.27,167.32
2023-01-04 07:52:00,1847.23,geyser,0,1685.05,4.34,7.0,3.88,146.95
2023-01-04 07:53:00,1585.43,geyser,0,1475.69,5.39,4.92,5.55,93.87
2023-01-04 07:54:00,1767.51,geyser,0,1613.43,3.77,4.65,4.81,140.84
2023-01-04 07:55:00,1616.22,geyser,0,1475.06,4.41,6.92,2.47,127.35
2023-01-04 07:56:00,1835.62,geyser,0,1660.36,2.17,2.37,4.5,166.22
2023-01-04 07:57:00,1852.69,geyser,0,1663.89,5.45,10.58,3.73,169.03
2023-01-04 07:58:00,1450.69,geyser,0,1305.58,5.09,5.69,7.69,126.65
2023-01-04 07:59:00,1551.97,geyser,0,1414.85,6.47,5.19,3.67,121.79
2023-01-04 08:00:00,2367.88,geyser,0,1457.81,7.65,737.58,5.66,159.17
2023-01-04 08:01:00,2428.29,geyser,0,1447.88,4.53,834.35,5.82,135.7
2023-01-04 08:02:00,2435.24,geyser,0,1443.22,3.28,850.27,4.67,133.8
2023-01-04 08:03:00,2352.58,geyser,0,1375.35,2.1,824.02,5.01,146.11
2023-01-04 08:04:00,2467.25,geyser,0,1633.98,5.89,676.48,4.88,146.01
2023-01-04 08:05:00,2220.36,geyser,1,1426.3,6.79,663.76,19.93,103.59
2023-01-04 08:06:00,2423.7,geyser,0,1548.34,2.91,739.14,5.63,127.69
2023-01-04 08:07:00,2243.75,geyser,0,1365.35,2.81,711.0,3.85,160.75
2023-01-04 08:08:00,2274.22,geyser,0,1483.61,6.28,625.5,5.56,153.27
2023-01-04 08:09:00,2471.13,geyser,0,1628.64,5.27,686.35,5.25,145.62
2023-01-04 08:10:00,2287.41,geyser,0,1465.42,3.38,676.14,7.32,135.14
2023-01-04 08:11:00,2341.91,geyser,0,1486.99,6.08,731.38,8.05,109.42
2023-01-04 08:12:00,2301.35,geyser,0,1423.73,7.45,742.01,4.34,123.81
2023-01-04 08:13:00,2192.02,geyser,0,1425.79,4.92,614.13,4.83,142.34
2023-01-04 08:14:00,2328.82,geyser,0,1427.07,4.14,770.35,0.63,126.62
2023-01-04 08:15:00,2532.27,geyser,0,1526.66,4.98,814.29,4.81,181.53
2023-01-04 08:16:00,2364.75,geyser,0,1360.08,6.03,847.22,10.43,141.0
2023-01-04 08:17:00,2167.48,geyser,0,1384.28,7.65,640.76,5.22,129.57
2023-01-04 08:18:00,2050.64,geyser,0,1284.13,6.62,612.49,5.53,141.87
2023-01-04 08:19:00,2005.39,geyser,0,1359.26,4.75,507.09,4.31,129.99
2023-01-04 08:20:00,2427.5,geyser,0,1509.47,4.17,762.94,7.54,143.37
2023-01-04 08:21:00,2662.16,geyser,0,1579.41,6.55,904.19,7.11,164.9
2023-01-04 08:22:00,2309.11,geyser,0,1479.44,4.23,643.78,4.83,176.83
2023-01-04 08:23:00,2284.58,geyser,0,1493.06,7.54,580.98,8.84,194.18
2023-01-04 08:24:00,2211.05,geyser,0,1329.93,5.04,698.6,4.77,172.71
2023-01-04 08:25:00,2474.86,geyser,0,1452.28,5.81,863.12,2.71,150.95
2023-01-04 08:26:00,2611.21,geyser,0,1741.33,2.29,744.25,6.65,116.68
2023-01-04 08:27:00,2204.61,geyser,0,1361.14,7.03,712.77,5.32,118.35
2023-01-04 08:28:00,2436.64,geyser,0,1507.78,7.29,765.8,8.44,147.34
2023-01-04 08:29:00,2012.69,geyser,0,1260.06,2.29,611.31,1.94,137.09
2023-01-04 08:30:00,2570.76,geyser,0,1530.26,3.4,861.6,9.76,165.74
2023-01-04 08:31:00,2505.39,geyser,0,1723.79,3.24,630.76,7.67,139.93
2023-01-04 08:32:00,2306.29,geyser,0,1477.16,6.72,680.37,5.2,136.85
2023-01-04 08:33:00,2123.64,geyser,0,1314.88,9.21,673.75,2.86,122.94
2023-01-04 08:34:00,2389.34,geyser,0,1448.99,5.28,784.78,4.31,145.98
2023-01-04 08:35:00,2267.31,geyser,0,1360.16,5.78,773.61,6.68,121.07
2023-01-04 08:36:00,2412.47,geyser,0,1555.55,6.33,672.21,7.25,171.13
2023-01-04 08:37:00,2430.19,geyser,0,1546.4,3.62,701.25,4.59,174.32
2023-01-04 08:38:00,2623.78,geyser,0,1594.59,4.21,831.13,6.35,187.5
2023-01-04 08:39:00,2638.47,geyser,0,1621.27,6.42,849.14,4.18,157.46
2023-01-04 08:40:00,2354.94,geyser,0,1420.0,8.52,770.57,3.42,152.42
2023-01-04 08:41:00,2390.56,geyser,0,1482.76,5.95,755.07,6.22,140.56
2023-01-04 08:42:00,2306.36,geyser,0,1391.54,3.87,716.42,6.26,188.28
2023-01-04 08:43:00,2158.8,geyser,0,1344.41,7.15,674.11,6.53,126.6
2023-01-04 08:44:00,2350.9,geyser,0,1429.09,6.35,730.18,3.62,181.66
2023-01-04 08:45:00,2509.41,geyser,0,1562.47,6.63,769.62,3.16,167.55
2023-01-04 08:46:00,2198.57,geyser,0,1386.95,7.85,652.8,5.3,145.67
2023-01-04 08:47:00,2171.24,geyser,0,1360.3,4.13,621.44,1.92,183.45
2023-01-04 08:48:00,2230.86,geyser,0,1586.37,4.77,463.83,7.16,168.72
2023-01-04 08:49:00,2533.75,geyser,0,1598.68,3.02,768.47,3.33,160.25
2023-01-04 08:50:00,2434.15,geyser,0,1537.31,5.46,756.73,1.59,133.07
2023-01-04 08:51:00,2140.49,geyser,0,1209.5,5.58,744.94,9.8,170.66
2023-01-04 08:52:00,2399.64,geyser,0,1541.0,7.15,662.17,5.6,183.72
2023-01-04 08:53:00,2371.07,geyser,0,1482.58,5.77,743.68,3.31,135.71
2023-01-04 08:54:00,2310.83,geyser,0,1534.3,3.19,604.77,3.44,165.13
2023-01-04 08:55:00,2294.03,geyser,0,1463.04,2.66,688.39,6.31,133.63
2023-01-04 08:56:00,2254.65,geyser,0,1265.47,5.73,881.99,6.45,95.0
2023-01-04 08:57:00,2625.58,geyser,0,1610.51,5.82,850.76,5.59,152.9
2023-01-04 08:58:00,2012.16,geyser,0,1332.79,5.85,527.06,5.12,141.35
2023-01-04 08:59:00,2187.09,geyser,0,1389.0,5.42,669.11,4.84,118.72
2023-01-04 09:00:00,802.0,washing_machine,0,7.43,5.19,622.58,6.15,160.66
2023-01-04 09:01:00,768.76,washing_machine,0,4.46,4.51,613.09,4.63,142.06
2023-01-04 09:02:00,873.38,washing_machine,0,7.14,7.6,677.76,5.71,175.18
2023-01-04 09:03:00,659.15,washing_machine,0,4.54,0.81,510.8,6.49,136.51
2023-01-04 09:04:00,858.11,washing_machine,0,7.6,5.77,678.39,6.2,160.14
2023-01-04 09:05:00,944.45,washing_machine,0,6.35,6.79,808.17,6.47,116.67
2023-01-04 09:06:00,955.4,washing_machine,0,4.45,0.75,811.62,2.62,135.96
2023-01-04 09:07:00,812.52,washing_machine,0,5.26,6.86,656.67,5.49,138.24
2023-01-04 09:08:00,816.86,washing_machine,0,9.07,6.09,644.7,5.04,151.96
2023-01-04 09:09:00,903.54,washing_machine,0,4.36,7.62,707.52,4.44,179.6
2023-01-04 09:10:00,848.67,washing_machine,0,5.17,6.66,635.65,9.03,192.17
2023-01-04 09:11:00,948.71,washing_machine,0,3.6,1.8,746.62,4.42,192.28
2023-01-04 09:12:00,818.23,washing_machine,0,7.74,3.99,655.83,2.78,147.88
2023-01-04 09:13:00,915.87,washing_machine,0,4.42,6.7,736.79,2.96,165.01
2023-01-04 09:14:00,999.82,washing_machine,0,3.22,4.42,818.61,5.11,168.45
2023-01-04 09:15:00,884.27,washing_machine,0,3.5,0.88,767.87,7.71,104.31
2023-01-04 09:16:00,949.2,washing_machine,0,4.86,4.77,744.02,7.64,187.92
2023-01-04 09:17:00,880.25,washing_machine,0,1.69,6.36,693.08,7.7,171.42
2023-01-04 09:18:00,863.96,washing_machine,0,4.3,4.12,710.08,3.41,142.04
2023-01-04 09:19:00,935.2,washing_machine,0,4.52,6.86,757.49,5.99,160.33
2023-01-04 09:20:00,748.22,washing_machine,0,2.68,5.41,616.58,8.9,114.65
2023-01-04 09:21:00,776.68,washing_machine,0,8.07,5.15,609.13,3.35,150.98
2023-01-04 09:22:00,656.99,washing_machine,0,8.23,5.49,504.95,6.22,132.11
2023-01-04 09:23:00,720.69,washing_machine,0,8.32,5.2,512.78,1.55,192.84
2023-01-04 09:24:00,802.98,washing_machine,0,7.73,4.37,635.11,5.58,150.19
2023-01-04 09:25:00,808.68,washing_machine,0,6.61,5.38,662.73,3.12,130.83
2023-01-04 09:26:00,854.24,washing_machine,0,8.58,4.91,726.4,4.31,110.04
2023-01-04 09:27:00,825.9,washing_machine,0,5.57,7.25,647.26,5.36,160.46
2023-01-04 09:28:00,927.6,washing_machine,0,1.88,4.5,751.63,5.44,164.15
2023-01-04 09:29:00,698.81,washing_machine,0,2.38,4.26,534.54,4.5,153.14
2023-01-04 09:30:00,785.14,washing_machine,0,6.03,4.61,633.35,4.44,136.71
2023-01-04 09:31:00,791.12,washing_machine,0,6.27,2.51,623.13,7.05,152.16
2023-01-04 09:32:00,918.94,washing_machine,0,3.17,5.87,743.45,4.25,162.2
2023-01-04 09:33:00,908.76,washing_machine,0,2.21,5.02,737.26,5.83,158.43
2023-01-04 09:34:00,990.54,washing_machine,0,3.1,3.47,824.09,5.35,154.52
2023-01-04 09:35:00,725.53,washing_machine,0,3.43,4.03,550.32,5.89,161.86
2023-01-04 09:36:00,1006.48,washing_machine,0,4.87,3.81,889.37,4.64,103.78
2023-01-04 09:37:00,971.7,washing_machine,0,1.84,5.39,836.68,4.52,123.27
2023-01-04 09:38:00,823.93,washing_machine,0,5.11,4.42,686.81,1.32,126.28
2023-01-04 09:39:00,761.65,washing_machine,0,6.4,0.86,596.47,5.65,152.27
2023-01-04 09:40:00,678.68,washing_machine,0,4.71,5.33,534.24,6.99,127.41
2023-01-04 09:41:00,752.67,washing_machine,0,7.11,3.03,596.0,3.74,142.79
2023-01-04 09:42:00,939.37,washing_machine,0,7.93,3.6,781.17,7.32,139.35
2023-01-04 09:43:00,782.27,washing_machine,0,4.56,4.4,632.95,0.38,139.98
2023-01-04 09:44:00,790.12,washing_machine,0,4.33,3.39,656.06,4.64,121.7
2023-01-04 09:45:00,943.38,washing_machine,0,3.36,8.03,762.77,5.58,163.64
2023-01-04 09:46:00,826.5,washing_machine,0,5.18,7.37,663.75,4.49,145.71
2023-01-04 09:47:00,754.08,washing_machine,0,9.37,4.23,595.24,3.3,141.94
2023-01-04 09:48:00,636.87,washing_machine,0,6.65,8.43,479.89,3.44,138.45
2023-01-04 09:49:00,852.21,washing_machine,0,2.47,1.93,705.37,6.01,136.43
2023-01-04 09:50:00,685.69,washing_machine,0,8.95,8.85,488.72,5.34,173.84
2023-01-04 09:51:00,862.35,washing_machine,0,5.5,6.7,703.29,5.41,141.46
2023-01-04 09:52:00,832.75,washing_machine,0,4.39,7.05,657.03,9.27,155.01
2023-01-04 09:53:00,705.4,washing_machine,0,3.54,3.19,565.64,7.24,125.78
2023-01-04 09:54:00,912.4,washing_machine,1,5.63,25.36,725.78,9.02,146.61
2023-01-04 09:55:00,772.82,washing_machine,0,7.85,5.12,625.96,2.14,131.75
2023-01-04 09:56:00,891.11,washing_machine,0,4.42,5.37,731.07,2.66,147.58
2023-01-04 09:57:00,1045.18,washing_machine,0,7.93,9.16,884.11,6.27,137.71
2023-01-04 09:58:00,907.34,washing_machine,0,4.13,1.51,733.69,5.58,162.43
2023-01-04 09:59:00,941.65,washing_machine,0,5.34,1.52,781.72,8.43,144.64
2023-01-04 10:00:00,879.11,washing_machine,0,5.1,4.78,701.13,5.12,162.99
2023-01-04 10:01:00,960.73,washing_machine,0,4.32,3.56,793.06,0.86,158.92
2023-01-04 10:02:00,889.04,washing_machine,0,8.61,8.23,730.31,8.2,133.7
2023-01-04 10:03:00,1002.32,washing_machine,0,3.86,5.79,831.89,3.24,157.54
2023-01-04 10:04:00,827.02,washing_machine,0,6.13,4.32,677.17,4.74,134.66
2023-01-04 10:05:00,833.84,washing_machine,0,3.51,7.93,661.32,4.38,156.7
2023-01-04 10:06:00,1103.89,washing_machine,0,7.63,1.78,930.95,4.88,158.66
2023-01-04 10:07:00,733.01,washing_machine,0,6.93,4.57,586.39,5.86,129.25
2023-01-04 10:08:00,1078.7,washing_machine,0,4.68,3.23,933.15,1.34,136.31
2023-01-04 10:09:00,861.26,washing_machine,0,2.84,5.63,694.8,5.43,152.56
2023-01-04 10:10:00,966.82,washing_machine,0,5.31,6.83,803.58,4.72,146.38
2023-01-04 10:11:00,1048.73,washing_machine,0,2.44,3.6,878.19,1.67,162.83
2023-01-04 10:12:00,957.34,washing_machine,0,4.5,7.15,792.74,4.47,148.48
2023-01-04 10:13:00,847.07,washing_machine,0,2.64,6.02,678.04,7.45,152.92
2023-01-04 10:14:00,871.58,washing_machine,0,6.94,2.58,724.63,6.72,130.72
2023-01-04 10:15:00,749.52,washing_machine,0,0.79,1.68,561.25,3.4,182.4
2023-01-04 10:16:00,956.4,washing_machine,0,4.22,2.86,791.57,6.6,151.14
2023-01-04 10:17:00,798.3,washing_machine,0,8.84,5.96,614.4,4.02,165.08
2023-01-04 10:18:00,672.29,washing_machine,0,7.81,3.26,487.63,2.8,170.8
2023-01-04 10:19:00,898.93,washing_machine,0,5.59,4.31,729.18,7.49,152.36
2023-01-04 10:20:00,892.06,washing_machine,0,1.89,5.45,728.98,3.36,152.37
2023-01-04 10:21:00,774.6,washing_machine,0,6.7,1.91,612.01,4.11,149.87
2023-01-04 10:22:00,674.62,washing_machine,0,0.98,4.54,518.31,6.19,144.6
2023-01-04 10:23:00,885.42,washing_machine,0,6.88,7.64,709.08,3.81,158.02
2023-01-04 10:24:00,910.7,washing_machine,0,5.16,6.92,701.06,7.89,189.67
2023-01-04 10:25:00,767.87,washing_machine,0,4.16,6.42,591.38,6.12,159.79
2023-01-04 10:26:00,740.72,washing_machine,0,4.37,7.2,559.51,4.64,165.0
2023-01-04 10:27:00,1009.68,washing_machine,0,3.05,7.59,854.69,3.86,140.48
2023-01-04 10:28:00,880.51,washing_machine,0,6.26,3.89,761.22,1.88,107.26
2023-01-04 10:29:00,927.58,washing_machine,0,8.07,3.85,782.94,6.22,126.51
2023-01-04 10:30:00,766.82,washing_machine,0,7.12,4.13,613.02,4.96,137.6
2023-01-04 10:31:00,1065.58,washing_machine,0,4.45,3.54,878.64,2.88,176.07
2023-01-04 10:32:00,775.95,washing_machine,0,4.17,2.12,601.24,7.83,160.59
2023-01-04 10:33:00,810.42,washing_machine,0,6.33,4.63,643.6,7.35,148.51
2023-01-04 10:34:00,893.61,washing_machine,0,5.77,7.48,706.92,3.13,170.3
2023-01-04 10:35:00,774.88,washing_machine,0,4.12,6.65,585.58,4.21,174.32
2023-01-04 10:36:00,828.2,washing_machine,0,4.31,6.81,661.68,6.66,148.74
2023-01-04 10:37:00,776.0,washing_machine,0,3.28,4.7,600.44,2.91,164.67
2023-01-04 10:38:00,829.77,washing_machine,0,7.68,2.86,704.38,7.22,107.63
2023-01-04 10:39:00,828.09,washing_machine,0,4.15,2.31,680.37,3.86,137.39
2023-01-04 10:40:00,911.61,washing_machine,0,3.14,8.57,729.52,7.39,162.98
2023-01-04 10:41:00,936.54,washing_machine,0,4.95,5.24,745.18,6.76,174.41
2023-01-04 10:42:00,1008.2,washing_machine,0,7.51,5.36,862.12,4.1,129.12
2023-01-04 10:43:00,836.74,washing_machine,0,5.86,5.62,675.7,6.56,142.99
2023-01-04 10:44:00,792.0,washing_machine,0,3.02,3.08,611.72,3.17,171.0
2023-01-04 10:45:00,926.22,washing_machine,0,2.32,6.22,731.05,5.25,181.38
2023-01-04 10:46:00,920.14,washing_machine,0,3.01,5.17,732.76,3.82,175.37
2023-01-04 10:47:00,706.86,washing_machine,0,5.76,3.72,552.34,5.59,139.45
2023-01-04 10:48:00,869.86,washing_machine,0,5.78,8.56,683.62,3.59,168.31
2023-01-04 10:49:00,1047.3,washing_machine,0,1.43,2.93,905.01,3.05,134.87
2023-01-04 10:50:00,989.6,washing_machine,0,6.04,4.41,805.59,6.63,166.93
2023-01-04 10:51:00,970.11,washing_machine,0,3.76,2.24,822.3,4.79,137.02
2023-01-04 10:52:00,931.29,washing_machine,0,10.44,7.3,769.73,3.22,140.6
2023-01-04 10:53:00,885.36,washing_machine,0,6.94,3.62,763.93,8.06,102.81
2023-01-04 10:54:00,986.71,washing_machine,0,6.06,2.82,827.29,5.75,144.79
2023-01-04 10:55:00,915.92,washing_machine,0,2.42,4.66,738.61,6.45,163.78
2023-01-04 10:56:00,703.49,washing_machine,0,4.41,7.09,542.93,8.44,140.63
2023-01-04 10:57:00,921.74,washing_machine,0,3.16,9.56,792.74,3.81,112.47
2023-01-04 10:58:00,1004.72,washing_machine,0,5.91,5.26,836.13,3.68,153.74
2023-01-04 10:59:00,1103.91,washing_machine,0,3.09,6.19,927.76,4.82,162.06
2023-01-04 11:00:00,912.51,washing_machine,0,3.45,4.01,721.32,4.06,179.67
2023-01-04 11:01:00,811.71,washing_machine,0,4.68,4.75,655.45,4.51,142.32
2023-01-04 11:02:00,869.53,washing_machine,0,4.28,4.1,694.15,6.86,160.14
2023-01-04 11:03:00,963.23,washing_machine,0,6.5,4.64,807.99,5.83,138.28
2023-01-04 11:04:00,970.03,washing_machine,0,3.5,6.31,809.1,6.38,144.73
2023-01-04 11:05:00,786.77,washing_machine,0,5.1,6.03,582.79,0.98,191.86
2023-01-04 11:06:00,777.81,washing_machine,0,5.48,4.18,612.15,4.68,151.32
2023-01-04 11:07:00,741.18,washing_machine,0,7.55,4.85,587.43,2.61,138.73
2023-01-04 11:08:00,821.98,washing_machine,0,5.87,7.23,656.09,2.69,150.1
2023-01-04 11:09:00,834.17,washing_machine,0,5.93,5.89,655.5,4.74,162.12
2023-01-04 11:10:00,734.87,washing_machine,0,5.96,3.31,595.07,1.35,129.17
2023-01-04 11:11:00,883.36,washing_machine,0,5.75,7.79,697.73,5.37,166.72
2023-01-04 11:12:00,1225.8,washing_machine,0,1.28,8.13,1084.95,5.47,125.97
2023-01-04 11:13:00,847.1,washing_machine,0,9.7,2.56,682.49,4.63,147.72
2023-01-04 11:14:00,896.81,washing_machine,0,6.72,5.34,747.34,5.33,132.08
2023-01-04 11:15:00,1201.37,washing_machine,0,7.38,8.13,1050.61,4.83,130.41
2023-01-04 11:16:00,1000.22,washing_machine,0,1.91,4.79,828.95,2.31,162.26
2023-01-04 11:17:00,897.71,washing_machine,0,3.55,4.42,720.4,8.1,161.24
2023-01-04 11:18:00,991.46,washing_machine,0,3.87,9.04,831.96,6.29,140.29
2023-01-04 11:19:00,782.11,washing_machine,0,2.42,3.28,608.82,4.35,163.24
2023-01-04 11:20:00,1004.76,washing_machine,0,7.61,4.35,813.73,6.49,172.59
2023-01-04 11:21:00,748.87,washing_machine,0,6.16,6.07,572.06,5.31,159.28
2023-01-04 11:22:00,953.82,washing_machine,0,5.18,3.22,804.6,4.5,136.33
2023-01-04 11:23:00,957.19,washing_machine,0,5.97,7.53,769.09,7.42,167.17
2023-01-04 11:24:00,897.86,washing_machine,0,2.68,5.35,741.5,5.39,142.94
2023-01-04 11:25:00,765.82,washing_machine,0,5.56,3.79,601.39,2.07,153.02
2023-01-04 11:26:00,699.77,washing_machine,0,6.45,3.58,527.22,6.0,156.53
2023-01-04 11:27:00,875.73,washing_machine,0,4.66,5.07,728.32,7.14,130.54
2023-01-04 11:28:00,806.25,washing_machine,0,3.97,4.43,679.16,5.24,113.46
2023-01-04 11:29:00,735.48,washing_machine,0,3.81,1.95,594.84,3.68,131.2
2023-01-04 11:30:00,963.34,washing_machine,0,3.95,5.97,787.09,3.91,162.41
2023-01-04 11:31:00,851.42,washing_machine,0,0.79,4.82,698.61,5.24,141.96
2023-01-04 11:32:00,959.26,washing_machine,0,6.94,4.64,802.78,3.44,141.46
2023-01-04 11:33:00,686.26,washing_machine,0,3.8,1.17,538.43,2.16,140.7
2023-01-04 11:34:00,870.53,washing_machine,0,4.76,4.52,738.7,4.02,118.53
2023-01-04 11:35:00,981.16,washing_machine,0,4.56,3.33,815.7,3.42,154.14
2023-01-04 11:36:00,826.56,washing_machine,0,8.54,3.83,658.71,6.96,148.51
2023-01-04 11:37:00,1095.12,washing_machine,0,2.99,4.74,913.81,1.37,172.22
2023-01-04 11:38:00,916.72,washing_machine,0,7.03,5.43,751.62,6.44,146.21
2023-01-04 11:39:00,1044.13,washing_machine,0,6.32,6.29,852.56,5.42,173.54
2023-01-04 11:40:00,759.53,washing_machine,0,5.99,3.57,628.06,5.01,116.9
2023-01-04 11:41:00,862.11,washing_machine,0,5.57,4.57,690.78,5.88,155.32
2023-01-04 11:42:00,781.41,washing_machine,0,7.29,5.35,634.15,4.8,129.81
2023-01-04 11:43:00,954.55,washing_machine,0,4.42,4.53,764.25,6.27,175.08
2023-01-04 11:44:00,953.01,washing_machine,0,5.6,5.99,776.63,4.22,160.57
2023-01-04 11:45:00,828.93,washing_machine,0,2.54,5.13,666.05,4.96,150.25
2023-01-04 11:46:00,921.93,washing_machine,0,4.97,6.78,731.67,4.1,174.41
2023-01-04 11:47:00,627.09,washing_machine,0,6.68,2.36,477.32,7.59,133.14
2023-01-04 11:48:00,695.06,washing_machine,0,5.67,7.56,510.87,8.66,162.3
2023-01-04 11:49:00,1039.3,washing_machine,0,3.18,4.42,846.76,7.18,177.75
2023-01-04 11:50:00,897.33,washing_machine,0,3.78,4.92,719.76,5.5,163.36
2023-01-04 11:51:00,1000.59,washing_machine,0,5.24,2.98,822.39,8.76,161.22
2023-01-04 11:52:00,928.03,washing_machine,0,6.96,8.03,750.34,3.08,159.63
2023-01-04 11:53:00,833.9,washing_machine,0,5.04,4.63,706.58,5.6,112.06
2023-01-04 11:54:00,728.74,washing_machine,0,4.61,2.23,587.47,5.52,128.91
2023-01-04 11:55:00,910.31,washing_machine,0,4.66,5.96,712.33,5.63,181.72
2023-01-04 11:56:00,998.42,washing_machine,0,3.46,7.37,823.49,5.25,158.85
2023-01-04 11:57:00,1099.1,washing_machine,0,2.29,2.46,960.08,5.91,128.36
2023-01-04 11:58:00,862.59,washing_machine,0,5.92,0.27,685.97,4.56,165.86
2023-01-04 11:59:00,1020.3,washing_machine,0,4.52,8.49,849.67,8.64,148.98
2023-01-04 12:00:00,1414.77,ac,0,2.96,1259.51,6.81,6.46,139.03
2023-01-04 12:01:00,1376.58,ac,0,6.19,1228.24,7.82,2.58,131.75
2023-01-04 12:02:00,1560.08,ac,0,2.37,1403.69,1.51,7.36,145.15
2023-01-04 12:03:00,1690.78,ac,0,4.44,1512.18,4.67,6.03,163.45
2023-01-04 12:04:00,1254.08,ac,1,3.54,1064.85,32.82,2.31,150.56
2023-01-04 12:05:00,1274.25,ac,0,4.57,1088.87,6.28,4.67,169.86
2023-01-04 12:06:00,1674.84,ac,0,5.49,1488.8,6.7,5.21,168.63
2023-01-04 12:07:00,1236.34,ac,0,3.67,1071.0,7.0,6.2,148.48
2023-01-04 12:08:00,1362.7,ac,0,6.33,1252.34,4.48,4.69,94.85
2023-01-04 12:09:00,1226.86,ac,0,3.79,1035.45,5.14,5.1,177.38
2023-01-04 12:10:00,1112.36,ac,0,3.86,980.88,6.53,3.33,117.76
2023-01-04 12:11:00,1334.24,ac,0,7.68,1188.84,7.58,3.29,126.85
2023-01-04 12:12:00,1246.48,ac,0,3.39,1052.18,3.35,1.78,185.79
2023-01-04 12:13:00,1218.66,ac,0,4.21,1076.0,6.92,5.35,126.19
2023-01-04 12:14:00,1372.58,ac,0,6.93,1194.68,5.57,5.05,160.36
2023-01-04 12:15:00,1150.63,ac,0,2.23,963.36,5.87,4.37,174.8
2023-01-04 12:16:00,1532.59,ac,0,5.13,1378.89,5.12,4.91,138.54
2023-01-04 12:17:00,1334.72,ac,0,4.53,1168.4,4.03,5.21,152.55
2023-01-04 12:18:00,1603.7,ac,0,4.27,1401.99,5.87,4.62,186.95
2023-01-04 12:19:00,1445.76,ac,0,8.13,1270.37,2.69,4.0,160.57
2023-01-04 12:20:00,1501.92,ac,0,3.77,1333.25,5.06,6.63,153.2
2023-01-04 12:21:00,1236.06,ac,0,3.43,1086.06,3.74,5.35,137.48
2023-01-04 12:22:00,1368.29,ac,0,4.71,1221.95,5.33,6.69,129.61
2023-01-04 12:23:00,1221.75,ac,0,0.0,1037.72,3.4,6.99,173.63
2023-01-04 12:24:00,1523.63,ac,0,3.84,1367.84,3.88,2.74,145.33
2023-01-04 12:25:00,1632.63,ac,0,3.2,1466.22,5.57,0.82,156.83
2023-01-04 12:26:00,1220.78,ac,0,7.64,1064.88,2.6,8.19,137.48
2023-01-04 12:27:00,1187.9,ac,0,0.48,1048.54,5.32,6.21,127.36
2023-01-04 12:28:00,1078.64,ac,0,8.66,867.39,9.78,4.89,187.92
2023-01-04 12:29:00,1417.48,ac,0,2.74,1255.74,7.84,2.67,148.48
2023-01-04 12:30:00,1195.53,ac,0,4.82,1015.75,4.19,2.62,168.15
2023-01-04 12:31:00,1293.67,ac,0,3.45,1132.35,4.29,5.78,147.79
2023-01-04 12:32:00,1401.26,ac,0,5.61,1244.12,8.99,6.27,136.27
2023-01-04 12:33:00,1372.61,ac,0,6.71,1185.42,3.31,4.97,172.2
2023-01-04 12:34:00,1583.43,ac,0,2.2,1428.69,4.26,4.07,144.21
2023-01-04 12:35:00,1445.86,ac,0,6.1,1249.98,0.0,9.09,180.69
2023-01-04 12:36:00,1271.33,ac,0,3.33,1107.4,8.12,5.75,146.73
2023-01-04 12:37:00,1109.51,ac,0,2.33,960.38,4.75,4.29,137.75
2023-01-04 12:38:00,1083.17,ac,0,6.64,913.87,6.16,5.04,151.47
2023-01-04 12:39:00,1139.39,ac,0,5.02,970.94,5.12,3.79,154.52
2023-01-04 12:40:00,1366.23,ac,0,7.41,1188.81,7.17,5.69,157.14
2023-01-04 12:41:00,1416.2,ac,0,5.62,1252.53,6.53,4.17,147.36
2023-01-04 12:42:00,1323.46,ac,0,2.42,1147.67,4.6,5.33,163.44
2023-01-04 12:43:00,1339.34,ac,0,8.65,1192.95,5.82,3.52,128.4
2023-01-04 12:44:00,1472.75,ac,0,7.52,1309.35,7.05,3.15,145.68
2023-01-04 12:45:00,1337.84,ac,0,2.22,1201.45,5.29,5.69,123.18
2023-01-04 12:46:00,1538.53,ac,0,5.85,1402.96,5.0,0.62,124.11
2023-01-04 12:47:00,1162.02,ac,0,6.29,1016.52,6.09,4.92,128.21
2023-01-04 12:48:00,1402.36,ac,0,5.15,1219.98,7.18,3.95,166.09
2023-01-04 12:49:00,1148.54,ac,1,4.52,965.65,32.05,8.59,137.73
2023-01-04 12:50:00,1232.36,ac,0,5.88,1074.75,6.69,6.91,138.13
2023-01-04 12:51:00,1470.25,ac,0,2.92,1283.82,6.0,1.63,175.88
2023-01-04 12:52:00,1413.49,ac,0,3.61,1247.92,7.17,3.97,150.82
2023-01-04 12:53:00,1543.54,ac,0,3.92,1379.14,0.96,3.54,155.99
2023-01-04 12:54:00,1427.61,ac,0,9.81,1269.54,4.49,4.96,138.81
2023-01-04 12:55:00,1443.35,ac,0,4.47,1288.36,3.0,5.64,141.89
2023-01-04 12:56:00,1328.05,ac,0,4.98,1146.15,5.55,6.53,164.85
2023-01-04 12:57:00,1417.83,ac,0,4.56,1254.15,1.6,4.49,153.03
2023-01-04 12:58:00,1471.32,ac,0,6.19,1280.53,0.45,8.9,175.24
2023-01-04 12:59:00,1487.56,ac,0,4.13,1341.22,6.33,5.07,130.81
2023-01-04 13:00:00,1306.72,ac,0,4.73,1169.7,3.21,5.78,123.31
2023-01-04 13:01:00,1474.58,ac,0,2.75,1285.32,3.78,4.15,178.59
2023-01-04 13:02:00,1239.5,ac,0,7.32,1065.77,5.12,2.81,158.48
2023-01-04 13:03:00,1425.08,ac,0,3.81,1239.78,8.18,4.74,168.56
2023-01-04 13:04:00,1351.59,ac,0,6.53,1176.7,5.24,4.71,158.41
2023-01-04 13:05:00,1198.12,ac,0,2.17,1020.3,8.21,6.82,160.63
2023-01-04 13:06:00,1444.91,ac,0,3.57,1279.54,7.79,6.05,147.96
2023-01-04 13:07:00,1614.18,ac,0,6.58,1418.77,3.61,5.49,179.72
2023-01-04 13:08:00,1182.25,ac,0,6.46,1031.28,4.0,4.42,136.1
2023-01-04 13:09:00,1272.72,ac,0,2.95,1095.84,5.14,9.06,159.73
2023-01-04 13:10:00,1519.16,ac,0,5.42,1361.06,6.18,5.21,141.29
2023-01-04 13:11:00,1777.01,ac,0,4.75,1631.11,9.12,6.85,125.18
2023-01-04 13:12:00,1056.43,ac,0,3.88,901.25,3.72,6.45,141.13
2023-01-04 13:13:00,1324.36,ac,0,9.6,1156.44,5.34,5.78,147.21
2023-01-04 13:14:00,1235.04,ac,0,2.48,1064.38,4.93,9.25,154.01
2023-01-04 13:15:00,1026.99,ac,0,3.3,861.96,3.9,5.99,151.84
2023-01-04 13:16:00,1342.02,ac,0,4.37,1178.28,3.57,7.16,148.63
2023-01-04 13:17:00,1494.14,ac,0,4.46,1342.03,2.06,4.03,141.55
2023-01-04 13:18:00,1199.24,ac,0,4.96,1026.94,6.95,10.04,150.34
2023-01-04 13:19:00,1319.94,ac,0,6.89,1137.04,8.03,4.32,163.65
2023-01-04 13:20:00,1527.02,ac,0,6.61,1376.56,3.54,3.24,137.07
2023-01-04 13:21:00,1403.62,ac,0,5.18,1218.1,5.65,7.87,166.81
2023-01-04 13:22:00,1155.67,ac,0,8.22,1014.7,5.58,5.61,121.57
2023-01-04 13:23:00,1389.69,ac,0,3.38,1251.61,5.42,6.34,122.95
2023-01-04 13:24:00,1424.96,ac,0,5.43,1236.16,4.35,3.72,175.29
2023-01-04 13:25:00,1339.76,ac,0,10.45,1196.47,6.39,3.69,122.75
2023-01-04 13:26:00,1574.27,ac,0,7.31,1421.34,0.16,7.69,137.77
2023-01-04 13:27:00,1444.94,ac,0,4.28,1278.49,6.85,7.62,147.7
2023-01-04 13:28:00,1335.86,ac,0,4.93,1174.51,3.93,4.78,147.72
2023-01-04 13:29:00,1442.21,ac,0,7.08,1284.4,3.64,8.87,138.21
2023-01-04 13:30:00,1127.06,ac,0,4.13,943.41,5.16,0.01,174.35
2023-01-04 13:31:00,1099.14,ac,0,8.34,932.03,10.17,2.32,146.27
2023-01-04 13:32:00,1300.75,ac,0,5.63,1159.13,6.48,4.63,124.87
2023-01-04 13:33:00,1384.02,ac,0,5.74,1251.85,4.49,13.55,108.4
2023-01-04 13:34:00,1432.59,ac,0,3.36,1265.76,5.21,5.36,152.9
2023-01-04 13:35:00,1044.8,ac,0,7.72,880.15,5.02,4.1,147.82
2023-01-04 13:36:00,1415.36,ac,0,5.2,1204.62,4.99,6.26,194.29
2023-01-04 13:37:00,1454.31,ac,1,3.78,1264.83,3.03,16.28,166.39
2023-01-04 13:38:00,1732.06,ac,0,2.67,1562.05,8.05,5.39,153.9
2023-01-04 13:39:00,1437.37,ac,0,4.34,1272.48,4.33,6.05,150.17
2023-01-04 13:40:00,1244.45,ac,0,0.0,1111.87,6.59,8.03,117.97
2023-01-04 13:41:00,1411.09,ac,0,5.97,1264.05,1.84,6.08,133.16
2023-01-04 13:42:00,1580.76,ac,0,6.11,1400.26,6.77,5.32,162.32
2023-01-04 13:43:00,1390.99,ac,0,3.3,1203.49,5.6,4.62,173.99
2023-01-04 13:44:00,1236.16,ac,0,7.52,1057.21,5.15,5.98,160.3
2023-01-04 13:45:00,1321.07,ac,0,4.74,1134.34,4.93,4.35,172.71
2023-01-04 13:46:00,1529.2,ac,0,0.0,1372.31,7.09,2.45,147.35
2023-01-04 13:47:00,1220.46,ac,0,5.55,1095.48,4.93,5.93,108.57
2023-01-04 13:48:00,1245.49,ac,0,4.01,1069.53,7.48,5.63,158.84
2023-01-04 13:49:00,1347.54,ac,0,3.77,1183.58,4.29,3.79,152.12
2023-01-04 13:50:00,1451.33,ac,0,5.47,1283.98,2.51,1.96,157.41
2023-01-04 13:51:00,1145.88,ac,0,4.25,1014.28,4.58,4.12,118.65
2023-01-04 13:52:00,1323.67,ac,0,6.14,1147.1,3.24,4.0,163.2
2023-01-04 13:53:00,4866.35,ac,1,4.5,4689.99,5.19,4.95,161.71
2023-01-04 13:54:00,1373.15,ac,0,5.24,1204.0,6.27,6.99,150.65
2023-01-04 13:55:00,1452.66,ac,0,2.85,1250.16,4.65,4.85,190.14
2023-01-04 13:56:00,1373.96,ac,0,5.39,1224.9,3.79,4.35,135.52
2023-01-04 13:57:00,1115.23,ac,0,4.33,944.32,5.12,5.69,155.78
2023-01-04 13:58:00,1367.55,ac,0,2.17,1203.11,1.85,3.66,156.77
2023-01-04 13:59:00,1258.45,ac,0,5.36,1092.69,1.83,6.45,152.12
2023-01-04 14:00:00,1432.03,ac,0,8.18,1227.35,1.07,5.04,190.4
2023-01-04 14:01:00,1426.65,ac,0,7.77,1267.04,6.94,6.14,138.76
2023-01-04 14:02:00,1516.24,ac,0,4.86,1376.16,6.44,3.93,124.85
2023-01-04 14:03:00,1154.13,ac,0,8.92,963.57,4.52,5.18,171.93
2023-01-04 14:04:00,1035.04,ac,0,6.93,891.06,3.05,9.15,124.85
2023-01-04 14:05:00,1267.61,ac,0,2.21,1090.76,4.58,2.78,167.28
2023-01-04 14:06:00,1175.49,ac,0,5.51,1029.49,5.63,6.44,128.42
2023-01-04 14:07:00,1291.75,ac,0,6.22,1137.8,6.28,1.71,139.74
2023-01-04 14:08:00,1421.14,ac,0,2.97,1232.43,1.73,3.16,180.85
2023-01-04 14:09:00,1342.44,ac,0,4.94,1189.09,8.39,2.16,137.85
2023-01-04 14:10:00,1502.5,ac,0,1.89,1343.41,4.68,7.33,145.19
2023-01-04 14:11:00,1559.27,ac,0,3.03,1390.86,3.53,6.93,154.93
2023-01-04 14:12:00,1589.35,ac,0,6.43,1411.88,10.62,7.15,153.27
2023-01-04 14:13:00,1150.92,ac,0,4.01,956.73,7.48,5.09,177.61
2023-01-04 14:14:00,1228.14,ac,0,7.35,1065.1,6.23,2.34,147.12
2023-01-04 14:15:00,1256.28,ac,0,6.09,1101.36,6.4,3.5,138.94
2023-01-04 14:16:00,1425.81,ac,0,3.05,1268.37,2.66,4.44,147.3
2023-01-04 14:17:00,1392.03,ac,0,6.06,1250.36,0.97,6.83,127.82
2023-01-04 14:18:00,1241.71,ac,0,5.87,1086.3,3.87,4.21,141.45
2023-01-04 14:19:00,1241.51,ac,0,4.61,1080.14,7.68,7.15,141.94
2023-01-04 14:20:00,1694.05,ac,0,5.82,1532.06,6.73,3.89,145.56
2023-01-04 14:21:00,1417.75,ac,0,6.63,1276.02,4.78,6.09,124.23
2023-01-04 14:22:00,1410.22,ac,0,4.91,1255.72,2.73,6.44,140.41
2023-01-04 14:23:00,1364.03,ac,0,3.24,1223.67,0.26,4.57,132.29
2023-01-04 14:24:00,1437.19,ac,0,6.79,1237.24,3.0,3.97,186.19
2023-01-04 14:25:00,1230.49,ac,0,3.88,1081.29,8.31,6.74,130.28
2023-01-04 14:26:00,1585.64,ac,0,4.45,1430.64,6.12,3.05,141.38
2023-01-04 14:27:00,1451.25,ac,0,6.5,1286.98,3.92,6.04,147.81
2023-01-04 14:28:00,1188.0,ac,0,0.0,1051.38,6.31,5.67,124.64
2023-01-04 14:29:00,1726.66,ac,0,2.91,1597.51,6.31,4.91,115.01
2023-01-04 14:30:00,1349.17,ac,0,6.67,1187.06,4.83,5.38,145.23
2023-01-04 14:31:00,1403.19,ac,0,3.82,1212.08,7.12,5.14,175.02
2023-01-04 14:32:00,1428.34,ac,0,4.32,1265.14,6.62,6.45,145.81
2023-01-04 14:33:00,1448.27,ac,0,6.31,1273.08,3.41,0.99,164.49
2023-01-04 14:34:00,793.74,ac,0,5.42,625.37,5.52,3.92,153.51
2023-01-04 14:35:00,1372.93,ac,0,5.1,1197.45,4.14,8.41,157.83
2023-01-04 14:36:00,1152.08,ac,0,5.06,996.21,5.33,3.85,141.63
2023-01-04 14:37:00,1491.75,ac,0,6.0,1325.66,3.73,6.4,149.95
2023-01-04 14:38:00,1218.17,ac,0,3.4,1097.82,0.98,3.33,112.64
2023-01-04 14:39:00,1315.12,ac,0,5.02,1141.61,3.43,7.22,157.84
2023-01-04 14:40:00,1422.58,ac,0,4.47,1274.69,6.25,8.29,128.87
2023-01-04 14:41:00,1534.72,ac,0,6.47,1348.25,4.14,6.06,169.8
2023-01-04 14:42:00,1195.45,ac,0,1.89,1058.19,6.28,3.55,125.54
2023-01-04 14:43:00,1047.29,ac,0,1.26,905.87,3.8,3.78,132.58
2023-01-04 14:44:00,1308.14,ac,0,5.43,1131.39,3.16,6.57,161.6
2023-01-04 14:45:00,1242.88,ac,0,7.52,1092.85,4.45,6.21,131.84
2023-01-04 14:46:00,1486.31,ac,0,6.99,1311.6,9.68,6.03,152.0
2023-01-04 14:47:00,1565.28,ac,0,6.95,1390.85,5.68,3.42,158.37
2023-01-04 14:48:00,1332.62,ac,0,5.62,1163.11,3.19,6.54,154.16
2023-01-04 14:49:00,1621.62,ac,0,3.16,1494.5,4.97,5.15,113.84
2023-01-04 14:50:00,1474.6,ac,0,3.14,1299.87,4.81,5.17,161.62
2023-01-04 14:51:00,1387.59,ac,0,6.0,1212.91,6.23,7.09,155.35
2023-01-04 14:52:00,1199.18,ac,0,1.89,1029.59,6.83,3.45,157.42
2023-01-04 14:53:00,1090.31,ac,0,6.43,931.31,5.27,3.92,143.37
2023-01-04 14:54:00,1076.64,ac,0,4.34,900.87,5.76,8.2,157.46
2023-01-04 14:55:00,1212.82,ac,0,4.59,1063.15,3.44,7.2,134.43
2023-01-04 14:56:00,1158.65,ac,0,6.1,1012.84,5.13,4.28,130.31
2023-01-04 14:57:00,1400.34,ac,0,6.86,1233.33,1.57,5.41,153.17
2023-01-04 14:58:00,1200.78,ac,0,5.23,1048.5,5.25,4.07,137.73
2023-01-04 14:59:00,1383.66,ac,0,4.56,1215.65,4.85,3.31,155.3
2023-01-04 15:00:00,1207.7,ac,0,4.3,1063.7,3.31,5.05,131.34
2023-01-04 15:01:00,1309.83,ac,0,3.49,1149.91,3.84,2.61,149.99
2023-01-04 15:02:00,1610.96,ac,0,5.04,1442.34,7.49,4.29,151.81
2023-01-04 15:03:00,1028.88,ac,0,5.83,831.15,8.73,8.93,174.24
2023-01-04 15:04:00,1479.65,ac,0,7.88,1281.27,4.24,5.37,180.88
2023-01-04 15:05:00,1594.87,ac,0,3.55,1442.17,10.59,3.18,135.38
2023-01-04 15:06:00,1319.69,ac,0,4.16,1169.07,4.05,4.87,137.54
2023-01-04 15:07:00,1365.27,ac,0,3.64,1204.86,4.4,4.53,147.84
2023-01-04 15:08:00,1172.38,ac,0,2.76,1019.24,5.21,3.89,141.28
2023-01-04 15:09:00,1299.4,ac,0,4.21,1150.72,1.6,5.13,137.75
2023-01-04 15:10:00,1365.45,ac,0,4.64,1245.33,1.55,3.04,110.88
2023-01-04 15:11:00,1376.19,ac,0,6.24,1201.12,0.21,4.28,164.34
2023-01-04 15:12:00,1178.54,ac,0,3.23,1041.98,6.37,3.54,123.42
2023-01-04 15:13:00,1271.91,ac,0,6.73,1111.75,5.25,3.32,144.87
2023-01-04 15:14:00,1388.38,ac,0,5.29,1187.72,4.36,6.33,184.68
2023-01-04 15:15:00,1400.41,ac,0,7.57,1244.09,4.74,4.93,139.08
2023-01-04 15:16:00,1355.26,ac,0,5.04,1235.69,6.08,4.01,104.44
2023-01-04 15:17:00,1335.52,ac,0,4.79,1200.31,3.77,3.72,122.94
2023-01-04 15:18:00,1428.59,ac,0,5.72,1279.03,7.02,4.52,132.3
2023-01-04 15:19:00,1593.01,ac,0,6.54,1396.16,5.01,4.22,181.08
2023-01-04 15:20:00,1271.51,ac,0,6.67,1132.7,6.37,3.37,122.41
2023-01-04 15:21:00,1437.6,ac,0,5.68,1274.72,9.19,8.67,139.35
2023-01-04 15:22:00,1211.94,ac,0,4.96,1062.58,3.69,5.91,134.8
2023-01-04 15:23:00,1316.75,ac,0,4.65,1164.65,5.02,1.54,140.89
2023-01-04 15:24:00,1651.02,ac,0,3.1,1476.64,5.43,5.96,159.89
2023-01-04 15:25:00,1688.71,ac,0,4.72,1498.69,4.68,4.09,176.53
2023-01-04 15:26:00,1275.85,ac,0,7.28,1126.52,1.72,6.35,133.98
2023-01-04 15:27:00,1437.79,ac,0,3.26,1266.03,2.05,3.65,162.82
2023-01-04 15:28:00,1478.03,ac,0,5.71,1306.6,7.19,2.46,156.08
2023-01-04 15:29:00,1494.52,ac,0,7.06,1343.61,6.28,3.07,134.49
2023-01-04 15:30:00,1329.42,ac,0,3.76,1176.08,5.31,3.0,141.27
2023-01-04 15:31:00,1302.83,ac,0,6.13,1089.34,8.06,4.17,195.14
2023-01-04 15:32:00,1311.05,ac,0,0.98,1155.31,7.46,1.56,145.74
2023-01-04 15:33:00,1585.07,ac,0,4.84,1425.97,5.35,2.34,146.57
2023-01-04 15:34:00,1409.67,ac,0,5.1,1239.13,4.86,7.35,153.24
2023-01-04 15:35:00,1320.69,ac,0,0.92,1129.93,6.23,7.72,175.89
2023-01-04 15:36:00,1364.13,ac,0,5.05,1211.3,5.69,2.15,139.93
2023-01-04 15:37:00,4581.69,ac,1,3.87,4424.87,5.56,4.54,142.86
2023-01-04 15:38:00,1397.38,ac,0,5.66,1259.19,2.87,5.12,124.55
2023-01-04 15:39:00,1431.54,ac,0,7.95,1250.13,10.38,7.4,155.67
2023-01-04 15:40:00,1341.13,ac,0,6.45,1170.0,5.64,2.62,156.41
2023-01-04 15:41:00,1409.34,ac,0,6.56,1249.24,3.94,4.5,145.08
2023-01-04 15:42:00,1467.12,ac,0,4.68,1295.67,2.42,0.0,164.36
2023-01-04 15:43:00,1200.26,ac,0,1.7,1037.52,9.59,6.86,144.6
2023-01-04 15:44:00,1392.67,ac,0,4.56,1190.12,3.75,3.18,191.07
2023-01-04 15:45:00,1450.65,ac,0,3.04,1279.73,5.71,5.74,156.43
2023-01-04 15:46:00,1604.21,ac,0,5.39,1439.86,1.95,4.93,152.08
2023-01-04 15:47:00,1454.14,ac,0,4.06,1298.45,6.26,4.98,140.4
2023-01-04 15:48:00,1515.19,ac,0,7.27,1367.87,8.16,8.23,123.66
2023-01-04 15:49:00,1446.17,ac,0,4.2,1272.92,1.82,5.46,161.77
2023-01-04 15:50:00,1721.35,ac,0,2.79,1533.08,2.6,2.58,180.29
2023-01-04 15:51:00,1346.38,ac,0,4.32,1165.14,6.11,7.52,163.28
2023-01-04 15:52:00,1598.47,ac,0,4.53,1424.82,4.05,4.39,160.68
2023-01-04 15:53:00,1472.36,ac,0,6.84,1308.17,5.01,7.2,145.14
2023-01-04 15:54:00,1282.44,ac,0,5.63,1133.74,5.64,4.46,132.96
2023-01-04 15:55:00,1464.94,ac,0,6.96,1296.2,3.86,5.62,152.3
2023-01-04 15:56:00,1005.31,ac,0,7.01,826.95,6.39,2.24,162.72
2023-01-04 15:57:00,1427.82,ac,0,7.1,1247.5,7.56,3.5,162.15
2023-01-04 15:58:00,1424.8,ac,0,6.49,1262.82,2.48,7.82,145.19
2023-01-04 15:59:00,1349.45,ac,0,7.18,1181.35,9.35,6.67,144.91
2023-01-04 16:00:00,1165.36,ac,0,2.42,1045.54,3.28,2.98,111.14
2023-01-04 16:01:00,1359.27,ac,0,4.39,1206.26,6.78,7.4,134.45
2023-01-04 16:02:00,1302.68,ac,0,4.8,1140.75,4.81,5.47,146.85
2023-01-04 16:03:00,1420.15,ac,0,3.1,1250.48,5.07,2.22,159.27
2023-01-04 16:04:00,1431.73,ac,0,3.59,1248.78,5.33,6.38,167.65
2023-01-04 16:05:00,1404.33,ac,0,5.24,1228.9,5.06,5.64,159.49
2023-01-04 16:06:00,1643.65,ac,0,5.33,1489.5,6.82,5.0,137.01
2023-01-04 16:07:00,1201.95,ac,0,5.14,1019.46,3.01,3.22,171.12
2023-01-04 16:08:00,1559.11,ac,0,2.96,1436.24,6.14,3.27,110.51
2023-01-04 16:09:00,1381.46,ac,0,6.0,1192.08,4.67,2.81,175.89
2023-01-04 16:10:00,1381.46,ac,0,5.47,1187.77,9.16,2.29,176.77
2023-01-04 16:11:00,1294.2,ac,0,2.86,1151.05,3.73,4.32,132.24
2023-01-04 16:12:00,1399.05,ac,0,5.17,1242.2,5.88,4.33,141.46
2023-01-04 16:13:00,1325.72,ac,0,4.73,1141.44,1.3,8.19,170.07
2023-01-04 16:14:00,1406.61,ac,0,8.44,1235.08,7.86,5.0,150.23
2023-01-04 16:15:00,1367.7,ac,0,5.16,1234.0,7.66,5.41,115.47
2023-01-04 16:16:00,1507.6,ac,0,5.57,1333.26,6.38,2.29,160.1
2023-01-04 16:17:00,1380.13,ac,0,2.27,1246.86,5.43,10.57,115.0
2023-01-04 16:18:00,1346.79,ac,0,4.23,1174.92,6.63,5.9,155.11
2023-01-04 16:19:00,1271.7,ac,0,4.89,1113.85,7.23,6.15,139.58
2023-01-04 16:20:00,1355.27,ac,0,4.25,1170.87,4.74,6.6,168.8
2023-01-04 16:21:00,1251.2,ac,0,2.32,1101.23,4.71,7.43,135.51
2023-01-04 16:22:00,1109.68,ac,0,8.02,932.74,4.21,2.52,162.19
2023-01-04 16:23:00,1271.22,ac,0,6.47,1125.88,4.45,5.01,129.41
2023-01-04 16:24:00,1156.39,ac,0,5.39,983.05,5.77,2.67,159.51
2023-01-04 16:25:00,1174.33,ac,0,5.6,1009.38,5.31,6.51,147.53
2023-01-04 16:26:00,1410.27,ac,0,6.04,1256.6,3.5,7.04,137.09
2023-01-04 16:27:00,1184.41,ac,0,2.5,1010.87,4.64,3.4,163.0
2023-01-04 16:28:00,1136.05,ac,0,8.5,965.21,4.98,7.1,150.25
2023-01-04 16:29:00,1193.49,ac,0,4.46,1010.55,0.63,2.76,175.1
2023-01-04 16:30:00,1207.36,ac,0,5.38,1039.36,7.07,1.05,154.51
2023-01-04 16:31:00,1326.64,ac,0,6.02,1173.57,4.49,5.11,137.44
2023-01-04 16:32:00,1563.62,ac,0,5.55,1409.4,6.83,5.57,136.27
2023-01-04 16:33:00,1416.05,ac,0,6.19,1270.92,1.92,2.72,134.3
2023-01-04 16:34:00,1189.7,ac,0,5.4,1002.96,3.96,4.0,173.38
2023-01-04 16:35:00,1393.67,ac,0,5.31,1258.08,2.93,5.63,121.73
2023-01-04 16:36:00,1002.51,ac,0,6.41,848.14,6.1,7.2,134.67
2023-01-04 16:37:00,1339.25,ac,0,2.49,1167.61,4.45,5.56,159.13
2023-01-04 16:38:00,1282.72,ac,0,2.1,1115.89,8.76,1.81,154.16
2023-01-04 16:39:00,1429.73,ac,0,4.78,1306.82,7.03,2.22,108.89
2023-01-04 16:40:00,1193.9,ac,0,5.23,1037.3,5.37,3.96,142.03
2023-01-04 16:41:00,1304.55,ac,0,5.8,1124.04,5.68,4.25,164.78
2023-01-04 16:42:00,1465.42,ac,0,2.32,1332.12,2.56,7.01,121.41
2023-01-04 16:43:00,1229.3,ac,0,5.2,1044.43,4.25,6.21,169.21
2023-01-04 16:44:00,1377.22,ac,0,5.84,1193.29,6.29,0.58,171.23
2023-01-04 16:45:00,1285.7,ac,0,7.1,1094.36,1.55,0.67,182.02
2023-01-04 16:46:00,1445.06,ac,0,4.49,1261.63,5.07,6.34,167.52
2023-01-04 16:47:00,1260.38,ac,0,11.25,1093.81,0.95,6.11,148.25
2023-01-04 16:48:00,1328.51,ac,0,4.26,1172.15,4.73,6.26,141.11
2023-01-04 16:49:00,934.75,ac,0,6.55,795.41,4.1,0.42,128.27
2023-01-04 16:50:00,1328.1,ac,0,5.26,1114.75,5.79,6.44,195.86
2023-01-04 16:51:00,1384.03,ac,0,9.57,1188.53,7.27,4.4,174.26
2023-01-04 16:52:00,1424.65,ac,0,4.62,1265.57,4.68,5.42,144.36
2023-01-04 16:53:00,1118.46,ac,0,4.4,961.94,3.97,4.62,143.53
2023-01-04 16:54:00,1385.72,ac,0,2.44,1244.62,4.29,2.04,132.33
2023-01-04 16:55:00,1329.13,ac,0,4.4,1150.78,5.83,2.91,165.22
2023-01-04 16:56:00,1324.68,ac,0,3.02,1127.33,5.94,6.97,181.42
2023-01-04 16:57:00,1439.68,ac,0,6.07,1274.31,6.67,1.77,150.86
2023-01-04 16:58:00,1240.05,ac,0,4.94,1074.88,5.94,2.89,151.39
2023-01-04 16:59:00,1628.66,ac,0,2.43,1489.54,5.42,5.44,125.83
2023-01-04 17:00:00,1615.46,ac,0,5.55,1280.57,6.57,192.67,130.1
2023-01-04 17:01:00,1740.87,ac,0,4.97,1371.39,4.98,171.75,187.78
2023-01-04 17:02:00,1555.88,ac,0,7.54,1242.7,5.61,192.34,107.69
2023-01-04 17:03:00,1818.51,ac,0,3.43,1485.56,1.07,156.22,172.24
2023-01-04 17:04:00,1706.89,ac,0,3.44,1366.23,5.82,193.93,137.47
2023-01-04 17:05:00,1775.01,ac,0,5.48,1378.05,5.47,231.78,154.23
2023-01-04 17:06:00,1717.53,ac,0,6.98,1385.22,5.12,216.6,103.61
2023-01-04 17:07:00,1608.8,ac,0,1.19,1174.71,5.64,259.32,167.93
2023-01-04 17:08:00,1379.96,ac,0,6.04,1014.56,3.29,215.75,140.32
2023-01-04 17:09:00,1618.36,ac,0,4.38,1227.09,7.37,221.79,157.74
2023-01-04 17:10:00,1530.01,ac,0,5.45,1127.59,3.23,262.58,131.17
2023-01-04 17:11:00,1500.35,ac,0,4.1,1115.11,5.93,214.21,160.98
2023-01-04 17:12:00,1726.01,ac,0,6.17,1207.45,3.82,310.13,198.43
2023-01-04 17:13:00,1568.06,ac,0,4.96,1192.24,5.73,246.39,118.74
2023-01-04 17:14:00,1728.2,ac,0,2.69,1387.4,3.57,190.99,143.55
2023-01-04 17:15:00,1516.67,ac,0,7.18,1101.14,9.04,235.71,163.59
2023-01-04 17:16:00,1564.5,ac,0,3.3,1125.23,6.22,281.8,147.96
2023-01-04 17:17:00,1661.36,ac,0,4.59,1263.91,3.99,207.64,181.24
2023-01-04 17:18:00,1390.43,ac,0,4.4,962.49,7.39,287.08,129.07
2023-01-04 17:19:00,1518.6,ac,0,3.7,1165.05,8.59,162.96,178.3
2023-01-04 17:20:00,1430.96,ac,0,4.58,1112.69,4.99,158.34,150.36
2023-01-04 17:21:00,1569.34,ac,0,6.29,1197.41,5.41,209.84,150.4
2023-01-04 17:22:00,1532.74,ac,0,4.72,1185.07,0.8,209.29,132.86
2023-01-04 17:23:00,1900.01,ac,0,6.06,1580.85,4.2,168.38,140.53
2023-01-04 17:24:00,1509.61,ac,0,3.19,1223.07,5.71,178.75,98.89
2023-01-04 17:25:00,1443.3,ac,0,4.7,1056.17,6.11,201.49,174.82
2023-01-04 17:26:00,1247.25,ac,0,5.52,922.3,5.37,180.56,133.5
2023-01-04 17:27:00,1589.57,ac,0,1.34,1211.83,3.03,234.0,139.37
2023-01-04 17:28:00,1783.25,ac,0,7.97,1394.33,0.81,205.46,174.69
2023-01-04 17:29:00,1525.69,ac,0,4.74,1144.24,5.72,217.78,153.2
2023-01-04 17:30:00,1460.3,ac,0,2.26,1045.32,6.76,233.92,172.03
2023-01-04 17:31:00,1498.19,ac,0,7.18,1113.72,2.28,205.01,169.99
2023-01-04 17:32:00,1537.03,ac,0,6.42,1108.58,3.84,260.25,157.94
2023-01-04 17:33:00,1541.37,ac,0,4.34,1227.53,1.74,164.8,142.96
2023-01-04 17:34:00,1480.7,ac,0,6.37,1142.96,7.76,152.67,170.94
2023-01-04 17:35:00,1634.94,ac,0,6.27,1248.83,4.26,198.61,176.97
2023-01-04 17:36:00,1627.42,ac,0,7.27,1248.98,5.48,218.37,147.32
2023-01-04 17:37:00,1637.94,ac,0,4.29,1171.33,1.17,270.26,190.9
2023-01-04 17:38:00,1657.43,ac,0,6.48,1277.87,6.4,195.94,170.73
2023-01-04 17:39:00,1496.11,ac,0,6.01,1180.41,3.69,185.56,120.44
2023-01-04 17:40:00,1448.79,ac,0,4.24,1099.48,8.17,179.99,156.91
2023-01-04 17:41:00,1384.57,ac,0,5.02,1015.53,7.8,212.64,143.57
2023-01-04 17:42:00,1660.12,ac,0,7.86,1292.38,5.25,191.23,163.4
2023-01-04 17:43:00,1550.7,ac,0,1.81,1162.59,5.78,219.79,160.73
2023-01-04 17:44:00,1676.34,ac,0,5.98,1313.91,4.66,199.48,152.31
2023-01-04 17:45:00,1649.92,ac,0,4.31,1308.68,4.16,155.5,177.27
2023-01-04 17:46:00,1589.6,ac,0,7.95,1212.94,6.21,186.98,175.52
2023-01-04 17:47:00,1456.78,ac,0,2.57,1086.5,4.12,165.32,198.27
2023-01-04 17:48:00,1710.54,ac,0,6.01,1359.56,3.67,183.95,157.36
2023-01-04 17:49:00,2048.13,ac,0,3.39,1673.54,6.22,208.15,156.83
2023-01-04 17:50:00,1417.19,ac,0,5.14,1076.17,1.67,195.06,139.14
2023-01-04 17:51:00,1377.3,ac,0,4.97,1007.22,5.12,223.2,136.78
2023-01-04 17:52:00,1597.74,ac,0,4.36,1324.29,4.81,107.9,156.38
2023-01-04 17:53:00,1167.54,ac,0,4.7,821.31,6.59,172.47,162.47
2023-01-04 17:54:00,1560.88,ac,0,6.34,1183.8,4.05,201.93,164.76
2023-01-04 17:55:00,1479.45,ac,0,3.62,1124.97,6.84,184.95,159.08
2023-01-04 17:56:00,1746.23,ac,0,7.59,1329.34,7.14,223.25,178.91
2023-01-04 17:57:00,1617.46,ac,0,5.04,1187.21,6.41,248.7,170.1
2023-01-04 17:58:00,1251.96,ac,0,4.1,952.74,4.23,123.24,167.65
2023-01-04 17:59:00,1856.65,ac,0,7.34,1449.18,6.22,256.97,136.95
2023-01-04 18:00:00,1447.8,ac,0,9.28,1102.86,6.0,193.24,136.42
2023-01-04 18:01:00,1667.35,ac,0,4.2,1287.62,7.19,210.25,158.1
2023-01-04 18:02:00,1755.87,ac,0,7.88,1306.46,5.22,274.34,161.96
2023-01-04 18:03:00,1485.32,ac,0,1.93,1217.03,6.81,107.32,152.23
2023-01-04 18:04:00,1497.13,ac,0,4.67,1112.87,5.43,231.57,142.58
2023-01-04 18:05:00,1417.39,ac,0,2.12,1036.08,5.13,205.3,168.76
2023-01-04 18:06:00,1580.87,ac,0,3.17,1196.85,3.29,200.2,177.34
2023-01-04 18:07:00,1423.05,ac,0,2.8,1092.98,7.42,207.68,112.16
2023-01-04 18:08:00,1377.91,ac,0,4.82,1005.71,8.54,209.07,149.77
2023-01-04 18:09:00,1308.14,ac,0,8.02,1032.35,6.03,117.79,143.95
2023-01-04 18:10:00,1657.65,ac,0,10.68,1223.33,7.75,237.88,178.01
2023-01-04 18:11:00,1703.07,ac,0,5.3,1315.2,6.91,235.96,139.71
2023-01-04 18:12:00,1366.87,ac,0,2.53,1043.19,4.95,166.34,149.86
2023-01-04 18:13:00,1705.13,ac,0,5.53,1277.79,7.32,257.15,157.35
2023-01-04 18:14:00,1562.4,ac,0,2.85,1224.59,7.48,174.55,152.93
2023-01-04 18:15:00,1613.7,ac,0,5.73,1294.7,3.71,167.33,142.22
2023-01-04 18:16:00,1633.53,ac,0,3.85,1259.16,3.52,197.2,169.8
2023-01-04 18:17:00,1608.54,ac,0,6.16,1257.8,0.0,229.38,115.19
2023-01-04 18:18:00,1518.44,ac,0,6.22,1137.05,5.27,190.1,179.81
2023-01-04 18:19:00,1809.68,ac,0,3.74,1456.91,7.66,188.65,152.72
2023-01-04 18:20:00,1491.04,ac,0,7.83,1147.85,4.05,190.65,140.66
2023-01-04 18:21:00,1679.52,ac,0,4.02,1297.34,7.76,222.94,147.46
2023-01-04 18:22:00,1826.8,ac,0,1.54,1408.82,7.24,255.94,153.27
2023-01-04 18:23:00,1636.55,ac,0,5.43,1219.33,5.03,266.73,140.03
2023-01-04 18:24:00,1474.22,ac,0,2.95,1154.34,4.41,164.87,147.65
2023-01-04 18:25:00,1467.97,ac,0,4.38,1104.57,4.97,245.4,108.65
2023-01-04 18:26:00,1390.9,ac,0,1.62,1066.17,6.57,171.14,145.39
2023-01-04 18:27:00,1682.58,ac,0,9.41,1274.71,5.3,221.96,171.2
2023-01-04 18:28:00,1476.49,ac,0,2.22,1123.77,10.08,191.22,149.2
2023-01-04 18:29:00,1450.94,ac,0,2.28,1027.13,5.77,263.53,152.23
2023-01-04 18:30:00,1454.11,ac,0,6.25,1126.9,7.04,186.16,127.76
2023-01-04 18:31:00,1797.13,ac,0,5.93,1335.52,3.31,300.38,151.98
2023-01-04 18:32:00,1821.82,ac,0,1.74,1481.56,4.02,178.35,156.15
2023-01-04 18:33:00,1602.94,ac,0,3.89,1205.96,4.51,241.9,146.68
2023-01-04 18:34:00,1595.05,ac,0,4.02,1241.55,3.63,200.31,145.54
2023-01-04 18:35:00,1559.83,ac,0,6.35,1205.88,6.65,185.56,155.39
2023-01-04 18:36:00,1500.49,ac,0,6.54,1137.87,5.49,204.82,145.76
2023-01-04 18:37:00,1695.17,ac,0,6.51,1309.68,4.07,185.18,189.73
2023-01-04 18:38:00,1376.29,ac,0,3.19,977.64,7.8,235.63,152.03
2023-01-04 18:39:00,1270.18,ac,0,6.19,975.76,5.41,146.67,136.15
2023-01-04 18:40:00,1540.39,ac,0,3.92,1189.3,4.35,202.2,140.63
2023-01-04 18:41:00,1708.66,ac,0,7.82,1286.64,5.39,262.75,146.06
2023-01-04 18:42:00,1575.42,ac,0,3.53,1199.28,6.57,255.7,110.33
2023-01-04 18:43:00,1494.34,ac,0,3.12,1122.43,4.37,217.77,146.64
2023-01-04 18:44:00,1597.37,ac,0,4.77,1150.41,6.51,262.12,173.57
2023-01-04 18:45:00,1595.28,ac,0,6.75,1245.97,8.85,179.58,154.12
2023-01-04 18:46:00,1714.6,ac,0,4.04,1315.6,4.53,233.88,156.55
2023-01-04 18:47:00,1616.93,ac,0,5.54,1240.13,2.86,213.39,155.0
2023-01-04 18:48:00,1137.79,ac,0,4.08,755.91,6.63,210.9,160.26
2023-01-04 18:49:00,1539.72,ac,0,4.59,1197.07,6.72,170.37,160.97
2023-01-04 18:50:00,1394.98,ac,1,0.62,1070.74,18.88,178.1,126.64
2023-01-04 18:51:00,1550.63,ac,0,4.41,1175.01,9.07,241.23,120.92
2023-01-04 18:52:00,1613.77,ac,0,5.4,1322.89,5.23,160.57,119.68
2023-01-04 18:53:00,1300.59,ac,0,8.12,965.48,4.15,193.86,128.98
2023-01-04 18:54:00,1522.01,ac,0,5.28,1147.28,6.04,219.07,144.34
2023-01-04 18:55:00,1366.9,ac,0,4.39,1045.06,4.24,149.09,164.13
2023-01-04 18:56:00,1338.43,ac,0,0.75,1022.47,3.59,163.36,148.26
2023-01-04 18:57:00,1407.13,ac,0,6.79,993.22,8.54,214.86,183.72
2023-01-04 18:58:00,1327.64,ac,0,3.92,1063.26,2.89,128.65,128.92
2023-01-04 18:59:00,1804.6,ac,0,4.24,1412.16,3.67,219.0,165.53
2023-01-04 19:00:00,1499.85,ac,0,3.08,1158.49,3.55,207.31,127.43
2023-01-04 19:01:00,1550.88,ac,0,8.08,1181.37,4.28,162.5,194.65
2023-01-04 19:02:00,1701.29,ac,0,5.82,1319.6,6.19,230.67,139.01
2023-01-04 19:03:00,1711.3,ac,0,7.82,1378.33,2.05,144.52,178.58
2023-01-04 19:04:00,1632.36,ac,0,1.13,1292.33,5.37,214.7,118.83
2023-01-04 19:05:00,1755.89,ac,0,8.45,1378.98,5.82,212.34,150.3
2023-01-04 19:06:00,1568.89,ac,0,6.09,1191.11,7.33,196.72,167.64
2023-01-04 19:07:00,1445.58,ac,0,2.73,1192.32,2.11,103.6,144.82
2023-01-04 19:08:00,1482.52,ac,0,3.9,1102.32,2.95,228.62,144.74
2023-01-04 19:09:00,1239.41,ac,0,4.38,963.26,3.51,110.89,157.36
2023-01-04 19:10:00,1277.55,ac,0,8.41,932.23,6.22,160.75,169.93
2023-01-04 19:11:00,1646.29,ac,0,4.57,1206.83,7.63,261.64,165.62
2023-01-04 19:12:00,1455.26,ac,0,3.2,1084.78,4.47,212.21,150.6
2023-01-04 19:13:00,1591.31,ac,0,5.11,1239.02,3.92,207.33,135.94
2023-01-04 19:14:00,1333.74,ac,0,7.46,982.68,7.99,207.07,128.54
2023-01-04 19:15:00,1572.33,ac,0,11.33,1278.3,8.25,167.93,106.51
2023-01-04 19:16:00,1541.97,ac,0,6.49,1159.67,4.1,237.51,134.21
2023-01-04 19:17:00,1719.77,ac,0,2.45,1361.31,6.88,216.65,132.48
2023-01-04 19:18:00,1451.7,ac,0,3.62,1085.87,6.61,193.6,162.0
2023-01-04 19:19:00,1509.01,ac,0,1.75,1119.7,8.65,209.44,169.47
2023-01-04 19:20:00,1566.44,ac,0,4.93,1172.49,6.52,229.68,152.82
2023-01-04 19:21:00,1682.72,ac,0,6.81,1262.88,5.34,245.72,161.97
2023-01-04 19:22:00,1662.71,ac,0,5.63,1260.51,8.1,231.67,156.8
2023-01-04 19:23:00,1482.69,ac,0,6.17,1082.7,5.21,212.24,176.37
2023-01-04 19:24:00,1685.15,ac,0,3.85,1415.96,6.22,135.39,123.73
2023-01-04 19:25:00,1318.2,ac,0,3.36,1025.88,5.49,138.1,145.36
2023-01-04 19:26:00,1716.39,ac,0,1.86,1380.03,3.98,219.97,110.55
2023-01-04 19:27:00,1419.28,ac,0,2.81,1038.76,4.61,238.17,134.94
2023-01-04 19:28:00,1401.61,ac,0,1.42,1034.66,10.74,207.98,146.81
2023-01-04 19:29:00,1683.68,ac,0,3.97,1321.9,1.55,206.74,149.52
2023-01-04 19:30:00,1643.4,ac,0,3.61,1246.4,5.92,220.03,167.43
2023-01-04 19:31:00,1623.64,ac,0,6.04,1216.43,6.6,216.49,178.08
2023-01-04 19:32:00,1571.17,ac,0,4.16,1227.86,6.93,170.38,161.84
2023-01-04 19:33:00,1256.34,ac,0,2.78,877.99,4.84,224.56,146.18
2023-01-04 19:34:00,1804.94,ac,0,5.84,1404.46,5.33,233.75,155.56
2023-01-04 19:35:00,1628.13,ac,0,6.91,1199.47,3.09,243.6,175.06
2023-01-04 19:36:00,1629.86,ac,0,4.18,1269.01,7.52,233.32,115.83
2023-01-04 19:37:00,1826.46,ac,0,3.1,1392.53,5.08,235.83,189.93
2023-01-04 19:38:00,1384.03,ac,0,2.42,1052.88,3.2,172.88,152.65
2023-01-04 19:39:00,1512.1,ac,0,2.58,1135.94,2.79,213.62,157.17
2023-01-04 19:40:00,1383.18,ac,0,7.28,994.52,8.75,219.18,153.43
2023-01-04 19:41:00,1877.55,ac,0,4.21,1486.84,3.4,248.81,134.29
2023-01-04 19:42:00,1588.69,ac,0,4.03,1187.58,6.75,216.3,174.04
2023-01-04 19:43:00,1504.35,ac,0,7.09,1113.88,1.72,216.37,165.29
2023-01-04 19:44:00,1429.57,ac,0,6.64,1136.64,2.16,182.55,101.59
2023-01-04 19:45:00,1474.33,ac,0,3.17,1174.5,4.66,144.46,147.54
2023-01-04 19:46:00,1674.59,ac,0,6.29,1305.81,3.69,230.32,128.48
2023-01-04 19:47:00,1328.58,ac,0,6.07,1017.31,5.76,160.54,138.91
2023-01-04 19:48:00,1684.76,ac,0,4.3,1316.22,3.83,218.49,141.93
2023-01-04 19:49:00,1477.67,ac,0,4.72,1136.74,4.33,204.79,127.08
2023-01-04 19:50:00,1736.51,ac,0,4.73,1353.26,4.91,248.36,125.26
2023-01-04 19:51:00,1375.83,ac,0,6.33,1037.66,6.5,197.96,127.37
2023-01-04 19:52:00,1639.75,ac,0,1.77,1363.28,4.5,157.64,112.55
2023-01-04 19:53:00,1469.55,ac,0,9.28,1076.03,1.22,210.73,172.31
2023-01-04 19:54:00,1360.43,ac,0,3.67,1006.36,7.23,199.13,144.04
2023-01-04 19:55:00,1583.52,ac,0,6.67,1162.69,6.86,240.03,167.26
2023-01-04 19:56:00,1522.87,ac,0,8.12,1170.44,8.02,222.14,114.15
2023-01-04 19:57:00,1293.78,ac,0,6.89,935.11,6.24,216.96,128.58
2023-01-04 19:58:00,1521.01,ac,0,2.85,1121.12,7.76,219.69,169.59
2023-01-04 19:59:00,1441.33,ac,0,6.85,1125.2,6.45,169.88,132.96
2023-01-04 20:00:00,1459.06,ac,0,7.47,1129.44,4.65,148.87,168.63
2023-01-04 20:01:00,1498.06,ac,0,4.94,1046.65,7.68,261.71,177.08
2023-01-04 20:02:00,1341.73,ac,0,4.17,977.81,3.44,243.47,112.85
2023-01-04 20:03:00,1350.22,ac,0,5.27,1030.17,4.68,200.96,109.14
2023-01-04 20:04:00,1684.1,ac,0,4.62,1370.02,1.68,171.89,135.89
2023-01-04 20:05:00,1697.13,ac,0,3.37,1359.48,4.84,174.53,154.89
2023-01-04 20:06:00,1779.51,ac,0,6.02,1441.93,1.58,183.81,146.17
2023-01-04 20:07:00,1766.05,ac,0,5.45,1354.75,2.61,246.59,156.65
2023-01-04 20:08:00,1394.38,ac,0,6.39,1021.7,7.44,223.86,135.0
2023-01-04 20:09:00,1486.03,ac,0,4.28,1122.36,3.31,250.61,105.47
2023-01-04 20:10:00,1466.19,ac,1,26.91,1099.18,8.58,183.72,147.81
2023-01-04 20:11:00,1929.11,ac,0,8.61,1573.99,0.0,191.45,155.06
2023-01-04 20:12:00,1597.59,ac,0,4.3,1217.22,6.26,172.41,197.4
2023-01-04 20:13:00,1642.59,ac,0,3.66,1350.89,4.48,121.95,161.61
2023-01-04 20:14:00,1071.68,ac,0,4.95,737.0,2.19,226.76,100.77
2023-01-04 20:15:00,1558.47,ac,0,4.98,1175.88,4.01,263.82,109.79
2023-01-04 20:16:00,1910.46,ac,0,2.89,1515.36,8.35,214.04,169.82
2023-01-04 20:17:00,1212.5,ac,0,0.0,943.24,10.34,142.33,116.59
2023-01-04 20:18:00,1648.85,ac,0,9.91,1326.01,3.86,165.15,143.92
2023-01-04 20:19:00,1461.46,ac,0,4.69,1084.38,2.35,221.23,148.81
2023-01-04 20:20:00,1579.68,ac,0,6.66,1285.31,4.32,168.18,115.22
2023-01-04 20:21:00,1417.31,ac,0,7.49,1088.1,3.19,186.49,132.03
2023-01-04 20:22:00,1561.35,ac,0,5.16,1219.62,2.55,170.96,163.06
2023-01-04 20:23:00,1606.56,ac,0,6.72,1230.12,7.58,195.62,166.52
2023-01-04 20:24:00,1574.77,ac,0,2.55,1168.07,6.92,244.93,152.29
2023-01-04 20:25:00,1301.67,ac,0,8.89,949.02,6.05,187.06,150.65
2023-01-04 20:26:00,1571.66,ac,0,6.05,1198.12,4.16,177.16,186.18
2023-01-04 20:27:00,1228.37,ac,0,6.46,859.65,3.49,208.52,150.26
2023-01-04 20:28:00,1569.01,ac,0,4.76,1247.86,6.37,205.03,105.0
2023-01-04 20:29:00,1479.82,ac,0,9.57,1099.59,5.45,215.77,149.44
2023-01-04 20:30:00,1432.93,ac,0,3.81,1097.2,5.25,153.86,172.82
2023-01-04 20:31:00,1750.54,ac,0,5.88,1398.74,7.09,203.38,135.44
2023-01-04 20:32:00,1519.58,ac,0,8.11,1134.6,2.59,219.7,154.58
2023-01-04 20:33:00,1611.78,ac,0,4.8,1276.13,7.39,185.19,138.27
2023-01-04 20:34:00,1325.31,ac,0,6.19,961.46,3.39,199.17,155.1
2023-01-04 20:35:00,1241.17,ac,0,3.2,985.36,3.76,137.05,111.8
2023-01-04 20:36:00,1518.28,ac,0,4.72,1110.47,6.06,251.28,145.76
2023-01-04 20:37:00,1466.65,ac,0,7.84,1129.77,4.01,183.91,141.11
2023-01-04 20:38:00,1384.23,ac,0,9.01,960.66,9.34,239.2,166.02
2023-01-04 20:39:00,1634.21,ac,0,5.89,1274.99,5.04,186.34,161.95
2023-01-04 20:40:00,1541.04,ac,0,4.57,1134.48,5.09,201.64,195.27
2023-01-04 20:41:00,1734.51,ac,0,4.23,1343.48,3.15,216.32,167.33
2023-01-04 20:42:00,1445.76,ac,0,4.71,1088.31,4.31,201.73,146.71
2023-01-04 20:43:00,1598.47,ac,0,7.4,1219.16,6.19,246.61,119.11
2023-01-04 20:44:00,1604.49,ac,0,8.45,1225.16,6.81,208.39,155.68
2023-01-04 20:45:00,1703.47,ac,0,5.23,1352.46,6.31,206.33,133.14
2023-01-04 20:46:00,1567.5,ac,0,4.08,1239.9,4.7,210.41,108.41
2023-01-04 20:47:00,1597.52,ac,0,1.61,1237.21,3.81,219.41,135.49
2023-01-04 20:48:00,1464.82,ac,0,4.04,1106.51,4.94,180.86,168.47
2023-01-04 20:49:00,1563.35,ac,0,6.5,1172.99,5.66,235.53,142.68
2023-01-04 20:50:00,1556.16,ac,0,7.19,1284.14,5.52,134.63,124.67
2023-01-04 20:51:00,1673.4,ac,0,2.99,1273.37,6.28,219.51,171.25
2023-01-04 20:52:00,1607.49,ac,0,2.27,1260.58,3.72,171.88,169.04
2023-01-04 20:53:00,1509.27,ac,0,0.98,1140.03,2.65,218.34,147.26
2023-01-04 20:54:00,1559.81,ac,0,6.15,1179.49,5.86,210.37,157.93
2023-01-04 20:55:00,1835.28,ac,0,2.4,1484.9,6.38,164.28,177.31
2023-01-04 20:56:00,1627.34,ac,0,3.78,1327.57,4.1,170.65,121.24
2023-01-04 20:57:00,1464.27,ac,0,5.63,1094.57,7.62,209.11,147.34
2023-01-04 20:58:00,1375.85,ac,0,3.79,1051.8,1.91,200.75,117.61
2023-01-04 20:59:00,1479.7,ac,0,3.99,1134.75,5.58,188.76,146.63
2023-01-04 21:00:00,1427.18,ac,0,4.3,1100.9,6.36,158.84,156.77
2023-01-04 21:01:00,1541.64,ac,0,4.06,1207.42,5.96,212.3,111.9
2023-01-04 21:02:00,1703.65,ac,0,5.82,1308.67,5.04,251.69,132.43
2023-01-04 21:03:00,1692.59,ac,0,4.41,1318.12,5.36,232.52,132.18
2023-01-04 21:04:00,1548.3,ac,0,5.78,1210.1,7.87,152.9,171.66
2023-01-04 21:05:00,1671.77,ac,0,2.37,1230.06,1.47,281.32,156.55
2023-01-04 21:06:00,1564.48,ac,0,4.94,1092.02,2.08,299.4,166.04
2023-01-04 21:07:00,1647.92,ac,0,6.38,1295.88,3.06,204.93,137.67
2023-01-04 21:08:00,1781.49,ac,0,7.99,1423.06,5.83,221.03,123.58
2023-01-04 21:09:00,1402.07,ac,0,4.06,1033.2,5.22,202.02,157.57
2023-01-04 21:10:00,1514.46,ac,0,4.46,1280.93,3.55,86.97,138.55
2023-01-04 21:11:00,1625.05,ac,0,0.52,1228.97,3.85,236.88,154.83
2023-01-04 21:12:00,1688.46,ac,0,3.78,1320.79,6.26,189.32,168.31
2023-01-04 21:13:00,1570.4,ac,0,6.87,1219.44,6.13,224.95,113.01
2023-01-04 21:14:00,1497.08,ac,0,5.67,1141.57,5.41,163.4,181.03
2023-01-04 21:15:00,1803.22,ac,0,7.06,1363.02,5.01,266.44,161.69
2023-01-04 21:16:00,1578.74,ac,0,2.45,1127.73,2.41,290.35,155.8
2023-01-04 21:17:00,1366.52,ac,0,5.67,1029.07,4.9,165.53,161.34
2023-01-04 21:18:00,1585.18,ac,0,3.13,1204.93,9.84,218.55,148.73
2023-01-04 21:19:00,1331.6,ac,0,5.7,965.71,2.52,187.14,170.53
2023-01-04 21:20:00,1623.97,ac,0,5.81,1221.9,4.96,221.38,169.91
2023-01-04 21:21:00,1683.17,ac,0,5.16,1260.19,3.6,265.57,148.65
2023-01-04 21:22:00,1346.96,ac,0,4.56,1039.51,5.79,139.97,157.14
2023-01-04 21:23:00,4734.45,ac,1,3.39,4380.67,5.53,188.06,156.8
2023-01-04 21:24:00,1638.0,ac,0,4.36,1199.96,4.45,234.06,195.16
2023-01-04 21:25:00,1438.97,ac,0,4.31,1068.7,6.6,220.07,139.27
2023-01-04 21:26:00,1615.34,ac,0,3.55,1268.4,6.89,181.99,154.5
2023-01-04 21:27:00,1603.09,ac,0,5.54,1236.58,5.31,210.42,145.24
2023-01-04 21:28:00,1335.75,ac,0,2.71,970.09,3.6,204.73,154.62
2023-01-04 21:29:00,1375.82,ac,0,6.6,1086.04,5.82,185.17,92.2
2023-01-04 21:30:00,1603.28,ac,0,4.88,1280.64,2.08,181.96,133.72
2023-01-04 21:31:00,1657.34,ac,0,6.98,1240.57,7.8,240.92,161.06
2023-01-04 21:32:00,1640.34,ac,0,1.49,1308.13,8.1,192.4,130.23
2023-01-04 21:33:00,1531.6,ac,0,7.78,1198.05,5.22,146.29,174.27
2023-01-04 21:34:00,1469.99,ac,0,6.82,1182.66,6.53,129.15,144.83
2023-01-04 21:35:00,1565.54,ac,0,7.17,1237.72,4.97,161.24,154.44
2023-01-04 21:36:00,1626.45,ac,0,3.88,1202.1,7.83,275.94,136.7
2023-01-04 21:37:00,1611.17,ac,0,9.21,1326.9,5.36,124.94,144.75
2023-01-04 21:38:00,1542.03,ac,0,0.58,1150.99,5.36,243.17,141.93
2023-01-04 21:39:00,1595.16,ac,0,2.46,1220.12,4.13,196.51,171.94
2023-01-04 21:40:00,1385.67,ac,0,4.84,1028.74,5.81,200.88,145.41
2023-01-04 21:41:00,1671.28,ac,0,6.46,1309.57,8.37,209.53,137.35
2023-01-04 21:42:00,1555.8,ac,0,2.0,1231.33,3.88,181.16,137.42
2023-01-04 21:43:00,1572.45,ac,0,1.02,1252.2,2.84,175.46,140.93
2023-01-04 21:44:00,1479.99,ac,0,10.34,1072.19,7.88,234.51,155.07
2023-01-04 21:45:00,1563.19,ac,0,5.69,1259.89,2.09,172.94,122.57
2023-01-04 21:46:00,1708.4,ac,0,7.27,1378.49,5.94,204.65,112.05
2023-01-04 21:47:00,1343.57,ac,0,2.01,948.67,0.42,227.69,164.77
2023-01-04 21:48:00,1414.16,ac,0,2.49,1054.29,4.35,201.23,151.8
2023-01-04 21:49:00,1561.15,ac,0,4.57,1161.29,3.19,229.68,162.42
2023-01-04 21:50:00,1710.77,ac,0,3.71,1360.42,1.43,187.48,157.73
2023-01-04 21:51:00,1565.05,ac,0,7.23,1215.76,6.9,190.46,144.69
2023-01-04 21:52:00,1778.75,ac,0,3.96,1406.64,4.67,224.54,138.94
2023-01-04 21:53:00,1856.04,ac,0,7.74,1438.2,4.28,269.37,136.45
2023-01-04 21:54:00,1746.47,ac,0,3.73,1359.95,8.67,243.44,130.67
2023-01-04 21:55:00,1602.92,ac,0,7.44,1293.01,6.43,144.16,151.88
2023-01-04 21:56:00,1547.22,ac,0,5.22,1248.08,8.91,134.98,150.02
2023-01-04 21:57:00,1375.33,ac,0,5.25,1085.84,7.46,143.48,133.29
2023-01-04 21:58:00,1752.0,ac,0,2.04,1344.81,4.51,234.33,166.31
2023-01-04 21:59:00,1787.31,ac,0,6.92,1375.63,6.63,240.51,157.62
2023-01-04 22:00:00,371.79,tv,0,4.13,4.61,4.34,200.36,158.35
2023-01-04 22:01:00,414.38,tv,0,5.83,3.65,7.28,219.17,178.45
2023-01-04 22:02:00,393.68,tv,0,5.34,4.57,4.46,249.78,129.52
2023-01-04 22:03:00,338.56,tv,0,4.86,3.72,6.04,187.5,136.44
2023-01-04 22:04:00,400.08,tv,0,5.79,5.08,5.67,206.97,176.58
2023-01-04 22:05:00,273.99,fridge,0,4.52,5.21,1.97,119.04,143.25
2023-01-04 22:06:00,361.56,tv,0,7.38,6.1,8.67,202.31,137.11
2023-01-04 22:07:00,387.27,tv,0,1.96,4.99,5.74,198.35,176.24
2023-01-04 22:08:00,337.01,tv,0,4.77,6.63,6.55,169.9,149.16
2023-01-04 22:09:00,427.05,tv,0,5.61,6.99,7.6,260.28,146.57
2023-01-04 22:10:00,328.49,fridge,0,6.48,0.64,6.19,151.26,163.91
2023-01-04 22:11:00,363.08,tv,0,3.3,5.21,8.42,186.78,159.39
2023-01-04 22:12:00,413.17,tv,0,3.65,5.92,4.09,269.15,130.36
2023-01-04 22:13:00,408.38,fridge,0,5.37,3.95,7.45,190.68,200.93
2023-01-04 22:14:00,305.46,fridge,0,4.17,1.13,6.82,141.69,151.64
2023-01-04 22:15:00,378.51,tv,0,7.93,3.38,8.44,200.72,158.03
2023-01-04 22:16:00,422.31,tv,0,4.66,2.64,1.53,227.45,186.04
2023-01-04 22:17:00,351.05,tv,0,7.54,6.0,3.7,208.87,124.94
2023-01-04 22:18:00,410.54,tv,0,7.38,7.62,3.86,220.21,171.47
2023-01-04 22:19:00,338.26,fridge,0,4.54,4.64,7.5,146.19,175.4
2023-01-04 22:20:00,300.12,tv,0,3.28,5.99,5.79,143.12,141.94
2023-01-04 22:21:00,409.09,tv,0,6.96,4.02,3.16,208.45,186.51
2023-01-04 22:22:00,414.77,tv,0,4.0,8.12,6.14,232.2,164.3
2023-01-04 22:23:00,370.19,tv,0,6.61,9.78,5.32,178.05,170.43
2023-01-04 22:24:00,392.66,tv,0,4.45,6.77,8.88,210.5,162.06
2023-01-04 22:25:00,362.17,tv,0,8.06,6.8,3.35,193.95,150.01
2023-01-04 22:26:00,325.62,tv,0,7.19,1.52,6.47,179.11,131.33
2023-01-04 22:27:00,406.24,tv,0,8.77,2.34,7.15,239.95,148.03
2023-01-04 22:28:00,395.12,tv,0,5.39,3.7,5.42,262.61,118.0
2023-01-04 22:29:00,364.89,tv,0,3.78,4.92,4.06,203.5,148.63
2023-01-04 22:30:00,406.82,tv,0,4.47,3.18,4.79,259.69,134.69
2023-01-04 22:31:00,361.87,tv,0,2.41,4.17,2.42,187.16,165.71
2023-01-04 22:32:00,366.49,tv,0,6.23,7.82,8.12,214.75,129.57
2023-01-04 22:33:00,322.8,tv,0,5.29,3.43,4.52,173.1,136.46
2023-01-04 22:34:00,385.06,tv,0,2.92,2.47,6.41,198.78,174.48
2023-01-04 22:35:00,371.85,tv,0,5.31,7.61,6.66,177.52,174.74
2023-01-04 22:36:00,394.62,tv,0,5.47,7.07,3.87,196.91,181.3
2023-01-04 22:37:00,292.22,tv,0,3.56,3.53,1.67,145.65,137.81
2023-01-04 22:38:00,362.69,tv,0,2.77,4.11,5.25,190.53,160.03
2023-01-04 22:39:00,331.03,fridge,0,7.03,5.14,1.9,152.76,164.19
2023-01-04 22:40:00,390.19,tv,0,5.32,2.93,6.28,227.7,147.96
2023-01-04 22:41:00,358.4,tv,0,7.08,7.21,4.85,181.47,157.79
2023-01-04 22:42:00,372.58,tv,0,4.86,5.39,5.43,204.65,152.25
2023-01-04 22:43:00,339.07,tv,0,6.03,5.18,4.46,172.46,150.94
2023-01-04 22:44:00,351.19,fridge,0,9.22,6.83,5.32,160.34,169.49
2023-01-04 22:45:00,318.03,tv,0,3.58,2.73,5.04,160.01,146.67
2023-01-04 22:46:00,372.19,tv,0,6.66,3.7,5.82,182.58,173.42
2023-01-04 22:47:00,318.73,tv,0,10.54,5.39,4.75,150.06,147.99
2023-01-04 22:48:00,400.35,tv,0,3.67,3.25,6.55,208.4,178.47
2023-01-04 22:49:00,398.83,tv,0,5.28,6.49,6.5,266.54,114.02
2023-01-04 22:50:00,406.63,tv,0,0.29,4.47,6.95,236.04,158.87
2023-01-04 22:51:00,350.56,tv,0,8.0,5.9,4.61,200.02,132.02
2023-01-04 22:52:00,331.42,tv,0,11.63,6.69,3.91,179.48,129.7
2023-01-04 22:53:00,384.68,tv,0,4.01,6.33,3.62,223.61,147.12
2023-01-04 22:54:00,389.04,tv,0,5.22,4.73,3.19,230.59,145.31
2023-01-04 22:55:00,381.31,tv,0,7.92,3.74,2.94,239.64,127.07
2023-01-04 22:56:00,432.09,tv,0,3.59,3.78,5.71,273.59,145.42
2023-01-04 22:57:00,383.26,tv,0,3.34,7.65,5.61,235.09,131.56
2023-01-04 22:58:00,413.78,tv,0,2.6,8.06,5.37,204.01,193.73
2023-01-04 22:59:00,306.7,tv,0,3.78,4.69,2.84,161.51,133.88
2023-01-04 23:00:00,142.68,fridge,0,3.36,4.55,3.87,7.56,123.35
2023-01-04 23:01:00,171.43,fridge,0,5.02,3.26,3.39,4.37,155.4
2023-01-04 23:02:00,134.45,fridge,0,6.91,5.7,4.59,3.53,113.72
2023-01-04 23:03:00,153.85,fridge,0,5.73,4.93,4.07,2.34,136.78
2023-01-04 23:04:00,155.89,fridge,0,3.68,3.88,3.75,2.22,142.36
2023-01-04 23:05:00,160.4,fridge,0,5.72,4.0,3.69,6.24,140.75
2023-01-04 23:06:00,164.59,fridge,0,1.87,1.75,2.85,6.38,151.74
2023-01-04 23:07:00,149.16,fridge,0,2.96,2.27,3.91,7.46,132.57
2023-01-04 23:08:00,151.66,fridge,0,5.14,4.51,4.06,3.38,134.58
2023-01-04 23:09:00,154.09,fridge,0,6.67,2.61,2.92,5.45,136.44
2023-01-04 23:10:00,175.98,fridge,0,3.44,6.28,5.21,4.98,156.08
2023-01-04 23:11:00,197.45,fridge,0,4.2,6.3,3.61,4.21,179.14
2023-01-04 23:12:00,187.48,fridge,0,4.4,6.81,6.64,4.53,165.1
2023-01-04 23:13:00,141.86,fridge,0,7.26,3.7,6.32,3.28,121.31
2023-01-04 23:14:00,158.39,fridge,0,5.25,4.3,6.92,6.63,135.29
2023-01-04 23:15:00,155.46,fridge,0,5.72,5.42,0.43,3.75,140.14
2023-01-04 23:16:00,148.21,fridge,0,3.52,2.89,4.98,2.99,133.82
2023-01-04 23:17:00,189.0,fridge,0,10.87,6.68,3.16,3.93,164.35
2023-01-04 23:18:00,182.35,fridge,0,7.94,6.05,4.61,1.68,162.08
2023-01-04 23:19:00,157.26,fridge,0,6.42,2.39,9.4,6.06,132.98
2023-01-04 23:20:00,141.73,fridge,0,7.16,3.73,6.35,3.8,120.7
2023-01-04 23:21:00,151.83,fridge,0,5.34,4.68,7.42,2.77,131.62
2023-01-04 23:22:00,148.42,fridge,0,8.17,6.05,4.61,3.82,125.76
2023-01-04 23:23:00,187.38,fridge,0,4.19,9.12,5.11,6.64,162.32
2023-01-04 23:24:00,142.69,fridge,0,5.47,1.49,4.76,2.59,128.38
2023-01-04 23:25:00,178.41,fridge,0,7.29,6.83,3.87,7.7,152.71
2023-01-04 23:26:00,173.67,fridge,0,4.56,4.05,3.97,5.93,155.16
2023-01-04 23:27:00,161.97,fridge,0,4.57,5.67,2.66,1.42,147.64
2023-01-04 23:28:00,153.06,fridge,0,3.66,5.36,7.15,3.43,133.45
2023-01-04 23:29:00,175.52,fridge,0,6.31,3.32,7.84,3.63,154.42
2023-01-04 23:30:00,158.52,fridge,0,1.1,6.31,1.89,4.35,144.87
2023-01-04 23:31:00,167.71,fridge,0,3.4,2.6,3.62,3.35,154.73
2023-01-04 23:32:00,190.91,fridge,0,4.58,4.44,5.22,7.15,169.52
2023-01-04 23:33:00,175.5,fridge,0,4.51,6.55,5.35,3.53,155.55
2023-01-04 23:34:00,193.93,fridge,0,5.98,2.97,2.99,6.21,175.79
2023-01-04 23:35:00,177.71,fridge,0,4.78,5.11,3.47,6.68,157.68
2023-01-04 23:36:00,141.72,fridge,0,4.67,6.92,2.65,5.01,122.47
2023-01-04 23:37:00,187.27,fridge,0,4.83,4.66,1.68,1.93,174.16
2023-01-04 23:38:00,155.18,fridge,0,8.52,0.0,8.75,3.07,134.83
2023-01-04 23:39:00,186.94,fridge,0,4.27,3.99,7.17,4.14,167.37
2023-01-04 23:40:00,144.83,fridge,0,1.36,4.3,4.58,2.83,131.76
2023-01-04 23:41:00,178.65,fridge,0,6.0,4.46,5.06,4.13,159.0
2023-01-04 23:42:00,178.8,fridge,0,2.85,3.95,0.0,7.01,164.99
2023-01-04 23:43:00,200.71,fridge,0,6.04,5.18,5.59,4.56,179.35
2023-01-04 23:44:00,175.16,fridge,0,4.68,6.29,4.97,5.89,153.34
2023-01-04 23:45:00,179.73,fridge,0,5.14,0.86,3.17,5.9,164.65
2023-01-04 23:46:00,148.39,fridge,0,5.3,4.18,1.94,4.12,132.84
2023-01-04 23:47:00,183.26,fridge,1,5.53,17.98,2.66,6.3,150.8
2023-01-04 23:48:00,183.28,fridge,0,7.23,6.4,8.31,3.99,157.35
2023-01-04 23:49:00,153.96,fridge,0,5.35,4.24,6.36,5.72,132.29
2023-01-04 23:50:00,153.27,fridge,0,4.49,2.83,6.51,2.49,136.95
2023-01-04 23:51:00,201.57,fridge,0,6.7,3.45,0.0,3.57,187.85
2023-01-04 23:52:00,163.08,fridge,0,4.02,5.46,1.8,5.4,146.41
2023-01-04 23:53:00,196.69,fridge,0,5.5,8.6,5.26,2.68,174.65
2023-01-04 23:54:00,151.51,fridge,0,2.54,1.64,6.83,2.62,137.88
2023-01-04 23:55:00,141.22,fridge,0,8.13,6.21,6.51,4.54,115.83
2023-01-04 23:56:00,153.12,fridge,0,3.24,2.78,5.12,6.24,135.74
2023-01-04 23:57:00,177.99,fridge,0,5.86,5.59,4.57,5.39,156.59
2023-01-04 23:58:00,189.62,fridge,0,5.04,5.27,3.74,2.82,172.76
2023-01-04 23:59:00,153.83,fridge,0,1.88,1.22,7.58,4.83,138.31
2023-01-05 00:00:00,168.33,fridge,0,7.36,3.43,5.28,4.6,147.66
2023-01-05 00:01:00,150.6,fridge,0,4.57,3.99,1.11,6.21,134.72
2023-01-05 00:02:00,165.75,fridge,0,3.66,6.94,10.52,5.72,138.92
2023-01-05 00:03:00,153.98,fridge,0,3.27,4.25,1.96,4.54,139.96
2023-01-05 00:04:00,213.52,fridge,0,6.74,3.74,8.21,6.14,188.68
2023-01-05 00:05:00,163.32,fridge,0,5.68,6.84,5.4,0.04,145.37
2023-01-05 00:06:00,193.64,fridge,0,8.48,3.77,0.53,4.62,176.24
2023-01-05 00:07:00,170.31,fridge,0,4.29,3.06,5.09,0.8,157.08
2023-01-05 00:08:00,180.71,fridge,0,4.2,4.37,6.25,5.49,160.39
2023-01-05 00:09:00,190.33,fridge,0,4.11,3.05,6.88,6.32,169.97
2023-01-05 00:10:00,186.35,fridge,0,5.52,4.3,2.51,3.88,170.14
2023-01-05 00:11:00,161.1,fridge,0,1.45,6.53,4.45,4.65,144.02
2023-01-05 00:12:00,167.74,fridge,0,2.26,3.89,3.9,3.12,154.57
2023-01-05 00:13:00,148.28,fridge,0,4.44,3.41,4.51,5.73,130.2
2023-01-05 00:14:00,187.4,fridge,0,4.67,5.11,3.2,4.56,169.87
2023-01-05 00:15:00,132.75,fridge,0,2.8,3.69,3.42,6.18,116.67
2023-01-05 00:16:00,157.34,fridge,0,5.72,1.2,10.87,2.98,136.55
2023-01-05 00:17:00,165.11,fridge,0,4.89,4.76,5.81,0.78,148.87
2023-01-05 00:18:00,159.84,fridge,1,2.28,5.3,13.63,7.59,131.03
2023-01-05 00:19:00,202.8,fridge,0,8.13,5.86,5.89,5.61,177.31
2023-01-05 00:20:00,140.24,fridge,0,5.64,4.83,5.41,4.5,119.86
2023-01-05 00:21:00,141.68,fridge,0,7.24,3.6,0.0,3.81,127.02
2023-01-05 00:22:00,131.01,fridge,0,5.33,6.79,4.58,2.6,111.7
2023-01-05 00:23:00,221.14,fridge,1,7.21,3.36,9.84,6.63,194.12
2023-01-05 00:24:00,144.46,fridge,0,6.06,3.08,5.52,5.36,124.44
2023-01-05 00:25:00,203.71,fridge,0,5.09,7.15,7.97,3.49,180.0
2023-01-05 00:26:00,188.92,fridge,0,4.1,3.58,3.91,8.01,169.32
2023-01-05 00:27:00,178.65,fridge,0,6.72,5.36,5.72,3.73,157.11
2023-01-05 00:28:00,161.3,fridge,0,7.63,5.3,6.65,4.52,137.2
2023-01-05 00:29:00,195.8,fridge,0,5.71,5.03,5.19,4.57,175.3
2023-01-05 00:30:00,184.43,fridge,0,5.64,8.41,3.42,5.37,161.59
2023-01-05 00:31:00,158.85,fridge,0,5.54,4.94,2.87,8.37,137.12
2023-01-05 00:32:00,170.86,fridge,0,1.65,5.71,8.13,5.58,149.79
2023-01-05 00:33:00,180.46,fridge,0,5.92,7.53,5.5,2.62,158.89
2023-01-05 00:34:00,196.28,fridge,0,5.75,5.43,3.06,5.79,176.25
2023-01-05 00:35:00,151.89,fridge,0,3.35,1.53,9.37,6.99,130.64
2023-01-05 00:36:00,181.42,fridge,0,3.86,7.13,6.84,4.38,159.21
2023-01-05 00:37:00,131.22,fridge,0,5.09,3.41,5.08,5.31,112.33
2023-01-05 00:38:00,162.54,fridge,0,5.36,0.42,4.89,6.58,145.29
2023-01-05 00:39:00,189.99,fridge,0,3.97,8.43,11.95,7.17,158.47
2023-01-05 00:40:00,176.78,fridge,0,7.03,1.95,4.05,9.86,153.9
2023-01-05 00:41:00,202.82,fridge,0,6.89,7.88,0.26,8.31,179.48
2023-01-05 00:42:00,190.28,fridge,0,4.76,3.63,9.69,3.45,168.74
2023-01-05 00:43:00,126.77,fridge,0,6.27,7.53,5.65,5.94,101.38
2023-01-05 00:44:00,145.35,fridge,0,0.93,5.52,4.63,6.61,127.67
2023-01-05 00:45:00,189.98,fridge,0,5.23,6.41,5.34,2.58,170.41
2023-01-05 00:46:00,176.95,fridge,0,7.76,2.06,5.47,6.33,155.33
2023-01-05 00:47:00,157.82,fridge,0,3.48,5.53,6.86,6.49,135.46
2023-01-05 00:48:00,151.3,fridge,0,6.26,5.92,7.14,3.34,128.64
2023-01-05 00:49:00,164.85,fridge,0,4.31,5.16,4.9,3.58,146.9
2023-01-05 00:50:00,178.95,fridge,0,4.95,4.06,2.88,5.52,161.55
2023-01-05 00:51:00,154.07,fridge,0,3.52,6.14,4.67,2.73,137.0
2023-01-05 00:52:00,145.59,fridge,0,2.51,4.61,3.39,5.12,129.97
2023-01-05 00:53:00,162.23,fridge,0,4.68,5.92,2.97,8.12,140.55
2023-01-05 00:54:00,169.31,fridge,0,0.32,5.29,7.46,3.26,152.97
2023-01-05 00:55:00,153.55,fridge,0,5.78,9.44,5.83,5.71,126.79
2023-01-05 00:56:00,187.69,fridge,0,3.19,2.5,4.37,5.74,171.88
2023-01-05 00:57:00,200.21,fridge,0,7.56,6.65,6.06,6.72,173.23
2023-01-05 00:58:00,172.51,fridge,0,4.69,1.79,6.64,4.64,154.75
2023-01-05 00:59:00,196.84,fridge,0,8.56,4.38,6.23,3.22,174.45
2023-01-05 01:00:00,147.76,fridge,0,3.04,3.87,0.0,2.99,137.86
2023-01-05 01:01:00,197.24,fridge,0,7.14,7.88,7.05,4.65,170.53
2023-01-05 01:02:00,175.47,fridge,0,3.94,6.77,6.2,6.19,152.37
2023-01-05 01:03:00,161.59,fridge,0,3.84,5.31,7.12,5.87,139.45
2023-01-05 01:04:00,160.02,fridge,0,4.86,3.19,3.7,6.86,141.41
2023-01-05 01:05:00,153.13,fridge,0,5.84,5.62,8.81,2.27,130.59
2023-01-05 01:06:00,200.43,fridge,0,3.28,4.47,7.16,7.21,178.32
2023-01-05 01:07:00,162.11,fridge,0,9.62,5.65,6.94,5.88,134.02
2023-01-05 01:08:00,161.9,fridge,0,2.86,5.42,5.85,0.98,146.79
2023-01-05 01:09:00,195.95,fridge,0,5.57,3.25,7.25,5.0,174.87
2023-01-05 01:10:00,171.73,fridge,0,5.36,5.96,6.08,4.51,149.83
2023-01-05 01:11:00,197.45,fridge,0,8.88,2.73,5.88,7.14,172.83
2023-01-05 01:12:00,169.2,fridge,0,7.59,6.33,4.46,3.88,146.94
2023-01-05 01:13:00,187.69,fridge,0,5.1,6.47,2.94,9.94,163.24
2023-01-05 01:14:00,154.91,fridge,0,3.75,5.15,7.72,0.11,138.17
2023-01-05 01:15:00,171.72,fridge,0,4.19,3.31,3.41,5.29,155.51
2023-01-05 01:16:00,165.39,fridge,0,4.87,1.86,7.51,1.56,149.59
2023-01-05 01:17:00,186.52,fridge,0,6.05,3.74,5.58,2.41,168.74
2023-01-05 01:18:00,180.13,fridge,0,4.96,1.86,3.55,3.41,166.35
2023-01-05 01:19:00,165.69,fridge,0,8.39,5.81,4.5,4.81,142.17
2023-01-05 01:20:00,161.97,fridge,0,6.79,7.5,5.15,5.2,137.33
2023-01-05 01:21:00,157.45,fridge,0,4.1,4.79,4.86,1.86,141.84
2023-01-05 01:22:00,156.39,fridge,0,5.38,4.89,6.82,6.05,133.26
2023-01-05 01:23:00,170.56,fridge,0,9.88,6.05,2.35,3.18,149.1
2023-01-05 01:24:00,167.94,fridge,0,6.52,5.54,4.4,5.75,145.74
2023-01-05 01:25:00,169.12,fridge,0,0.02,1.23,3.32,3.53,161.02
2023-01-05 01:26:00,148.86,fridge,0,2.82,4.6,6.97,3.19,131.28
2023-01-05 01:27:00,172.69,fridge,0,1.77,4.85,2.9,8.37,154.8
2023-01-05 01:28:00,190.67,fridge,0,5.96,4.13,4.11,8.9,167.57
2023-01-05 01:29:00,203.1,fridge,0,8.05,6.34,3.36,4.73,180.63
2023-01-05 01:30:00,187.47,fridge,0,7.74,7.53,4.37,9.61,158.22
2023-01-05 01:31:00,139.62,fridge,0,6.64,6.88,2.19,4.5,119.42
2023-01-05 01:32:00,148.99,fridge,0,2.89,5.18,1.95,5.91,133.05
2023-01-05 01:33:00,224.11,fridge,0,2.9,4.78,6.63,6.8,203.01
2023-01-05 01:34:00,143.79,fridge,0,2.84,3.88,11.14,5.59,120.34
2023-01-05 01:35:00,161.59,fridge,0,6.93,5.01,3.34,3.29,143.02
2023-01-05 01:36:00,141.37,fridge,0,5.13,6.43,3.53,3.8,122.47
2023-01-05 01:37:00,172.97,fridge,0,3.73,3.92,2.08,5.89,157.35
2023-01-05 01:38:00,169.42,fridge,0,7.44,5.11,5.36,4.31,147.2
2023-01-05 01:39:00,181.51,fridge,0,3.15,6.06,8.45,8.59,155.25
2023-01-05 01:40:00,153.78,fridge,0,4.04,5.1,3.27,1.65,139.72
2023-01-05 01:41:00,174.22,fridge,0,1.94,3.34,5.42,2.91,160.61
2023-01-05 01:42:00,190.78,fridge,0,6.88,5.75,8.41,4.95,164.78
2023-01-05 01:43:00,150.35,fridge,0,4.48,4.09,5.67,1.91,134.2
2023-01-05 01:44:00,174.45,fridge,0,4.6,5.13,8.07,2.61,154.04
2023-01-05 01:45:00,179.59,fridge,0,6.27,6.99,5.97,5.54,154.82
2023-01-05 01:46:00,179.52,fridge,0,7.89,9.38,6.98,3.18,152.09
2023-01-05 01:47:00,129.67,fridge,0,3.92,4.31,5.95,4.41,111.08
2023-01-05 01:48:00,156.3,fridge,0,5.82,5.68,2.82,5.2,136.78
2023-01-05 01:49:00,177.17,fridge,0,6.69,2.13,8.01,0.72,159.62
2023-01-05 01:50:00,153.09,fridge,0,4.47,3.39,5.15,2.73,137.35
2023-01-05 01:51:00,157.63,fridge,0,5.04,3.93,7.07,6.22,135.37
2023-01-05 01:52:00,178.06,fridge,0,1.56,3.69,6.46,5.68,160.68
2023-01-05 01:53:00,140.34,fridge,0,4.56,1.61,4.09,4.88,125.21
2023-01-05 01:54:00,175.23,fridge,0,5.82,9.0,6.96,6.36,147.1
2023-01-05 01:55:00,160.15,fridge,0,5.64,5.72,2.67,4.84,141.27
2023-01-05 01:56:00,198.11,fridge,0,6.62,3.08,3.47,6.88,178.07
2023-01-05 01:57:00,192.81,fridge,0,2.85,1.23,3.48,4.14,181.11
2023-01-05 01:58:00,184.04,fridge,0,5.36,5.5,6.35,6.63,160.2
2023-01-05 01:59:00,185.54,fridge,0,2.17,4.19,4.72,1.75,172.71
2023-01-05 02:00:00,167.17,fridge,0,3.81,6.82,4.94,6.12,145.48
2023-01-05 02:01:00,138.88,fridge,0,4.49,8.49,3.25,1.43,121.21
2023-01-05 02:02:00,181.53,fridge,0,5.79,5.44,0.0,5.16,165.14
2023-01-05 02:03:00,182.1,fridge,0,4.79,7.11,5.77,3.34,161.08
2023-01-05 02:04:00,147.72,fridge,0,6.69,3.43,7.14,2.03,128.43
2023-01-05 02:05:00,190.36,fridge,0,3.69,1.81,4.43,5.45,174.98
2023-01-05 02:06:00,188.63,fridge,0,4.12,2.93,5.84,3.5,172.24
2023-01-05 02:07:00,157.42,fridge,0,5.46,3.14,3.04,4.4,141.37
2023-01-05 02:08:00,188.09,fridge,0,2.41,7.2,5.58,5.59,167.31
2023-01-05 02:09:00,199.01,fridge,0,8.74,3.0,2.12,5.59,179.56
2023-01-05 02:10:00,165.46,fridge,0,5.03,7.99,5.8,3.85,142.8
2023-01-05 02:11:00,139.52,fridge,0,7.33,5.07,5.58,3.11,118.43
2023-01-05 02:12:00,155.4,fridge,0,0.43,9.26,6.93,1.33,137.44
2023-01-05 02:13:00,180.41,fridge,0,7.13,5.69,6.67,5.6,155.33
2023-01-05 02:14:00,152.0,fridge,0,4.14,2.3,4.01,5.27,136.28
2023-01-05 02:15:00,202.43,fridge,0,7.18,4.99,6.49,2.41,181.35
2023-01-05 02:16:00,190.02,fridge,0,5.54,6.4,3.93,5.62,168.54
2023-01-05 02:17:00,176.71,fridge,0,2.02,3.0,3.8,6.5,161.4
2023-01-05 02:18:00,115.98,fridge,0,2.69,6.38,5.49,7.32,94.1
2023-01-05 02:19:00,143.45,fridge,0,2.31,4.94,5.67,6.18,124.35
2023-01-05 02:20:00,176.45,fridge,0,2.57,3.43,4.95,5.33,160.18
2023-01-05 02:21:00,141.96,fridge,0,8.12,3.51,3.94,4.82,121.57
2023-01-05 02:22:00,148.26,fridge,0,6.15,0.76,4.49,4.89,131.97
2023-01-05 02:23:00,163.8,fridge,0,1.52,3.66,4.46,6.01,148.15
2023-01-05 02:24:00,112.25,fridge,0,7.28,5.84,3.55,0.0,95.58
2023-01-05 02:25:00,181.77,fridge,0,1.05,0.0,3.39,4.45,172.88
2023-01-05 02:26:00,169.01,fridge,0,5.89,4.22,6.32,2.67,149.91
2023-01-05 02:27:00,140.92,fridge,0,5.07,6.38,5.32,3.67,120.48
2023-01-05 02:28:00,166.07,fridge,0,4.23,6.15,7.12,7.4,141.18
2023-01-05 02:29:00,161.9,fridge,0,8.76,5.33,8.17,4.51,135.12
2023-01-05 02:30:00,176.93,fridge,0,3.8,7.01,7.57,5.08,153.47
2023-01-05 02:31:00,160.16,fridge,0,4.48,6.23,1.41,6.94,141.1
2023-01-05 02:32:00,190.71,fridge,0,5.82,5.11,0.66,2.92,176.2
2023-01-05 02:33:00,188.39,fridge,0,3.53,2.83,4.02,4.06,173.94
2023-01-05 02:34:00,164.93,fridge,0,5.25,3.81,5.71,5.28,144.88
2023-01-05 02:35:00,188.92,fridge,0,6.46,3.58,3.24,8.68,166.96
2023-01-05 02:36:00,143.59,fridge,0,7.18,3.61,6.61,5.75,120.44
2023-01-05 02:37:00,153.1,fridge,0,7.18,5.18,6.86,5.31,128.56
2023-01-05 02:38:00,152.68,fridge,0,5.04,2.17,5.41,8.26,131.79
2023-01-05 02:39:00,192.09,fridge,0,7.09,1.3,3.82,1.3,178.58
2023-01-05 02:40:00,135.74,fridge,0,4.88,4.81,5.54,5.16,115.34
2023-01-05 02:41:00,196.14,fridge,0,6.0,2.9,2.81,5.65,178.78
2023-01-05 02:42:00,185.7,fridge,0,5.88,3.15,4.91,1.26,170.51
2023-01-05 02:43:00,142.22,fridge,0,4.98,6.36,9.14,6.21,115.53
2023-01-05 02:44:00,161.67,fridge,0,4.17,7.54,5.55,5.13,139.28
2023-01-05 02:45:00,154.9,fridge,0,5.95,5.67,6.21,6.47,130.61
2023-01-05 02:46:00,178.51,fridge,0,6.76,1.46,3.16,6.99,160.15
2023-01-05 02:47:00,182.68,fridge,0,7.07,0.5,5.12,3.91,166.07
2023-01-05 02:48:00,186.97,fridge,0,6.27,6.23,2.89,4.36,167.23
2023-01-05 02:49:00,173.73,fridge,0,8.24,1.56,6.07,5.27,152.59
2023-01-05 02:50:00,168.89,fridge,0,1.85,5.84,1.65,3.08,156.47
2023-01-05 02:51:00,185.45,fridge,0,4.92,5.16,8.04,1.89,165.43
2023-01-05 02:52:00,158.24,fridge,0,5.31,2.99,6.97,4.48,138.49
2023-01-05 02:53:00,191.46,fridge,0,6.11,6.73,3.37,3.04,172.21
2023-01-05 02:54:00,170.02,fridge,0,7.0,7.38,4.48,3.76,147.4
2023-01-05 02:55:00,153.9,fridge,0,6.74,5.84,3.26,6.66,131.4
2023-01-05 02:56:00,154.84,fridge,0,4.45,1.97,3.58,4.7,140.14
2023-01-05 02:57:00,137.52,fridge,0,5.56,5.74,2.83,3.55,119.85
2023-01-05 02:58:00,183.09,fridge,0,5.22,0.81,5.24,4.2,167.62
2023-01-05 02:59:00,207.77,fridge,0,3.68,4.57,5.27,6.01,188.24
2023-01-05 03:00:00,177.86,fridge,0,7.31,5.25,7.61,3.15,154.54
2023-01-05 03:01:00,148.44,fridge,0,4.69,8.07,7.05,1.11,127.52
2023-01-05 03:02:00,151.54,fridge,0,3.77,2.58,6.03,5.27,133.89
2023-01-05 03:03:00,165.49,fridge,0,2.9,2.74,2.99,0.47,156.4
2023-01-05 03:04:00,177.52,fridge,0,2.27,4.1,4.23,2.05,164.87
2023-01-05 03:05:00,162.79,fridge,0,5.2,6.12,2.74,6.94,141.78
2023-01-05 03:06:00,165.92,fridge,0,7.59,2.46,7.45,6.87,141.55
2023-01-05 03:07:00,154.85,fridge,0,8.73,2.18,5.14,5.09,133.72
2023-01-05 03:08:00,160.01,fridge,0,8.06,4.16,7.54,3.47,136.77
2023-01-05 03:09:00,170.58,fridge,0,3.28,6.16,5.15,2.7,153.29
2023-01-05 03:10:00,142.97,fridge,0,5.94,0.8,3.05,0.56,132.63
2023-01-05 03:11:00,164.48,fridge,0,5.43,6.39,1.25,1.41,150.0
2023-01-05 03:12:00,173.34,fridge,0,3.07,5.21,3.63,6.81,154.62
2023-01-05 03:13:00,172.83,fridge,0,2.31,2.33,6.08,5.36,156.76
2023-01-05 03:14:00,179.31,fridge,0,0.49,5.19,4.5,5.24,163.9
2023-01-05 03:15:00,186.6,fridge,0,8.73,6.39,4.26,6.95,160.28
2023-01-05 03:16:00,162.63,fridge,0,2.8,2.86,5.61,6.81,144.55
2023-01-05 03:17:00,169.62,fridge,0,6.63,3.21,3.39,2.74,153.67
2023-01-05 03:18:00,184.45,fridge,0,5.76,7.93,5.55,2.67,162.54
2023-01-05 03:19:00,467.08,fridge,1,5.2,0.0,7.06,5.76,449.06
2023-01-05 03:20:00,124.61,fridge,0,5.88,5.56,6.07,5.43,101.67
2023-01-05 03:21:00,195.23,fridge,0,9.22,8.5,8.11,9.07,160.32
2023-01-05 03:22:00,193.34,fridge,0,6.33,6.04,3.93,4.95,172.1
2023-01-05 03:23:00,165.09,fridge,0,0.76,8.9,11.29,6.12,138.01
2023-01-05 03:24:00,210.3,fridge,1,2.0,4.27,3.43,10.03,190.56
2023-01-05 03:25:00,192.02,fridge,0,6.3,5.33,3.71,7.36,169.31
2023-01-05 03:26:00,151.2,fridge,0,8.09,2.43,6.92,3.12,130.64
2023-01-05 03:27:00,176.02,fridge,0,3.89,7.86,5.19,2.45,156.64
2023-01-05 03:28:00,151.63,fridge,0,6.99,4.55,5.29,6.48,128.32
2023-01-05 03:29:00,157.27,fridge,0,7.58,3.28,1.15,6.14,139.11
2023-01-05 03:30:00,162.56,fridge,0,1.96,5.91,2.14,5.05,147.49
2023-01-05 03:31:00,162.44,fridge,0,5.9,3.65,5.17,3.49,144.24
2023-01-05 03:32:00,152.36,fridge,0,5.71,1.53,4.97,4.57,135.57
2023-01-05 03:33:00,191.51,fridge,0,6.42,6.8,5.19,7.27,165.83
2023-01-05 03:34:00,165.85,fridge,0,4.95,3.85,6.5,3.36,147.2
2023-01-05 03:35:00,158.61,fridge,0,3.6,2.89,4.43,5.83,141.85
2023-01-05 03:36:00,151.12,fridge,0,5.24,2.98,3.13,1.69,138.08
2023-01-05 03:37:00,176.43,fridge,0,6.12,9.47,0.09,6.67,154.08
2023-01-05 03:38:00,209.59,fridge,0,3.01,6.55,7.8,5.22,187.0
2023-01-05 03:39:00,153.33,fridge,0,1.73,5.67,5.17,7.55,133.21
2023-01-05 03:40:00,153.57,fridge,0,4.65,5.63,5.11,10.46,127.73
2023-01-05 03:41:00,188.31,fridge,0,3.86,5.1,5.69,4.09,169.56
2023-01-05 03:42:00,152.37,fridge,0,8.49,4.59,4.31,2.92,132.06
2023-01-05 03:43:00,156.16,fridge,0,3.2,2.09,4.0,8.27,138.6
2023-01-05 03:44:00,167.77,fridge,0,3.59,7.15,6.04,0.45,150.54
2023-01-05 03:45:00,182.63,fridge,0,4.31,5.19,3.76,3.52,165.85
2023-01-05 03:46:00,160.44,fridge,0,4.77,5.07,3.1,1.47,146.04
2023-01-05 03:47:00,157.23,fridge,0,3.78,3.03,5.07,3.87,141.47
2023-01-05 03:48:00,153.03,fridge,0,4.81,5.75,4.57,4.06,133.84
2023-01-05 03:49:00,148.02,fridge,0,6.69,4.7,5.65,5.76,125.22
2023-01-05 03:50:00,178.0,fridge,0,6.5,5.33,6.79,5.2,154.19
2023-01-05 03:51:00,177.54,fridge,0,2.86,3.92,6.62,5.38,158.76
2023-01-05 03:52:00,162.42,fridge,0,5.85,9.18,8.44,6.2,132.76
2023-01-05 03:53:00,176.15,fridge,0,2.29,7.95,5.9,0.55,159.46
2023-01-05 03:54:00,202.62,fridge,0,5.67,5.43,4.62,5.03,181.87
2023-01-05 03:55:00,172.76,fridge,0,4.6,6.54,6.06,5.1,150.46
2023-01-05 03:56:00,158.51,fridge,0,5.44,3.9,4.9,2.24,142.03
2023-01-05 03:57:00,124.75,fridge,0,1.79,3.05,1.45,6.11,112.36
2023-01-05 03:58:00,169.34,fridge,0,5.51,5.2,4.66,7.15,146.81
2023-01-05 03:59:00,163.52,fridge,0,2.54,6.64,4.83,7.34,142.17
2023-01-05 04:00:00,163.96,fridge,0,2.55,1.71,2.02,5.98,151.7
2023-01-05 04:01:00,189.54,fridge,0,5.41,7.58,5.16,2.31,169.09
2023-01-05 04:02:00,175.72,fridge,0,3.46,4.33,5.59,4.14,158.19
2023-01-05 04:03:00,125.9,fridge,0,4.08,5.46,5.46,1.08,109.82
2023-01-05 04:04:00,195.42,fridge,0,5.95,5.85,6.62,4.28,172.73
2023-01-05 04:05:00,179.59,fridge,0,5.27,3.12,5.31,5.91,159.99
2023-01-05 04:06:00,203.1,fridge,0,1.56,3.5,8.93,7.7,181.41
2023-01-05 04:07:00,184.63,fridge,0,3.67,1.16,6.92,5.43,167.45
2023-01-05 04:08:00,126.19,fridge,0,5.3,5.83,7.7,9.46,97.9
2023-01-05 04:09:00,159.82,fridge,0,5.59,6.38,7.6,2.91,137.36
2023-01-05 04:10:00,158.05,fridge,0,5.21,4.05,5.46,7.42,135.91
2023-01-05 04:11:00,158.03,fridge,0,4.11,2.11,6.31,6.6,138.9
2023-01-05 04:12:00,168.5,fridge,0,6.9,4.46,5.19,4.47,147.48
2023-01-05 04:13:00,187.89,fridge,0,7.63,4.87,5.96,5.59,163.84
2023-01-05 04:14:00,182.0,fridge,0,3.95,8.08,3.26,8.3,158.42
2023-01-05 04:15:00,151.17,fridge,0,4.38,6.7,3.39,6.37,130.33
2023-01-05 04:16:00,191.19,fridge,0,3.93,10.01,1.68,5.06,170.51
2023-01-05 04:17:00,183.88,fridge,0,5.85,6.69,3.87,4.83,162.64
2023-01-05 04:18:00,164.77,fridge,0,3.03,6.57,6.17,4.29,144.71
2023-01-05 04:19:00,151.7,fridge,0,8.14,6.32,1.26,3.56,132.43
2023-01-05 04:20:00,158.7,fridge,0,4.01,1.08,1.68,5.32,146.61
2023-01-05 04:21:00,186.53,fridge,0,1.98,3.09,5.8,7.2,168.46
2023-01-05 04:22:00,176.45,fridge,0,2.37,1.84,7.84,5.76,158.63
2023-01-05 04:23:00,176.21,fridge,0,2.4,5.52,4.4,4.88,159.01
2023-01-05 04:24:00,163.07,fridge,0,5.63,5.57,6.15,1.65,144.07
2023-01-05 04:25:00,176.82,fridge,0,5.17,1.21,6.47,4.19,159.77
2023-01-05 04:26:00,172.01,fridge,0,7.78,4.61,6.46,2.95,150.21
2023-01-05 04:27:00,167.02,fridge,0,8.89,1.37,4.47,4.72,147.57
2023-01-05 04:28:00,145.21,fridge,0,4.97,8.29,1.58,7.71,122.66
2023-01-05 04:29:00,181.16,fridge,0,7.12,5.44,4.82,8.12,155.66
2023-01-05 04:30:00,131.09,fridge,0,2.57,3.84,5.1,4.42,115.17
2023-01-05 04:31:00,145.79,fridge,0,4.75,6.86,7.69,4.15,122.34
2023-01-05 04:32:00,208.16,fridge,0,2.61,3.4,5.32,7.47,189.37
2023-01-05 04:33:00,165.98,fridge,0,7.75,7.51,9.44,8.27,133.01
2023-01-05 04:34:00,156.13,fridge,0,6.57,7.27,7.46,8.1,126.72
2023-01-05 04:35:00,182.7,fridge,0,6.88,7.2,3.34,5.63,159.65
2023-01-05 04:36:00,146.87,fridge,0,4.27,4.25,4.21,1.09,133.05
2023-01-05 04:37:00,165.2,fridge,0,1.08,4.63,4.25,6.4,148.85
2023-01-05 04:38:00,171.13,fridge,0,6.61,2.13,5.3,6.07,151.01
2023-01-05 04:39:00,139.96,fridge,0,5.99,0.9,6.95,4.88,121.25
2023-01-05 04:40:00,172.9,fridge,0,3.95,3.89,4.94,4.34,155.78
2023-01-05 04:41:00,143.29,fridge,0,2.3,3.72,5.44,7.45,124.39
2023-01-05 04:42:00,162.36,fridge,0,7.24,6.5,4.79,2.7,141.13
2023-01-05 04:43:00,215.99,fridge,0,5.31,5.93,2.37,3.65,198.73
2023-01-05 04:44:00,165.95,fridge,0,5.29,5.46,2.29,7.04,145.87
2023-01-05 04:45:00,174.71,fridge,0,8.1,6.12,4.67,4.84,150.98
2023-01-05 04:46:00,197.35,fridge,0,8.27,5.15,8.28,4.59,171.05
2023-01-05 04:47:00,152.32,fridge,0,8.64,3.76,6.49,4.76,128.67
2023-01-05 04:48:00,149.27,fridge,0,3.45,5.01,3.9,4.64,132.27
2023-01-05 04:49:00,149.69,fridge,0,4.78,8.91,4.84,4.28,126.88
2023-01-05 04:50:00,176.03,fridge,0,5.59,8.54,2.22,7.21,152.47
2023-01-05 04:51:00,189.06,fridge,0,5.68,4.8,4.51,5.09,168.99
2023-01-05 04:52:00,169.97,fridge,0,4.12,6.14,3.66,7.71,148.34
2023-01-05 04:53:00,151.07,fridge,0,4.77,3.99,5.9,3.92,132.5
2023-01-05 04:54:00,169.21,fridge,0,3.81,3.59,6.24,5.25,150.31
2023-01-05 04:55:00,177.64,fridge,0,3.51,1.89,4.74,8.57,158.93
2023-01-05 04:56:00,197.2,fridge,0,4.41,5.63,5.4,5.37,176.39
2023-01-05 04:57:00,155.21,fridge,0,3.89,5.78,5.46,5.17,134.91
2023-01-05 04:58:00,169.41,fridge,0,8.29,4.01,2.96,6.76,147.4
2023-01-05 04:59:00,176.24,fridge,0,3.61,4.32,4.83,6.86,156.61
2023-01-05 05:00:00,1519.27,geyser,0,1359.33,5.85,8.96,7.76,137.38
2023-01-05 05:01:00,1737.91,geyser,0,1594.86,5.06,4.02,5.94,128.02
2023-01-05 05:02:00,1424.78,geyser,0,1262.6,2.87,10.44,5.13,143.75
2023-01-05 05:03:00,1459.01,geyser,0,1316.32,2.12,4.58,8.4,127.58
2023-01-05 05:04:00,1861.34,geyser,0,1688.34,1.29,4.74,4.38,162.59
2023-01-05 05:05:00,1786.52,geyser,0,1593.57,4.8,5.89,4.77,177.48
2023-01-05 05:06:00,1743.93,geyser,0,1525.85,5.76,7.53,2.86,201.93
2023-01-05 05:07:00,1650.32,geyser,0,1539.19,0.44,5.17,3.42,102.1
2023-01-05 05:08:00,1794.45,geyser,0,1593.98,1.46,6.95,7.92,184.14
2023-01-05 05:09:00,2012.68,geyser,0,1836.29,3.96,7.05,5.05,160.33
2023-01-05 05:10:00,1488.19,geyser,0,1338.42,5.89,5.49,5.06,133.34
2023-01-05 05:11:00,1762.96,geyser,0,1581.03,4.85,7.51,4.02,165.56
2023-01-05 05:12:00,1721.0,geyser,0,1556.3,4.57,6.99,3.98,149.16
2023-01-05 05:13:00,1520.98,geyser,0,1355.16,5.81,1.36,1.51,157.15
2023-01-05 05:14:00,1647.93,geyser,0,1452.84,5.75,2.25,6.92,180.17
2023-01-05 05:15:00,1733.64,geyser,0,1594.23,3.31,9.86,4.35,121.89
2023-01-05 05:16:00,1375.28,geyser,0,1216.34,1.44,4.6,2.92,149.97
2023-01-05 05:17:00,1773.9,geyser,0,1573.15,5.08,3.3,5.88,186.48
2023-01-05 05:18:00,1698.31,geyser,0,1553.52,4.77,7.66,6.43,125.93
2023-01-05 05:19:00,1891.05,geyser,0,1748.09,7.42,4.24,3.47,127.82
2023-01-05 05:20:00,1712.63,geyser,0,1507.92,3.18,2.78,5.5,193.26
2023-01-05 05:21:00,1789.35,geyser,0,1621.27,8.83,6.29,6.68,146.28
2023-01-05 05:22:00,1728.27,geyser,0,1535.91,9.88,3.22,7.02,172.24
2023-01-05 05:23:00,1732.76,geyser,0,1548.47,2.01,6.52,8.15,167.6
2023-01-05 05:24:00,1660.66,geyser,0,1493.61,3.93,5.17,2.49,155.46
2023-01-05 05:25:00,1815.16,geyser,0,1667.44,4.22,8.14,6.83,128.52
2023-01-05 05:26:00,1505.82,geyser,0,1358.09,4.44,7.4,4.26,131.64
2023-01-05 05:27:00,1614.53,geyser,0,1473.14,3.52,4.68,7.98,125.2
2023-01-05 05:28:00,1765.88,geyser,0,1599.03,9.24,4.16,2.6,150.85
2023-01-05 05:29:00,1577.56,geyser,0,1368.03,2.06,3.93,8.65,194.89
2023-01-05 05:30:00,1563.38,geyser,0,1410.75,2.69,4.58,2.97,142.39
2023-01-05 05:31:00,1572.23,geyser,0,1358.6,6.86,5.76,11.21,189.8
2023-01-05 05:32:00,1972.12,geyser,0,1781.51,3.84,6.33,6.34,174.1
2023-01-05 05:33:00,1814.36,geyser,0,1632.99,8.95,5.55,2.17,164.69
2023-01-05 05:34:00,1723.17,geyser,0,1555.37,2.61,4.8,2.7,157.7
2023-01-05 05:35:00,1611.12,geyser,0,1454.96,1.18,4.1,1.65,149.23
2023-01-05 05:36:00,1566.21,geyser,0,1396.29,2.48,5.65,5.48,156.32
2023-01-05 05:37:00,1594.45,geyser,0,1454.41,6.83,6.35,5.18,121.68
2023-01-05 05:38:00,1705.16,geyser,0,1518.4,6.41,1.54,4.95,173.86
2023-01-05 05:39:00,1811.13,geyser,0,1628.81,4.85,2.04,5.54,169.9
2023-01-05 05:40:00,1654.62,geyser,0,1464.92,8.38,2.16,9.6,169.56
2023-01-05 05:41:00,1809.24,geyser,0,1632.12,3.94,3.22,7.97,161.99
2023-01-05 05:42:00,1588.37,geyser,0,1391.35,2.56,4.66,6.04,183.75
2023-01-05 05:43:00,1614.38,geyser,0,1460.97,5.83,6.96,5.39,135.23
2023-01-05 05:44:00,1740.58,geyser,0,1553.17,1.75,4.28,5.53,175.84
2023-01-05 05:45:00,1583.32,geyser,0,1420.28,4.26,2.39,4.2,152.19
2023-01-05 05:46:00,1610.46,geyser,0,1455.22,4.98,5.33,3.49,141.45
2023-01-05 05:47:00,1825.11,geyser,0,1666.41,4.75,3.27,5.22,145.46
2023-01-05 05:48:00,1600.8,geyser,0,1466.96,7.46,6.25,2.92,117.21
2023-01-05 05:49:00,1539.23,geyser,0,1362.87,5.04,10.71,4.27,156.35
2023-01-05 05:50:00,1683.1,geyser,0,1542.45,3.69,6.26,2.38,128.32
2023-01-05 05:51:00,1752.98,geyser,0,1587.3,6.32,2.71,6.99,149.67
2023-01-05 05:52:00,1489.41,geyser,0,1331.67,5.46,7.13,3.35,141.79
2023-01-05 05:53:00,1542.21,geyser,0,1373.57,5.06,6.19,1.62,155.76
2023-01-05 05:54:00,1441.75,geyser,0,1284.51,4.88,4.47,7.15,140.74
2023-01-05 05:55:00,1730.15,geyser,0,1591.55,2.83,3.76,6.18,125.84
2023-01-05 05:56:00,1563.13,geyser,0,1431.51,5.97,5.93,5.76,113.96
2023-01-05 05:57:00,1689.43,geyser,0,1519.12,5.75,4.93,3.66,155.97
2023-01-05 05:58:00,1736.11,geyser,0,1549.65,6.54,7.71,4.45,167.76
2023-01-05 05:59:00,1446.21,geyser,0,1310.19,3.62,1.3,4.69,126.4
2023-01-05 06:00:00,1859.31,geyser,0,1695.49,6.85,5.38,5.66,145.93
2023-01-05 06:01:00,1616.58,geyser,0,1431.79,6.78,5.73,5.29,166.98
2023-01-05 06:02:00,1539.15,geyser,0,1385.99,4.32,3.41,3.42,142.01
2023-01-05 06:03:00,1708.75,geyser,0,1573.04,4.66,5.8,1.2,124.05
2023-01-05 06:04:00,1508.28,geyser,0,1355.47,6.21,5.71,5.25,135.64
2023-01-05 06:05:00,1607.41,geyser,0,1442.24,5.05,6.87,7.97,145.28
2023-01-05 06:06:00,1548.62,geyser,0,1383.92,4.64,7.64,2.95,149.47
2023-01-05 06:07:00,1724.63,geyser,0,1579.67,3.97,2.57,2.7,135.73
2023-01-05 06:08:00,1735.93,geyser,0,1601.92,0.31,6.33,10.24,117.13
2023-01-05 06:09:00,1514.22,geyser,0,1379.91,5.95,7.36,0.57,120.43
2023-01-05 06:10:00,1722.44,geyser,0,1538.62,5.67,7.22,3.23,167.69
2023-01-05 06:11:00,1785.17,geyser,0,1605.62,2.67,7.62,5.91,163.35
2023-01-05 06:12:00,1660.47,geyser,0,1514.41,5.89,4.16,1.76,134.25
2023-01-05 06:13:00,1701.08,geyser,0,1531.97,4.16,2.57,0.51,161.87
2023-01-05 06:14:00,1710.92,geyser,0,1524.56,6.0,7.92,2.54,169.89
2023-01-05 06:15:00,1654.76,geyser,0,1459.74,8.45,9.38,7.23,169.96
2023-01-05 06:16:00,1630.77,geyser,0,1451.0,4.02,3.82,3.79,168.12
2023-01-05 06:17:00,1758.35,geyser,0,1598.34,1.35,4.6,0.0,154.05
2023-01-05 06:18:00,1610.37,geyser,0,1442.08,8.11,2.04,7.04,151.09
2023-01-05 06:19:00,1837.43,geyser,0,1660.24,5.26,4.17,5.61,162.14
2023-01-05 06:20:00,1514.46,geyser,0,1353.66,4.36,5.27,9.18,141.99
2023-01-05 06:21:00,1577.71,geyser,0,1402.93,2.22,9.02,3.76,159.78
2023-01-05 06:22:00,1707.52,geyser,0,1542.39,4.35,1.62,6.2,152.97
2023-01-05 06:23:00,1637.15,geyser,0,1496.89,2.57,6.01,1.17,130.51
2023-01-05 06:24:00,1610.1,geyser,0,1428.79,8.12,1.44,5.17,166.58
2023-01-05 06:25:00,1706.97,geyser,0,1528.02,8.24,2.85,6.42,161.43
2023-01-05 06:26:00,1754.6,geyser,0,1614.38,3.73,7.5,3.41,125.57
2023-01-05 06:27:00,1582.38,geyser,0,1392.7,5.19,7.51,5.79,171.19
2023-01-05 06:28:00,1484.03,geyser,0,1297.78,6.32,5.72,6.12,168.09
2023-01-05 06:29:00,1738.07,geyser,0,1596.52,6.69,3.19,6.54,125.14
2023-01-05 06:30:00,1601.48,geyser,0,1429.78,6.05,1.49,6.43,157.72
2023-01-05 06:31:00,1559.91,geyser,0,1383.96,7.08,3.65,6.42,158.8
2023-01-05 06:32:00,1626.57,geyser,0,1515.87,4.12,5.13,4.49,96.97
2023-01-05 06:33:00,1659.32,geyser,0,1481.85,5.54,5.38,0.37,166.18
2023-01-05 06:34:00,1719.37,geyser,0,1550.38,6.57,5.59,6.13,150.69
2023-01-05 06:35:00,1624.08,geyser,0,1463.44,6.03,2.62,2.77,149.22
2023-01-05 06:36:00,1671.39,geyser,0,1496.75,5.95,6.15,7.19,155.35
2023-01-05 06:37:00,1605.27,geyser,0,1456.89,6.92,5.11,3.77,132.57
2023-01-05 06:38:00,1788.35,geyser,0,1629.83,2.88,6.3,3.73,145.61
2023-01-05 06:39:00,1634.61,geyser,0,1489.36,6.34,4.58,4.7,129.63
2023-01-05 06:40:00,1717.22,geyser,0,1601.31,4.32,6.23,4.01,101.34
2023-01-05 06:41:00,1525.4,geyser,0,1377.31,7.73,6.26,3.77,130.32
2023-01-05 06:42:00,1694.1,geyser,0,1511.41,4.03,6.44,7.48,164.74
2023-01-05 06:43:00,1707.19,geyser,0,1508.4,4.39,6.58,7.58,180.24
2023-01-05 06:44:00,1689.24,geyser,0,1536.93,3.93,2.93,2.91,142.54
2023-01-05 06:45:00,1401.35,geyser,0,1251.27,8.15,3.13,6.86,131.93
2023-01-05 06:46:00,1494.31,geyser,0,1349.1,5.13,5.58,4.35,130.15
2023-01-05 06:47:00,1492.63,geyser,0,1323.72,7.89,4.42,5.4,151.2
2023-01-05 06:48:00,1680.68,geyser,0,1502.38,4.12,7.38,1.94,164.86
2023-01-05 06:49:00,1794.76,geyser,0,1660.89,6.89,0.03,4.57,122.39
2023-01-05 06:50:00,1674.52,geyser,0,1516.14,4.77,5.19,6.5,141.93
2023-01-05 06:51:00,1749.33,geyser,0,1561.83,3.73,5.44,5.65,172.68
2023-01-05 06:52:00,1637.65,geyser,0,1499.99,2.18,5.65,5.36,124.47
2023-01-05 06:53:00,1678.77,geyser,0,1498.37,1.77,7.11,4.79,166.72
2023-01-05 06:54:00,1678.45,geyser,0,1525.28,4.81,7.57,5.73,135.06
2023-01-05 06:55:00,1555.17,geyser,0,1407.23,4.41,6.52,5.69,131.31
2023-01-05 06:56:00,1814.2,geyser,0,1642.53,3.75,6.81,6.42,154.69
2023-01-05 06:57:00,1660.74,geyser,0,1473.28,4.78,3.46,4.54,174.68
2023-01-05 06:58:00,1583.27,geyser,0,1427.77,2.73,1.28,7.34,144.16
2023-01-05 06:59:00,1706.74,geyser,0,1553.77,3.15,7.76,3.88,138.19
2023-01-05 07:00:00,1570.08,geyser,0,1355.81,6.67,8.02,5.56,194.01
2023-01-05 07:01:00,1792.42,geyser,0,1631.68,3.2,8.32,3.19,146.03
2023-01-05 07:02:00,1644.73,geyser,0,1494.71,6.22,6.65,8.31,128.84
2023-01-05 07:03:00,1512.4,geyser,0,1378.76,5.2,6.0,5.55,116.89
2023-01-05 07:04:00,1609.54,geyser,0,1447.27,5.32,1.21,7.23,148.51
2023-01-05 07:05:00,1707.94,geyser,0,1530.81,4.63,6.3,4.25,161.96
2023-01-05 07:06:00,1867.11,geyser,0,1649.1,3.71,8.07,2.52,203.72
2023-01-05 07:07:00,1612.11,geyser,0,1481.89,6.45,5.9,2.75,115.13
2023-01-05 07:08:00,1743.35,geyser,0,1591.17,3.55,7.41,4.93,136.28
2023-01-05 07:09:00,1547.96,geyser,0,1380.08,5.53,4.8,3.88,153.66
2023-01-05 07:10:00,1513.12,geyser,0,1378.89,7.28,5.7,6.0,115.25
2023-01-05 07:11:00,1904.27,geyser,0,1756.71,4.97,4.06,7.58,130.94
2023-01-05 07:12:00,1590.41,geyser,0,1442.02,8.8,4.49,5.17,129.94
2023-01-05 07:13:00,1658.77,geyser,0,1512.79,3.43,3.86,5.95,132.74
2023-01-05 07:14:00,1447.44,geyser,0,1294.8,1.69,3.83,4.58,142.54
2023-01-05 07:15:00,1525.18,geyser,0,1345.03,1.75,3.24,5.25,169.91
2023-01-05 07:16:00,1801.4,geyser,0,1620.49,7.59,2.58,2.52,168.23
2023-01-05 07:17:00,1559.92,geyser,0,1357.4,3.29,2.72,7.59,188.93
2023-01-05 07:18:00,1486.91,geyser,1,1307.78,35.14,2.61,5.13,136.25
2023-01-05 07:19:00,1847.16,geyser,0,1682.84,2.49,1.81,2.08,157.94
2023-01-05 07:20:00,1396.84,geyser,0,1188.18,1.97,3.13,6.04,197.52
2023-01-05 07:21:00,1627.45,geyser,0,1473.23,6.15,6.4,4.96,136.71
2023-01-05 07:22:00,1865.61,geyser,0,1644.08,6.1,6.68,6.6,202.15
2023-01-05 07:23:00,1588.32,geyser,0,1413.18,0.51,4.16,2.83,167.63
2023-01-05 07:24:00,1509.49,geyser,0,1343.72,2.23,4.8,3.13,155.61
2023-01-05 07:25:00,1812.69,geyser,0,1653.76,4.26,4.13,3.2,147.35
2023-01-05 07:26:00,1900.19,geyser,0,1745.81,2.84,4.29,3.04,144.2
2023-01-05 07:27:00,1432.14,geyser,0,1250.19,0.0,8.04,4.55,169.37
2023-01-05 07:28:00,1644.83,geyser,0,1454.74,3.03,5.52,3.2,178.34
2023-01-05 07:29:00,1661.17,geyser,0,1503.92,5.12,6.69,3.63,141.82
2023-01-05 07:30:00,1691.36,geyser,0,1526.67,2.22,10.53,2.85,149.09
2023-01-05 07:31:00,1637.11,geyser,0,1475.44,6.38,5.45,3.81,146.03
2023-01-05 07:32:00,1644.01,geyser,0,1506.92,3.72,4.39,5.9,123.08
2023-01-05 07:33:00,1542.16,geyser,0,1418.75,4.31,5.47,2.28,111.35
2023-01-05 07:34:00,1825.22,geyser,0,1674.54,3.69,0.54,5.92,140.54
2023-01-05 07:35:00,1468.61,geyser,0,1341.47,5.36,4.35,5.82,111.61
2023-01-05 07:36:00,1492.3,geyser,0,1322.5,5.23,2.65,2.39,159.53
2023-01-05 07:37:00,1608.95,geyser,0,1433.86,4.24,4.11,6.94,159.8
2023-01-05 07:38:00,1502.22,geyser,0,1323.18,3.68,3.75,4.69,166.93
2023-01-05 07:39:00,1614.89,geyser,1,1455.89,3.79,2.7,16.13,136.39
2023-01-05 07:40:00,1647.83,geyser,0,1464.58,5.05,5.94,5.09,167.16
2023-01-05 07:41:00,1713.62,geyser,0,1578.82,5.1,5.77,5.97,117.97
2023-01-05 07:42:00,1750.7,geyser,0,1622.39,5.24,5.73,2.56,114.78
2023-01-05 07:43:00,1668.46,geyser,0,1520.01,8.08,3.98,4.66,131.72
2023-01-05 07:44:00,1772.56,geyser,0,1614.17,7.42,2.63,1.27,147.07
2023-01-05 07:45:00,1699.68,geyser,0,1548.7,1.36,1.42,3.13,145.07
2023-01-05 07:46:00,1715.69,geyser,0,1530.06,6.34,7.77,6.24,165.28
2023-01-05 07:47:00,1616.67,geyser,0,1442.24,6.26,3.87,4.22,160.07
2023-01-05 07:48:00,1831.77,geyser,0,1653.23,2.82,4.22,7.46,164.04
2023-01-05 07:49:00,1698.57,geyser,0,1540.1,5.79,4.72,5.99,141.97
2023-01-05 07:50:00,1496.06,geyser,0,1334.12,7.08,3.58,6.95,144.33
2023-01-05 07:51:00,1768.53,geyser,0,1613.39,2.46,3.42,5.2,144.05
2023-01-05 07:52:00,1626.17,geyser,0,1398.08,5.03,5.08,7.07,210.91
2023-01-05 07:53:00,1549.0,geyser,0,1364.27,8.47,5.31,6.84,164.11
2023-01-05 07:54:00,1754.0,geyser,0,1578.18,3.98,3.81,2.88,165.14
2023-01-05 07:55:00,1402.87,geyser,0,1214.1,5.88,7.99,8.35,166.55
2023-01-05 07:56:00,1684.87,geyser,0,1549.02,7.39,4.19,2.39,121.88
2023-01-05 07:57:00,1994.97,geyser,1,1427.04,2.16,5.04,5.46,555.27
2023-01-05 07:58:00,1689.18,geyser,0,1482.44,8.45,4.71,3.57,190.02
2023-01-05 07:59:00,1898.83,geyser,0,1747.57,7.14,5.51,6.17,132.44
2023-01-05 08:00:00,2261.78,geyser,0,1546.15,6.95,555.89,4.07,148.72
2023-01-05 08:01:00,2522.09,geyser,0,1692.07,2.16,721.91,5.64,100.31
2023-01-05 08:02:00,2478.76,geyser,0,1611.13,6.03,696.86,4.53,160.21
2023-01-05 08:03:00,2356.33,geyser,0,1416.32,2.77,751.59,7.18,178.48
2023-01-05 08:04:00,2365.8,geyser,0,1293.04,5.47,889.76,5.58,171.97
2023-01-05 08:05:00,2434.36,geyser,0,1542.76,4.8,707.9,7.64,171.26
2023-01-05 08:06:00,1988.13,geyser,0,1291.64,3.86,561.49,5.21,125.93
2023-01-05 08:07:00,2423.29,geyser,0,1558.42,5.11,681.59,4.81,173.36
2023-01-05 08:08:00,2352.29,geyser,0,1505.3,6.73,677.29,3.3,159.67
2023-01-05 08:09:00,2534.83,geyser,0,1713.14,1.91,667.77,7.47,144.54
2023-01-05 08:10:00,2465.78,geyser,0,1476.41,7.37,791.56,2.61,187.82
2023-01-05 08:11:00,2660.33,geyser,0,1758.53,2.76,712.26,1.73,185.06
2023-01-05 08:12:00,2281.66,geyser,0,1385.97,3.98,737.39,2.9,151.43
2023-01-05 08:13:00,1942.46,geyser,0,1308.75,6.89,468.3,5.76,152.77
2023-01-05 08:14:00,2459.05,geyser,0,1702.05,4.18,628.35,0.13,124.35
2023-01-05 08:15:00,2460.34,geyser,0,1507.31,2.36,821.55,3.43,125.69
2023-01-05 08:16:00,2343.55,geyser,0,1559.84,8.97,590.76,7.18,176.78
2023-01-05 08:17:00,2382.06,geyser,0,1499.8,3.43,720.78,6.35,151.69
2023-01-05 08:18:00,2428.37,geyser,0,1662.89,1.6,605.29,6.81,151.77
2023-01-05 08:19:00,2438.76,geyser,0,1493.75,7.01,789.54,1.19,147.28
2023-01-05 08:20:00,2409.46,geyser,0,1501.65,3.99,721.16,8.21,174.44
2023-01-05 08:21:00,2444.66,geyser,0,1500.11,4.41,760.91,6.59,172.64
2023-01-05 08:22:00,2233.09,geyser,0,1372.42,2.89,703.1,6.21,148.47
2023-01-05 08:23:00,2234.29,geyser,0,1390.5,5.21,684.01,5.9,148.68
2023-01-05 08:24:00,2280.15,geyser,0,1644.52,4.01,464.74,2.72,164.15
2023-01-05 08:25:00,2208.79,geyser,0,1402.66,5.33,660.84,1.2,138.77
2023-01-05 08:26:00,2489.34,geyser,0,1487.7,7.6,852.62,6.59,134.84
2023-01-05 08:27:00,2161.76,geyser,0,1365.77,5.62,634.88,2.16,153.33
2023-01-05 08:28:00,2451.59,geyser,0,1739.45,3.9,519.57,5.78,182.88
2023-01-05 08:29:00,2292.75,geyser,0,1427.37,6.59,715.12,6.51,137.16
2023-01-05 08:30:00,2157.74,geyser,0,1400.59,5.46,607.78,0.5,143.41
2023-01-05 08:31:00,2514.15,geyser,0,1668.83,2.47,675.89,6.84,160.12
2023-01-05 08:32:00,2548.46,geyser,0,1684.17,3.68,674.12,6.8,179.68
2023-01-05 08:33:00,2204.46,geyser,0,1397.03,0.99,623.29,8.77,174.39
2023-01-05 08:34:00,2169.98,geyser,0,1432.73,4.75,584.62,7.38,140.5
2023-01-05 08:35:00,2252.48,geyser,0,1486.43,1.35,618.01,4.31,142.39
2023-01-05 08:36:00,2649.04,geyser,0,1741.55,5.75,746.98,3.33,151.45
2023-01-05 08:37:00,2241.76,geyser,0,1413.1,8.17,677.59,5.05,137.85
2023-01-05 08:38:00,2466.67,geyser,0,1568.81,3.06,724.85,3.63,166.33
2023-01-05 08:39:00,2681.24,geyser,0,1577.87,7.11,940.0,0.72,155.54
2023-01-05 08:40:00,2446.39,geyser,1,1496.7,6.84,741.51,10.04,191.3
2023-01-05 08:41:00,2273.56,geyser,0,1502.11,1.97,623.07,3.48,142.94
2023-01-05 08:42:00,2209.05,geyser,0,1534.64,6.48,505.33,2.71,159.89
2023-01-05 08:43:00,2188.6,geyser,0,1377.59,5.48,639.32,3.92,162.28
2023-01-05 08:44:00,2165.29,geyser,0,1331.21,5.58,658.47,4.06,165.96
2023-01-05 08:45:00,2667.16,geyser,0,1646.57,1.92,843.4,2.05,173.21
2023-01-05 08:46:00,2519.63,geyser,0,1473.87,7.61,839.01,3.06,196.08
2023-01-05 08:47:00,2505.61,geyser,0,1527.71,1.48,783.66,7.72,185.05
2023-01-05 08:48:00,2451.83,geyser,0,1525.26,5.39,748.35,5.6,167.23
2023-01-05 08:49:00,2197.49,geyser,0,1623.59,4.27,450.74,7.66,111.24
2023-01-05 08:50:00,2374.26,geyser,0,1408.0,6.62,824.72,5.8,129.12
2023-01-05 08:51:00,2381.03,geyser,0,1511.9,8.11,721.43,0.66,138.94
2023-01-05 08:52:00,2183.43,geyser,0,1313.85,4.8,739.51,3.29,121.98
2023-01-05 08:53:00,2338.98,geyser,0,1414.54,4.84,772.33,6.36,140.91
2023-01-05 08:54:00,2272.38,geyser,0,1498.86,3.58,609.49,7.08,153.35
2023-01-05 08:55:00,2427.67,geyser,0,1526.02,6.05,720.56,6.17,168.87
2023-01-05 08:56:00,2572.43,geyser,0,1746.44,6.18,631.25,4.24,184.31
2023-01-05 08:57:00,2224.85,geyser,0,1364.21,6.19,685.68,2.4,166.37
2023-01-05 08:58:00,2255.96,geyser,0,1486.97,4.78,617.37,5.01,141.83
2023-01-05 08:59:00,2200.32,geyser,0,1463.12,7.0,594.77,4.79,130.64
2023-01-05 09:00:00,887.84,washing_machine,0,9.26,3.65,697.95,6.82,170.17
2023-01-05 09:01:00,730.77,washing_machine,0,3.85,5.29,585.86,2.24,133.54
2023-01-05 09:02:00,719.86,washing_machine,0,5.77,4.78,549.7,2.22,157.39
2023-01-05 09:03:00,759.85,washing_machine,0,7.78,2.59,565.88,5.02,178.58
2023-01-05 09:04:00,982.09,washing_machine,0,6.59,5.16,800.58,2.79,166.97
2023-01-05 09:05:00,860.56,washing_machine,0,2.32,1.61,675.95,5.77,174.91
2023-01-05 09:06:00,962.04,washing_machine,0,8.11,4.12,779.32,3.22,167.28
2023-01-05 09:07:00,1001.84,washing_machine,0,7.51,3.11,835.31,2.1,153.81
2023-01-05 09:08:00,779.3,washing_machine,0,4.17,5.16,609.23,3.58,157.16
2023-01-05 09:09:00,914.26,washing_machine,0,5.81,6.91,764.17,6.85,130.52
2023-01-05 09:10:00,819.8,washing_machine,0,9.0,7.03,653.79,9.59,140.39
2023-01-05 09:11:00,838.11,washing_machine,0,3.77,7.09,676.5,0.0,150.75
2023-01-05 09:12:00,811.53,washing_machine,0,4.7,7.54,656.32,3.19,139.77
2023-01-05 09:13:00,815.27,washing_machine,0,5.39,5.37,673.94,3.08,127.49
2023-01-05 09:14:00,866.93,washing_machine,0,5.6,4.56,737.42,3.97,115.39
2023-01-05 09:15:00,844.42,washing_machine,0,2.48,4.52,726.94,4.86,105.62
2023-01-05 09:16:00,908.35,washing_machine,0,3.75,5.9,758.39,6.61,133.69
2023-01-05 09:17:00,713.84,washing_machine,0,6.59,6.16,542.95,5.23,152.91
2023-01-05 09:18:00,806.69,washing_machine,0,8.27,5.16,653.04,5.76,134.45
2023-01-05 09:19:00,798.74,washing_machine,0,7.14,6.13,612.72,6.46,166.29
2023-01-05 09:20:00,932.62,washing_machine,0,6.56,4.5,720.1,2.48,198.99
2023-01-05 09:21:00,736.66,washing_machine,0,4.34,4.54,569.04,4.28,154.46
2023-01-05 09:22:00,700.94,washing_machine,0,5.07,3.88,556.77,3.17,132.06
2023-01-05 09:23:00,959.73,washing_machine,0,3.88,3.78,784.79,2.06,165.21
2023-01-05 09:24:00,1123.59,washing_machine,0,7.06,8.97,950.96,4.39,152.22
2023-01-05 09:25:00,816.03,washing_machine,0,3.92,4.25,640.21,6.09,161.57
2023-01-05 09:26:00,895.86,washing_machine,0,4.08,7.47,687.29,9.01,188.01
2023-01-05 09:27:00,766.09,washing_machine,0,2.37,5.03,565.04,3.81,189.84
2023-01-05 09:28:00,799.44,washing_machine,0,3.13,5.79,645.39,4.07,141.05
2023-01-05 09:29:00,1027.24,washing_machine,0,5.95,3.94,877.05,6.12,134.18
2023-01-05 09:30:00,650.86,washing_machine,0,7.1,8.9,475.56,7.1,152.21
2023-01-05 09:31:00,777.27,washing_machine,0,7.51,0.89,644.86,3.85,120.16
2023-01-05 09:32:00,807.14,washing_machine,0,6.33,5.7,652.55,1.1,141.47
2023-01-05 09:33:00,959.94,washing_machine,0,3.02,7.43,782.12,7.27,160.1
2023-01-05 09:34:00,878.31,washing_machine,0,4.17,5.33,724.79,6.56,137.46
2023-01-05 09:35:00,714.78,washing_machine,0,8.03,2.24,559.86,3.71,140.93
2023-01-05 09:36:00,765.04,washing_machine,0,9.02,7.25,578.0,0.0,170.77
2023-01-05 09:37:00,855.38,washing_machine,0,1.19,4.76,702.36,6.56,140.51
2023-01-05 09:38:00,845.63,washing_machine,0,5.99,5.24,694.89,3.47,136.03
2023-01-05 09:39:00,777.28,washing_machine,0,8.37,4.89,598.05,5.96,160.0
2023-01-05 09:40:00,925.65,washing_machine,0,3.48,5.22,776.07,4.09,136.78
2023-01-05 09:41:00,911.59,washing_machine,0,6.49,7.81,731.84,5.79,159.67
2023-01-05 09:42:00,1103.56,washing_machine,0,6.21,6.4,943.21,2.61,145.13
2023-01-05 09:43:00,720.98,washing_machine,0,6.96,6.25,595.78,4.59,107.39
2023-01-05 09:44:00,893.07,washing_machine,0,0.33,3.95,715.02,7.04,166.73
2023-01-05 09:45:00,926.29,washing_machine,1,15.9,3.08,709.42,0.98,196.91
2023-01-05 09:46:00,905.61,washing_machine,0,7.12,1.92,705.46,5.51,185.6
2023-01-05 09:47:00,715.52,washing_machine,0,5.44,3.5,554.65,3.87,148.07
2023-01-05 09:48:00,931.01,washing_machine,0,8.36,9.73,773.37,5.01,134.55
2023-01-05 09:49:00,781.15,washing_machine,0,2.2,5.25,606.01,4.58,163.11
2023-01-05 09:50:00,1048.56,washing_machine,0,5.15,3.76,882.0,1.49,156.17
2023-01-05 09:51:00,849.31,washing_machine,0,5.98,7.69,681.71,7.52,146.42
2023-01-05 09:52:00,828.97,washing_machine,0,4.3,3.6,690.63,4.41,126.02
2023-01-05 09:53:00,921.05,washing_machine,0,7.07,3.97,761.47,6.21,142.34
2023-01-05 09:54:00,728.52,washing_machine,0,3.94,3.77,587.88,3.99,128.94
2023-01-05 09:55:00,1006.1,washing_machine,0,6.27,4.48,839.23,8.02,148.1
2023-01-05 09:56:00,1407.68,washing_machine,1,5.16,2.32,892.27,1.34,506.58
2023-01-05 09:57:00,1089.08,washing_machine,0,3.71,5.75,965.34,6.26,108.02
2023-01-05 09:58:00,867.62,washing_machine,0,6.13,7.25,702.73,1.97,149.54
2023-01-05 09:59:00,686.36,washing_machine,1,3.56,3.79,493.19,27.15,158.67
2023-01-05 10:00:00,740.87,washing_machine,0,2.37,5.62,609.13,4.52,119.24
2023-01-05 10:01:00,763.05,washing_machine,0,1.84,4.78,601.99,6.72,147.72
2023-01-05 10:02:00,838.72,washing_machine,0,6.55,3.89,672.66,5.28,150.34
2023-01-05 10:03:00,821.69,washing_machine,0,7.05,3.12,649.09,6.38,156.06
2023-01-05 10:04:00,739.48,washing_machine,0,4.25,7.8,567.02,4.14,156.28
2023-01-05 10:05:00,766.78,washing_machine,0,3.04,6.97,589.98,4.25,162.55
2023-01-05 10:06:00,869.4,washing_machine,0,3.94,5.81,672.91,4.22,182.51
2023-01-05 10:07:00,794.82,washing_machine,0,4.93,5.48,612.62,6.83,164.97
2023-01-05 10:08:00,823.92,washing_machine,0,3.39,4.0,612.48,5.16,198.9
2023-01-05 10:09:00,963.81,washing_machine,0,2.13,6.03,758.45,3.69,193.52
2023-01-05 10:10:00,921.98,washing_machine,0,5.26,4.43,740.62,3.58,168.09
2023-01-05 10:11:00,653.68,washing_machine,0,3.62,2.45,530.63,3.78,113.2
2023-01-05 10:12:00,941.56,washing_machine,0,5.84,5.96,793.81,8.11,127.84
2023-01-05 10:13:00,1013.3,washing_machine,0,6.52,1.1,854.99,5.98,144.71
2023-01-05 10:14:00,711.74,washing_machine,0,5.41,3.95,547.89,2.99,151.51
2023-01-05 10:15:00,963.78,washing_machine,0,4.63,7.73,789.53,4.23,157.67
2023-01-05 10:16:00,899.61,washing_machine,0,2.0,7.49,731.61,5.27,153.24
2023-01-05 10:17:00,940.33,washing_machine,0,4.4,4.33,756.89,5.17,169.55
2023-01-05 10:18:00,787.3,washing_machine,0,5.93,5.02,602.33,4.21,169.83
2023-01-05 10:19:00,906.26,washing_machine,0,5.68,7.81,722.15,3.75,166.87
2023-01-05 10:20:00,732.91,washing_machine,0,6.16,4.95,575.6,4.76,141.44
2023-01-05 10:21:00,844.89,washing_machine,0,5.78,7.3,694.74,4.9,132.17
2023-01-05 10:22:00,820.03,washing_machine,0,4.1,4.77,660.36,5.77,145.03
2023-01-05 10:23:00,1065.74,washing_machine,0,5.97,5.58,940.81,3.03,110.36
2023-01-05 10:24:00,611.09,washing_machine,0,3.88,5.28,466.01,5.77,130.16
2023-01-05 10:25:00,851.56,washing_machine,0,7.83,3.83,686.4,3.38,150.12
2023-01-05 10:26:00,882.82,washing_machine,0,8.1,5.62,734.43,6.85,127.82
2023-01-05 10:27:00,883.11,washing_machine,0,4.05,4.55,713.63,5.24,155.63
2023-01-05 10:28:00,982.87,washing_machine,0,4.52,3.64,792.01,6.39,176.32
2023-01-05 10:29:00,896.94,washing_machine,0,4.91,3.66,720.08,5.06,163.24
2023-01-05 10:30:00,999.28,washing_machine,0,5.48,4.32,850.08,4.9,134.49
2023-01-05 10:31:00,789.55,washing_machine,0,0.8,2.17,614.18,1.54,170.85
2023-01-05 10:32:00,989.75,washing_machine,0,5.99,3.38,834.66,2.67,143.06
2023-01-05 10:33:00,906.77,washing_machine,0,2.96,4.18,743.54,2.43,153.66
2023-01-05 10:34:00,774.34,washing_machine,0,6.18,2.4,605.94,6.99,152.83
2023-01-05 10:35:00,935.57,washing_machine,0,3.44,4.47,720.39,3.35,203.91
2023-01-05 10:36:00,918.69,washing_machine,0,3.61,4.36,783.35,6.63,120.74
2023-01-05 10:37:00,917.62,washing_machine,0,4.02,3.26,722.72,4.74,182.89
2023-01-05 10:38:00,910.57,washing_machine,0,2.62,6.91,723.16,5.48,172.4
2023-01-05 10:39:00,851.35,washing_machine,0,6.96,4.22,700.69,7.17,132.31
2023-01-05 10:40:00,1056.16,washing_machine,0,5.92,5.97,881.09,5.7,157.47
2023-01-05 10:41:00,972.65,washing_machine,0,5.43,3.96,816.35,5.64,141.27
2023-01-05 10:42:00,784.86,washing_machine,0,3.22,5.54,649.74,7.11,119.25
2023-01-05 10:43:00,979.82,washing_machine,0,8.67,7.94,840.24,4.03,118.93
2023-01-05 10:44:00,1041.49,washing_machine,0,2.37,2.78,890.1,3.56,142.68
2023-01-05 10:45:00,733.01,washing_machine,0,5.88,5.85,572.37,3.2,145.71
2023-01-05 10:46:00,863.94,washing_machine,0,6.33,4.88,703.36,5.55,143.82
2023-01-05 10:47:00,983.98,washing_machine,0,6.73,3.82,798.62,8.83,165.97
2023-01-05 10:48:00,876.08,washing_machine,0,6.05,7.05,678.52,6.61,177.86
2023-01-05 10:49:00,790.94,washing_machine,0,3.68,3.8,623.78,7.32,152.36
2023-01-05 10:50:00,732.13,washing_machine,0,3.91,4.42,582.59,4.47,136.75
2023-01-05 10:51:00,869.4,washing_machine,0,0.67,7.89,729.33,5.59,125.92
2023-01-05 10:52:00,734.54,washing_machine,0,6.05,6.83,573.4,7.26,141.0
2023-01-05 10:53:00,1084.21,washing_machine,0,4.82,5.07,897.86,9.11,167.35
2023-01-05 10:54:00,909.3,washing_machine,0,6.62,6.53,737.63,7.15,151.37
2023-01-05 10:55:00,885.72,washing_machine,0,4.23,4.34,723.8,5.16,148.2
2023-01-05 10:56:00,886.74,washing_machine,0,5.71,2.96,687.71,3.19,187.18
2023-01-05 10:57:00,827.15,washing_machine,0,5.51,5.59,644.26,7.19,164.59
2023-01-05 10:58:00,822.71,washing_machine,0,5.59,2.28,678.08,5.7,131.06
2023-01-05 10:59:00,706.65,washing_machine,0,4.55,3.67,545.04,6.07,147.32
2023-01-05 11:00:00,750.81,washing_machine,0,5.3,1.91,592.89,5.06,145.66
2023-01-05 11:01:00,928.51,washing_machine,0,7.52,4.44,774.17,8.88,133.51
2023-01-05 11:02:00,940.81,washing_machine,0,6.72,4.53,782.57,4.21,142.78
2023-01-05 11:03:00,795.24,washing_machine,0,4.94,4.89,630.72,6.01,148.68
2023-01-05 11:04:00,902.25,washing_machine,0,7.8,6.87,728.67,6.66,152.25
2023-01-05 11:05:00,1001.17,washing_machine,0,3.55,2.64,842.78,5.33,146.88
2023-01-05 11:06:00,786.66,washing_machine,0,2.77,4.97,644.6,7.0,127.32
2023-01-05 11:07:00,871.57,washing_machine,0,5.14,6.27,716.11,3.81,140.25
2023-01-05 11:08:00,821.5,washing_machine,0,4.9,8.32,649.23,4.63,154.42
2023-01-05 11:09:00,1016.3,washing_machine,0,3.49,1.15,846.26,5.19,160.21
2023-01-05 11:10:00,827.27,washing_machine,0,4.18,7.72,688.45,4.14,122.77
2023-01-05 11:11:00,857.75,washing_machine,0,6.73,6.73,711.43,7.14,125.72
2023-01-05 11:12:00,835.79,washing_machine,0,6.65,2.4,663.52,2.77,160.45
2023-01-05 11:13:00,978.29,washing_machine,0,9.36,6.79,831.52,4.59,126.03
2023-01-05 11:14:00,867.89,washing_machine,0,3.15,0.0,701.68,3.84,159.22
2023-01-05 11:15:00,1055.91,washing_machine,0,4.04,4.78,895.23,5.15,146.7
2023-01-05 11:16:00,1136.46,washing_machine,1,25.29,1.66,908.04,2.52,198.95
2023-01-05 11:17:00,851.17,washing_machine,0,6.2,3.18,683.27,4.26,154.27
2023-01-05 11:18:00,788.62,washing_machine,0,8.11,6.18,631.84,4.45,138.04
2023-01-05 11:19:00,849.05,washing_machine,0,5.53,3.42,692.22,5.46,142.41
2023-01-05 11:20:00,853.8,washing_machine,0,5.22,2.59,725.59,6.12,114.29
2023-01-05 11:21:00,902.13,washing_machine,0,5.16,4.17,748.37,2.82,141.61
2023-01-05 11:22:00,813.08,washing_machine,0,6.75,9.17,667.68,5.42,124.06
2023-01-05 11:23:00,774.87,washing_machine,0,6.28,6.28,606.76,5.84,149.7
2023-01-05 11:24:00,844.87,washing_machine,0,9.71,5.15,662.1,6.37,161.54
2023-01-05 11:25:00,968.84,washing_machine,0,7.28,1.63,780.88,4.83,174.22
2023-01-05 11:26:00,971.22,washing_machine,0,8.78,2.74,794.49,4.03,161.18
2023-01-05 11:27:00,747.86,washing_machine,0,2.77,4.56,573.01,3.83,163.7
2023-01-05 11:28:00,832.86,washing_machine,0,2.99,6.24,679.04,7.84,136.76
2023-01-05 11:29:00,758.49,washing_machine,0,7.38,5.41,580.0,6.46,159.25
2023-01-05 11:30:00,964.55,washing_machine,0,6.85,3.91,787.65,8.65,157.49
2023-01-05 11:31:00,899.22,washing_machine,0,4.83,4.85,751.68,6.45,131.42
2023-01-05 11:32:00,818.9,washing_machine,0,9.39,7.6,650.05,0.88,150.99
2023-01-05 11:33:00,986.05,washing_machine,0,5.17,9.95,791.93,6.02,172.98
2023-01-05 11:34:00,941.39,washing_machine,0,3.71,5.0,766.12,3.75,162.82
2023-01-05 11:35:00,914.44,washing_machine,0,7.67,4.61,756.7,5.03,140.43
2023-01-05 11:36:00,916.4,washing_machine,0,5.0,4.17,748.96,5.62,152.65
2023-01-05 11:37:00,830.94,washing_machine,0,3.28,3.88,665.7,3.68,154.41
2023-01-05 11:38:00,945.83,washing_machine,0,4.37,6.93,760.25,4.27,170.01
2023-01-05 11:39:00,833.69,washing_machine,0,4.63,6.56,691.03,1.71,129.75
2023-01-05 11:40:00,941.57,washing_machine,0,4.04,5.47,764.12,5.56,162.38
2023-01-05 11:41:00,953.85,washing_machine,0,7.96,5.18,794.24,6.12,140.34
2023-01-05 11:42:00,943.0,washing_machine,0,6.59,4.23,794.99,3.94,133.26
2023-01-05 11:43:00,940.68,washing_machine,0,3.6,4.85,784.13,5.75,142.36
2023-01-05 11:44:00,924.55,washing_machine,0,2.85,2.82,770.01,2.79,146.08
2023-01-05 11:45:00,849.22,washing_machine,0,6.07,2.59,683.58,4.29,152.69
2023-01-05 11:46:00,892.28,washing_machine,0,7.62,5.32,729.7,7.57,142.07
2023-01-05 11:47:00,816.84,washing_machine,0,8.57,3.96,658.4,3.06,142.85
2023-01-05 11:48:00,958.65,washing_machine,0,6.4,4.02,778.78,6.31,163.14
2023-01-05 11:49:00,717.32,washing_machine,0,3.55,4.5,552.7,5.03,151.55
2023-01-05 11:50:00,1021.56,washing_machine,0,5.05,3.95,839.52,5.22,167.82
2023-01-05 11:51:00,839.43,washing_machine,0,8.09,6.71,661.96,7.33,155.34
2023-01-05 11:52:00,901.51,washing_machine,0,2.88,2.36,715.5,7.62,173.15
2023-01-05 11:53:00,981.76,washing_machine,0,4.15,2.26,827.75,4.72,142.88
2023-01-05 11:54:00,833.96,washing_machine,0,6.67,1.87,651.96,4.26,169.2
2023-01-05 11:55:00,937.69,washing_machine,0,4.76,7.64,803.08,4.59,117.62
2023-01-05 11:56:00,835.7,washing_machine,0,3.83,5.76,667.06,1.44,157.62
2023-01-05 11:57:00,942.49,washing_machine,0,1.32,5.07,775.35,5.25,155.49
2023-01-05 11:58:00,882.08,washing_machine,0,5.94,9.44,718.51,5.52,142.67
2023-01-05 11:59:00,851.01,washing_machine,0,3.66,6.45,668.66,5.06,167.19
2023-01-05 12:00:00,1304.08,ac,0,4.08,1117.08,4.02,5.99,172.92
2023-01-05 12:01:00,1525.83,ac,0,6.64,1356.73,5.72,5.37,151.37
2023-01-05 12:02:00,1544.91,ac,0,4.82,1378.87,8.17,0.85,152.2
2023-01-05 12:03:00,1512.6,ac,0,1.34,1354.43,2.18,5.35,149.3
2023-01-05 12:04:00,1257.49,ac,0,5.44,1101.02,8.08,2.9,140.04
2023-01-05 12:05:00,1174.19,ac,0,5.85,983.06,0.8,1.99,182.48
2023-01-05 12:06:00,1443.67,ac,0,3.31,1268.16,2.39,4.63,165.18
2023-01-05 12:07:00,1460.5,ac,0,7.38,1304.35,4.6,5.34,138.83
2023-01-05 12:08:00,1264.93,ac,0,5.03,1139.38,4.35,5.98,110.19
2023-01-05 12:09:00,1665.32,ac,0,3.37,1512.75,3.7,3.21,142.29
2023-01-05 12:10:00,1303.74,ac,0,4.66,1114.08,1.73,4.31,178.96
2023-01-05 12:11:00,1479.0,ac,0,1.72,1283.89,1.82,3.36,188.2
2023-01-05 12:12:00,1578.37,ac,0,2.81,1422.83,4.45,4.91,143.37
2023-01-05 12:13:00,1393.76,ac,0,8.88,1234.55,1.59,1.78,146.96
2023-01-05 12:14:00,1210.51,ac,0,4.75,1031.74,4.23,5.75,164.05
2023-01-05 12:15:00,1400.06,ac,0,6.2,1186.15,4.18,5.38,198.15
2023-01-05 12:16:00,1541.24,ac,0,4.96,1359.94,1.03,5.92,169.39
2023-01-05 12:17:00,1446.86,ac,0,2.79,1277.46,0.94,4.88,160.8
2023-01-05 12:18:00,1573.41,ac,0,6.95,1420.86,5.19,5.76,134.65
2023-01-05 12:19:00,1215.95,ac,0,6.39,1064.35,7.25,5.82,132.14
2023-01-05 12:20:00,1473.55,ac,0,4.38,1299.64,5.91,1.39,162.23
2023-01-05 12:21:00,1464.51,ac,0,4.65,1299.76,6.12,6.59,147.39
2023-01-05 12:22:00,1273.91,ac,0,3.1,1129.19,3.46,7.13,131.04
2023-01-05 12:23:00,1465.01,ac,0,5.23,1271.18,6.94,3.99,177.66
2023-01-05 12:24:00,1473.49,ac,0,5.27,1284.0,5.96,5.87,172.39
2023-01-05 12:25:00,1275.67,ac,0,5.65,1120.31,4.35,1.96,143.4
2023-01-05 12:26:00,1410.13,ac,0,5.43,1246.62,5.14,7.49,145.45
2023-01-05 12:27:00,1510.71,ac,0,3.24,1373.08,3.8,3.46,127.14
2023-01-05 12:28:00,1239.72,ac,0,6.07,1072.83,4.35,4.68,151.78
2023-01-05 12:29:00,1550.91,ac,0,6.88,1350.7,4.17,8.88,180.27
2023-01-05 12:30:00,973.16,ac,0,4.85,872.1,5.99,4.13,86.11
2023-01-05 12:31:00,1189.95,ac,0,7.28,997.71,6.54,6.27,172.16
2023-01-05 12:32:00,1449.62,ac,0,4.36,1265.79,6.12,5.11,168.24
2023-01-05 12:33:00,1266.23,ac,0,3.42,1088.08,7.39,0.16,167.17
2023-01-05 12:34:00,1077.43,ac,0,6.07,931.72,4.1,1.2,134.35
2023-01-05 12:35:00,1453.15,ac,0,2.48,1287.34,6.09,5.81,151.43
2023-01-05 12:36:00,1302.47,ac,0,6.64,1140.6,4.95,4.7,145.58
2023-01-05 12:37:00,1371.34,ac,0,1.75,1216.53,5.76,7.65,139.65
2023-01-05 12:38:00,1218.82,ac,0,4.01,1064.72,6.68,5.81,137.6
2023-01-05 12:39:00,1524.73,ac,0,4.45,1323.14,5.83,4.07,187.24
2023-01-05 12:40:00,1405.23,ac,0,2.65,1221.36,7.92,2.48,170.81
2023-01-05 12:41:00,1454.25,ac,0,4.58,1325.6,3.33,5.76,114.98
2023-01-05 12:42:00,1546.26,ac,0,5.88,1354.67,5.79,7.46,172.47
2023-01-05 12:43:00,1514.81,ac,1,3.97,1047.08,4.43,3.08,456.24
2023-01-05 12:44:00,1331.65,ac,0,0.64,1138.52,7.95,3.79,180.75
2023-01-05 12:45:00,1238.56,ac,0,6.38,1053.4,3.99,4.03,170.75
2023-01-05 12:46:00,1368.48,ac,0,7.19,1221.52,4.18,3.42,132.17
2023-01-05 12:47:00,1546.31,ac,0,4.89,1371.6,9.26,4.28,156.28
2023-01-05 12:48:00,1668.99,ac,0,3.83,1511.76,5.47,5.31,142.61
2023-01-05 12:49:00,1328.9,ac,0,1.34,1169.66,4.12,1.33,152.45
2023-01-05 12:50:00,1559.21,ac,0,3.55,1375.36,3.23,6.23,170.83
2023-01-05 12:51:00,1294.02,ac,0,6.05,1130.04,8.7,5.55,143.68
2023-01-05 12:52:00,1449.37,ac,0,3.35,1281.12,6.47,3.23,155.2
2023-01-05 12:53:00,1260.82,ac,1,15.3,1077.98,1.61,2.25,163.68
2023-01-05 12:54:00,1607.89,ac,0,3.83,1450.76,2.02,6.49,144.8
2023-01-05 12:55:00,1613.43,ac,0,4.59,1395.12,8.39,4.74,200.59
2023-01-05 12:56:00,1631.65,ac,0,3.43,1467.64,5.22,6.37,148.99
2023-01-05 12:57:00,1618.62,ac,0,5.57,1466.93,5.09,3.47,137.56
2023-01-05 12:58:00,1301.31,ac,0,6.35,1130.64,3.83,7.07,153.42
2023-01-05 12:59:00,1437.87,ac,0,3.24,1262.19,7.17,4.44,160.84
2023-01-05 13:00:00,1034.61,ac,0,4.87,878.41,5.54,4.74,141.04
2023-01-05 13:01:00,1505.91,ac,0,3.6,1351.79,8.0,8.72,133.79
2023-01-05 13:02:00,1281.69,ac,0,5.05,1115.69,6.98,5.45,148.52
2023-01-05 13:03:00,1149.1,ac,0,5.8,949.45,8.91,7.51,177.42
2023-01-05 13:04:00,1328.25,ac,0,7.05,1187.91,0.46,1.93,130.9
2023-01-05 13:05:00,1589.71,ac,0,3.61,1403.13,6.13,4.76,172.09
2023-01-05 13:06:00,1364.41,ac,0,4.77,1226.43,1.1,4.98,127.13
2023-01-05 13:07:00,1405.42,ac,0,4.18,1246.72,4.34,4.5,145.68
2023-01-05 13:08:00,1352.36,ac,0,4.48,1194.61,2.59,4.12,146.57
2023-01-05 13:09:00,1545.24,ac,0,8.54,1355.1,7.47,1.72,172.4
2023-01-05 13:10:00,1153.3,ac,0,7.42,976.07,6.27,3.05,160.49
2023-01-05 13:11:00,1358.14,ac,0,6.0,1176.25,8.7,7.9,159.29
2023-01-05 13:12:00,1304.85,ac,0,5.36,1059.02,4.22,7.55,228.71
2023-01-05 13:13:00,1314.77,ac,0,4.75,1154.62,5.18,5.41,144.82
2023-01-05 13:14:00,1376.64,ac,0,3.79,1221.43,4.66,8.29,138.48
2023-01-05 13:15:00,1353.63,ac,0,5.95,1212.37,2.85,4.97,127.49
2023-01-05 13:16:00,1461.66,ac,0,2.24,1305.55,5.69,4.01,144.18
2023-01-05 13:17:00,1456.8,ac,0,3.79,1272.48,3.2,7.49,169.84
2023-01-05 13:18:00,1199.98,ac,0,2.88,1056.9,5.34,2.67,132.18
2023-01-05 13:19:00,1258.29,ac,0,2.84,1103.9,5.03,5.96,140.56
2023-01-05 13:20:00,1265.34,ac,0,2.71,1096.71,2.94,5.94,157.03
2023-01-05 13:21:00,1466.36,ac,0,2.92,1310.34,3.06,2.37,147.68
2023-01-05 13:22:00,1570.27,ac,0,3.11,1384.06,4.95,5.54,172.61
2023-01-05 13:23:00,1340.6,ac,0,4.38,1163.47,6.15,0.44,166.17
2023-01-05 13:24:00,1542.78,ac,0,8.72,1383.68,3.77,2.81,143.8
2023-01-05 13:25:00,1255.69,ac,0,3.47,1117.02,3.41,1.6,130.19
2023-01-05 13:26:00,1427.76,ac,0,7.45,1237.46,3.37,5.38,174.11
2023-01-05 13:27:00,1337.86,ac,0,2.36,1207.29,5.06,5.2,117.95
2023-01-05 13:28:00,1200.81,ac,0,6.48,1065.78,4.93,5.76,117.87
2023-01-05 13:29:00,1359.42,ac,0,5.19,1175.78,6.99,8.44,163.03
2023-01-05 13:30:00,1311.72,ac,0,4.22,1138.54,0.61,6.16,162.19
2023-01-05 13:31:00,1157.01,ac,0,7.17,1001.45,6.5,4.02,137.87
2023-01-05 13:32:00,1456.19,ac,0,5.59,1296.84,7.4,3.15,143.21
2023-01-05 13:33:00,1111.36,ac,0,4.19,934.6,6.49,2.89,163.19
2023-01-05 13:34:00,1099.27,ac,0,3.44,947.49,8.29,4.32,135.72
2023-01-05 13:35:00,1508.32,ac,0,2.68,1383.83,5.12,7.1,109.59
2023-01-05 13:36:00,1429.66,ac,0,5.68,1273.58,5.12,7.59,137.69
2023-01-05 13:37:00,1329.56,ac,0,3.21,1149.76,3.0,5.66,167.94
2023-01-05 13:38:00,1493.32,ac,0,7.05,1342.32,5.25,5.93,132.77
2023-01-05 13:39:00,1606.91,ac,0,7.44,1427.52,4.15,7.28,160.52
2023-01-05 13:40:00,1433.99,ac,0,6.34,1305.42,2.43,6.3,113.5
2023-01-05 13:41:00,1204.13,ac,0,2.11,1067.01,5.05,7.72,122.25
2023-01-05 13:42:00,1503.78,ac,0,4.41,1321.25,5.26,2.63,170.23
2023-01-05 13:43:00,1473.83,ac,0,8.79,1358.99,4.96,2.65,98.42
2023-01-05 13:44:00,1419.17,ac,0,5.02,1274.96,3.34,6.8,129.04
2023-01-05 13:45:00,1278.08,ac,0,3.79,1118.93,2.66,6.97,145.74
2023-01-05 13:46:00,1220.29,ac,0,4.41,1049.38,7.67,3.47,155.37
2023-01-05 13:47:00,1220.17,ac,0,0.01,1105.39,6.89,3.38,104.5
2023-01-05 13:48:00,1398.01,ac,0,2.56,1214.3,5.28,6.93,168.94
2023-01-05 13:49:00,1361.8,ac,0,3.56,1191.59,5.41,6.97,154.26
2023-01-05 13:50:00,1454.02,ac,0,3.47,1262.6,1.55,6.66,179.74
2023-01-05 13:51:00,1110.19,ac,0,1.93,941.5,1.03,7.46,158.27
2023-01-05 13:52:00,1676.19,ac,0,4.08,1474.34,4.89,3.51,189.37
2023-01-05 13:53:00,1313.12,ac,0,5.37,1149.82,3.37,4.89,149.66
2023-01-05 13:54:00,1476.48,ac,0,1.81,1312.78,4.75,5.16,151.98
2023-01-05 13:55:00,1541.67,ac,0,9.62,1411.9,3.85,4.85,111.45
2023-01-05 13:56:00,1309.87,ac,0,7.89,1173.49,5.19,1.08,122.22
2023-01-05 13:57:00,1428.47,ac,0,4.82,1274.94,5.04,5.28,138.4
2023-01-05 13:58:00,1090.26,ac,0,4.38,889.6,0.47,4.01,191.81
2023-01-05 13:59:00,1416.63,ac,0,3.87,1209.42,5.07,7.36,190.91
2023-01-05 14:00:00,1428.42,ac,0,5.19,1275.79,6.69,3.75,137.0
2023-01-05 14:01:00,1362.67,ac,0,3.12,1185.25,6.46,4.69,163.15
2023-01-05 14:02:00,1523.76,ac,0,6.23,1361.19,6.48,2.77,147.09
2023-01-05 14:03:00,1327.76,ac,0,3.1,1186.58,6.46,4.87,126.75
2023-01-05 14:04:00,1376.93,ac,0,4.06,1240.84,5.99,7.21,118.83
2023-01-05 14:05:00,1499.7,ac,1,4.01,1353.99,5.26,12.02,124.41
2023-01-05 14:06:00,1391.92,ac,0,6.1,1235.79,4.62,6.16,139.26
2023-01-05 14:07:00,1499.09,ac,0,3.62,1319.66,4.91,2.66,168.24
2023-01-05 14:08:00,1381.96,ac,0,7.87,1193.96,6.13,8.92,165.08
2023-01-05 14:09:00,1454.13,ac,0,3.36,1296.34,3.6,4.07,146.76
2023-01-05 14:10:00,1147.48,ac,0,4.0,976.33,1.92,6.22,159.0
2023-01-05 14:11:00,1200.2,ac,0,8.91,1039.95,5.75,4.8,140.78
2023-01-05 14:12:00,1553.66,ac,0,7.84,1375.25,4.13,6.15,160.3
2023-01-05 14:13:00,1469.04,ac,0,4.38,1300.84,2.73,4.92,156.16
2023-01-05 14:14:00,1469.49,ac,0,1.72,1277.26,0.89,5.87,183.76
2023-01-05 14:15:00,1546.25,ac,0,4.54,1395.53,0.78,6.22,139.18
2023-01-05 14:16:00,1531.95,ac,0,4.38,1369.29,7.11,0.0,151.17
2023-01-05 14:17:00,1545.44,ac,0,8.84,1397.23,4.57,5.74,129.05
2023-01-05 14:18:00,1392.35,ac,0,6.18,1237.6,6.32,5.87,136.39
2023-01-05 14:19:00,1411.15,ac,0,5.79,1221.88,5.65,3.16,174.67
2023-01-05 14:20:00,1590.43,ac,0,2.02,1405.39,2.06,7.19,173.77
2023-01-05 14:21:00,1415.9,ac,0,8.89,1252.03,3.69,3.53,147.76
2023-01-05 14:22:00,1431.61,ac,0,5.15,1259.56,5.63,4.02,157.24
2023-01-05 14:23:00,1379.24,ac,0,2.57,1171.06,5.93,6.42,193.24
2023-01-05 14:24:00,1512.9,ac,0,6.48,1334.22,7.18,7.11,157.91
2023-01-05 14:25:00,1340.52,ac,0,3.05,1187.45,7.62,3.24,139.17
2023-01-05 14:26:00,1321.27,ac,0,4.5,1150.37,3.0,6.0,157.4
2023-01-05 14:27:00,1209.17,ac,0,2.98,1037.29,6.26,1.47,161.17
2023-01-05 14:28:00,1438.62,ac,0,2.7,1289.31,4.17,3.78,138.67
2023-01-05 14:29:00,1704.42,ac,0,1.59,1559.51,7.43,4.3,131.59
2023-01-05 14:30:00,1255.65,ac,0,8.32,1047.53,6.96,5.8,187.04
2023-01-05 14:31:00,1481.27,ac,0,4.64,1307.72,2.35,3.81,162.75
2023-01-05 14:32:00,1694.57,ac,1,6.11,1159.99,4.9,4.35,519.22
2023-01-05 14:33:00,1216.21,ac,0,5.74,1059.27,4.15,2.79,144.27
2023-01-05 14:34:00,1259.25,ac,0,6.12,1101.73,4.26,7.06,140.08
2023-01-05 14:35:00,1348.38,ac,0,6.39,1206.0,3.46,7.48,125.05
2023-01-05 14:36:00,1496.62,ac,0,8.47,1321.57,4.78,2.75,159.05
2023-01-05 14:37:00,1398.6,ac,0,4.69,1255.98,4.67,5.57,127.69
2023-01-05 14:38:00,1441.0,ac,0,3.37,1248.62,5.31,5.44,178.25
2023-01-05 14:39:00,4188.0,ac,1,4.07,3981.68,2.83,3.36,196.06
2023-01-05 14:40:00,1184.48,ac,0,3.06,1034.07,7.27,6.33,133.75
2023-01-05 14:41:00,1240.84,ac,0,4.73,1043.18,6.3,7.53,179.11
2023-01-05 14:42:00,1473.99,ac,0,1.88,1318.27,9.57,3.75,140.52
2023-01-05 14:43:00,1280.34,ac,0,7.87,1115.18,5.12,4.47,147.7
2023-01-05 14:44:00,1668.82,ac,0,3.14,1508.73,5.35,3.37,148.23
2023-01-05 14:45:00,1025.12,ac,0,8.3,851.41,5.51,4.06,155.85
2023-01-05 14:46:00,1551.61,ac,0,4.99,1402.05,3.46,4.23,136.87
2023-01-05 14:47:00,1255.67,ac,0,6.22,1094.66,3.79,5.33,145.67
2023-01-05 14:48:00,1484.16,ac,0,6.51,1316.56,7.97,2.39,150.73
2023-01-05 14:49:00,1303.07,ac,0,3.41,1130.57,3.71,8.76,156.63
2023-01-05 14:50:00,1319.75,ac,0,8.05,1181.59,4.25,4.09,121.77
2023-01-05 14:51:00,1423.44,ac,0,7.44,1238.53,8.47,5.51,163.5
2023-01-05 14:52:00,1371.95,ac,0,6.37,1225.04,0.0,3.78,136.75
2023-01-05 14:53:00,1877.9,ac,0,5.96,1703.24,3.71,4.15,160.85
2023-01-05 14:54:00,1161.54,ac,0,3.58,984.25,8.06,0.56,165.08
2023-01-05 14:55:00,1294.64,ac,0,2.77,1126.41,4.65,5.6,155.21
2023-01-05 14:56:00,1561.21,ac,0,3.25,1417.98,7.1,5.55,127.34
2023-01-05 14:57:00,1248.84,ac,0,5.24,1059.33,5.69,6.55,172.03
2023-01-05 14:58:00,1387.15,ac,0,5.72,1199.87,4.79,6.74,170.03
2023-01-05 14:59:00,1173.87,ac,0,5.86,1027.93,3.28,4.07,132.72
2023-01-05 15:00:00,1374.9,ac,0,4.44,1203.43,2.95,7.06,157.02
2023-01-05 15:01:00,1421.12,ac,0,3.69,1227.58,11.77,4.59,173.5
2023-01-05 15:02:00,1336.03,ac,0,1.58,1176.2,5.45,6.94,145.86
2023-01-05 15:03:00,1232.7,ac,0,5.59,1112.3,4.73,5.85,104.23
2023-01-05 15:04:00,1524.04,ac,0,6.41,1337.57,6.98,9.95,163.13
2023-01-05 15:05:00,1601.16,ac,0,8.56,1421.33,2.15,4.02,165.1
2023-01-05 15:06:00,1316.66,ac,0,5.26,1179.41,4.69,1.11,126.18
2023-01-05 15:07:00,1386.62,ac,0,6.91,1204.87,5.44,5.15,164.25
2023-01-05 15:08:00,1426.63,ac,0,4.11,1243.14,8.18,3.17,168.04
2023-01-05 15:09:00,1350.89,ac,0,9.92,1217.95,9.16,2.53,111.34
2023-01-05 15:10:00,1469.86,ac,0,8.15,1332.08,2.63,4.46,122.54
2023-01-05 15:11:00,1582.54,ac,0,5.15,1399.96,5.2,4.84,167.38
2023-01-05 15:12:00,1199.0,ac,0,6.61,1014.13,3.06,4.4,170.79
2023-01-05 15:13:00,1365.57,ac,0,2.6,1223.69,5.98,5.39,127.91
2023-01-05 15:14:00,1293.0,ac,0,2.55,1097.01,4.2,4.28,184.96
2023-01-05 15:15:00,1194.52,ac,0,1.96,1001.52,5.74,10.54,174.76
2023-01-05 15:16:00,1308.03,ac,0,8.79,1160.58,5.18,7.63,125.85
2023-01-05 15:17:00,1420.56,ac,0,6.31,1296.79,7.08,3.59,106.78
2023-01-05 15:18:00,1131.14,ac,0,2.84,968.09,5.08,5.33,149.8
2023-01-05 15:19:00,1316.17,ac,0,6.24,1157.25,2.85,5.61,144.21
2023-01-05 15:20:00,1304.71,ac,0,5.31,1161.0,9.16,8.05,121.2
2023-01-05 15:21:00,1268.1,ac,0,0.0,1135.52,4.72,2.67,125.19
2023-01-05 15:22:00,1516.16,ac,0,6.87,1326.06,6.35,2.5,174.38
2023-01-05 15:23:00,1273.97,ac,0,4.1,1130.94,4.09,2.93,131.91
2023-01-05 15:24:00,1466.05,ac,0,4.6,1296.13,1.8,2.72,160.81
2023-01-05 15:25:00,1269.44,ac,0,6.93,1164.6,4.42,2.91,90.58
2023-01-05 15:26:00,1379.66,ac,0,1.86,1225.62,3.22,2.66,146.3
2023-01-05 15:27:00,1343.81,ac,0,5.55,1214.35,6.88,0.68,116.36
2023-01-05 15:28:00,1017.52,ac,0,4.67,841.51,7.52,5.96,157.87
2023-01-05 15:29:00,1047.28,ac,0,4.83,925.72,2.33,4.26,110.14
2023-01-05 15:30:00,1530.25,ac,0,4.07,1350.89,3.14,8.24,163.92
2023-01-05 15:31:00,1375.11,ac,0,4.58,1254.72,2.87,6.95,105.99
2023-01-05 15:32:00,1687.37,ac,0,5.98,1521.04,6.63,3.87,149.84
2023-01-05 15:33:00,1343.06,ac,0,3.44,1172.93,6.47,5.39,154.84
2023-01-05 15:34:00,1444.97,ac,0,6.41,1286.34,3.55,6.0,142.67
2023-01-05 15:35:00,1239.92,ac,0,2.37,1087.29,6.95,4.39,138.92
2023-01-05 15:36:00,1392.04,ac,0,5.68,1223.99,3.18,3.61,155.59
2023-01-05 15:37:00,1488.17,ac,0,3.93,1331.35,5.48,3.7,143.7
2023-01-05 15:38:00,1504.36,ac,0,7.31,1324.55,4.9,7.15,160.44
2023-01-05 15:39:00,1038.1,ac,0,5.94,893.08,6.95,5.34,126.79
2023-01-05 15:40:00,1549.34,ac,0,5.61,1427.75,7.89,3.03,105.06
2023-01-05 15:41:00,1234.15,ac,0,2.42,1055.76,6.67,2.91,166.39
2023-01-05 15:42:00,1264.8,ac,0,6.84,1077.74,3.31,5.87,171.04
2023-01-05 15:43:00,1386.5,ac,0,6.35,1218.74,3.59,3.14,154.67
2023-01-05 15:44:00,1677.62,ac,0,6.15,1481.5,6.78,4.65,178.54
2023-01-05 15:45:00,1380.74,ac,0,7.07,1226.92,5.67,7.07,134.0
2023-01-05 15:46:00,1332.1,ac,0,5.61,1164.57,5.12,4.79,152.0
2023-01-05 15:47:00,1307.17,ac,0,8.87,1134.62,3.48,3.94,156.26
2023-01-05 15:48:00,1400.03,ac,0,4.82,1246.24,3.87,7.13,137.97
2023-01-05 15:49:00,1545.45,ac,0,3.01,1354.81,6.52,5.37,175.73
2023-01-05 15:50:00,1169.41,ac,0,7.75,1012.31,7.23,0.0,142.12
2023-01-05 15:51:00,1429.6,ac,0,3.55,1255.14,4.81,5.8,160.3
2023-01-05 15:52:00,1647.05,ac,0,0.78,1532.85,5.5,3.96,103.96
2023-01-05 15:53:00,1110.49,ac,0,7.52,952.04,4.15,4.68,142.1
2023-01-05 15:54:00,1519.55,ac,0,11.04,1366.09,2.98,8.05,131.39
2023-01-05 15:55:00,1293.53,ac,0,4.74,1127.56,6.34,2.63,152.25
2023-01-05 15:56:00,1322.67,ac,0,2.45,1162.69,1.51,3.34,152.69
2023-01-05 15:57:00,1534.58,ac,0,6.44,1386.34,3.07,3.37,135.36
2023-01-05 15:58:00,1730.02,ac,0,8.34,1574.28,2.53,4.77,140.11
2023-01-05 15:59:00,1103.36,ac,0,7.27,929.94,4.77,5.11,156.26
2023-01-05 16:00:00,1344.19,ac,0,6.57,1182.23,6.73,5.51,143.15
2023-01-05 16:01:00,1343.96,ac,0,3.27,1146.65,4.83,3.58,185.62
2023-01-05 16:02:00,1922.56,ac,1,5.46,1285.58,4.8,5.33,621.39
2023-01-05 16:03:00,1339.78,ac,0,3.55,1166.29,6.66,6.58,156.7
2023-01-05 16:04:00,1263.31,ac,0,5.88,1123.61,4.0,4.25,125.56
2023-01-05 16:05:00,1478.44,ac,1,2.05,1321.5,12.59,6.81,135.5
2023-01-05 16:06:00,1340.02,ac,0,8.36,1177.43,7.81,4.33,142.09
2023-01-05 16:07:00,1159.73,ac,0,6.12,1031.51,2.56,1.94,117.61
2023-01-05 16:08:00,1032.58,ac,0,7.17,836.33,6.24,3.95,178.87
2023-01-05 16:09:00,1641.69,ac,0,6.73,1449.75,5.36,8.16,171.69
2023-01-05 16:10:00,1468.35,ac,0,1.95,1310.6,6.46,3.07,146.27
2023-01-05 16:11:00,1335.37,ac,0,4.25,1183.83,1.26,6.53,139.49
2023-01-05 16:12:00,1711.19,ac,0,9.74,1566.81,1.88,3.17,129.59
2023-01-05 16:13:00,1532.82,ac,0,6.35,1365.74,1.44,2.85,156.44
2023-01-05 16:14:00,1126.64,ac,0,4.29,986.98,6.09,1.63,127.64
2023-01-05 16:15:00,1393.36,ac,0,6.15,1252.28,1.31,6.82,126.8
2023-01-05 16:16:00,1463.87,ac,0,6.64,1304.16,3.24,5.98,143.85
2023-01-05 16:17:00,1186.63,ac,0,5.13,1027.37,5.17,3.96,145.0
2023-01-05 16:18:00,1027.64,ac,0,2.06,876.9,7.91,5.72,135.06
2023-01-05 16:19:00,1136.14,ac,0,4.95,998.68,5.88,3.91,122.73
2023-01-05 16:20:00,1330.04,ac,0,4.86,1156.49,4.88,9.66,154.16
2023-01-05 16:21:00,1223.94,ac,0,6.3,1074.74,6.8,4.75,131.35
2023-01-05 16:22:00,1467.81,ac,0,2.94,1295.8,7.0,4.82,157.24
2023-01-05 16:23:00,1293.66,ac,0,4.81,1116.83,6.39,1.78,163.83
2023-01-05 16:24:00,1396.41,ac,0,3.4,1258.86,6.63,4.75,122.77
2023-01-05 16:25:00,1494.25,ac,0,0.77,1298.42,2.75,7.55,184.75
2023-01-05 16:26:00,1418.05,ac,0,7.84,1263.21,2.32,5.73,138.95
2023-01-05 16:27:00,1442.15,ac,0,1.94,1261.9,6.09,6.69,165.53
2023-01-05 16:28:00,1529.01,ac,0,3.14,1345.39,5.06,2.99,172.44
2023-01-05 16:29:00,1405.54,ac,0,5.01,1266.73,5.02,5.85,122.93
2023-01-05 16:30:00,1295.47,ac,0,8.11,1133.25,6.38,5.38,142.35
2023-01-05 16:31:00,1650.65,ac,0,5.0,1500.87,5.54,2.53,136.72
2023-01-05 16:32:00,1302.78,ac,0,2.78,1122.34,2.84,2.36,172.47
2023-01-05 16:33:00,1266.82,ac,0,2.51,1089.18,0.48,3.18,171.46
2023-01-05 16:34:00,1318.17,ac,0,3.61,1172.75,1.59,3.29,136.92
2023-01-05 16:35:00,1102.78,ac,0,4.96,909.64,1.81,5.5,180.88
2023-01-05 16:36:00,1489.76,ac,0,2.99,1360.33,5.39,3.39,117.67
2023-01-05 16:37:00,1300.65,ac,0,4.67,1176.89,5.03,4.3,109.77
2023-01-05 16:38:00,951.38,ac,0,7.93,821.11,5.94,5.49,110.92
2023-01-05 16:39:00,1374.98,ac,0,5.68,1229.78,3.54,5.45,130.52
2023-01-05 16:40:00,1417.72,ac,0,3.73,1237.17,5.99,5.35,165.46
2023-01-05 16:41:00,1511.47,ac,0,5.8,1346.91,5.81,5.03,147.92
2023-01-05 16:42:00,1465.57,ac,0,7.12,1339.57,6.13,6.27,106.47
2023-01-05 16:43:00,1406.32,ac,0,3.87,1229.59,7.78,5.84,159.24
2023-01-05 16:44:00,1370.28,ac,0,4.75,1199.18,4.11,5.5,156.74
2023-01-05 16:45:00,1514.28,ac,0,5.01,1363.26,7.44,2.06,136.51
2023-01-05 16:46:00,1526.77,ac,0,3.21,1372.02,4.68,3.63,143.23
2023-01-05 16:47:00,1415.37,ac,0,5.59,1221.24,7.66,9.94,170.94
2023-01-05 16:48:00,1139.49,ac,0,7.48,948.07,6.13,1.83,175.97
2023-01-05 16:49:00,1264.59,ac,0,3.21,1101.03,6.94,2.52,150.9
2023-01-05 16:50:00,1690.03,ac,0,3.74,1532.51,8.14,3.15,142.5
2023-01-05 16:51:00,1367.62,ac,0,4.99,1205.4,4.62,4.17,148.45
2023-01-05 16:52:00,1175.46,ac,0,8.26,1031.97,4.76,8.34,122.13
2023-01-05 16:53:00,1439.04,ac,0,5.67,1270.82,5.96,5.45,151.14
2023-01-05 16:54:00,1317.02,ac,0,9.74,1153.51,6.02,3.65,144.09
2023-01-05 16:55:00,1174.98,ac,0,5.35,1011.13,5.93,5.42,147.16
2023-01-05 16:56:00,1422.1,ac,0,2.4,1280.2,7.55,4.86,127.09
2023-01-05 16:57:00,1502.58,ac,0,5.64,1357.75,6.14,4.51,128.54
2023-01-05 16:58:00,1382.28,ac,0,6.42,1229.5,3.65,0.34,142.36
2023-01-05 16:59:00,1239.11,ac,0,4.66,1083.29,6.15,6.43,138.56
2023-01-05 17:00:00,1642.5,ac,0,7.2,1265.45,6.24,205.6,158.02
2023-01-05 17:01:00,1472.86,ac,0,4.85,1171.3,4.72,143.27,148.72
2023-01-05 17:02:00,1859.56,ac,0,8.49,1540.98,4.73,151.99,153.36
2023-01-05 17:03:00,1501.23,ac,0,2.08,1234.54,2.93,134.94,126.73
2023-01-05 17:04:00,1473.12,ac,0,5.74,1187.87,8.02,134.69,136.79
2023-01-05 17:05:00,1572.17,ac,0,4.79,1183.66,5.49,215.5,162.72
2023-01-05 17:06:00,1190.31,ac,0,6.93,896.18,4.75,141.88,140.56
2023-01-05 17:07:00,1651.52,ac,0,5.61,1315.5,6.44,181.57,142.39
2023-01-05 17:08:00,1637.2,ac,0,4.83,1276.41,5.56,189.47,160.94
2023-01-05 17:09:00,1838.74,ac,0,6.88,1468.26,6.79,171.93,184.89
2023-01-05 17:10:00,1432.41,ac,0,7.26,1085.55,4.91,175.15,159.55
2023-01-05 17:11:00,1484.72,ac,0,3.13,1148.07,8.07,198.15,127.3
2023-01-05 17:12:00,1782.91,ac,0,8.6,1431.34,5.52,197.21,140.25
2023-01-05 17:13:00,1881.41,ac,0,3.65,1557.79,3.24,193.94,122.79
2023-01-05 17:14:00,1492.12,ac,0,5.71,1125.63,3.95,184.13,172.7
2023-01-05 17:15:00,1350.44,ac,0,4.53,991.99,7.49,215.89,130.53
2023-01-05 17:16:00,1710.03,ac,0,5.26,1325.66,3.76,227.88,147.47
2023-01-05 17:17:00,1344.96,ac,0,5.26,1014.21,8.59,170.14,146.77
2023-01-05 17:18:00,1783.44,ac,0,5.59,1361.89,5.73,243.3,166.93
2023-01-05 17:19:00,1484.8,ac,0,6.0,1174.58,2.15,173.89,128.17
2023-01-05 17:20:00,1505.17,ac,0,4.35,1178.18,7.6,153.64,161.4
2023-01-05 17:21:00,1657.09,ac,0,3.44,1318.49,8.56,158.58,168.02
2023-01-05 17:22:00,1728.77,ac,0,5.99,1369.74,1.64,187.8,163.6
2023-01-05 17:23:00,1488.42,ac,0,3.63,1230.9,2.41,149.89,101.59
2023-01-05 17:24:00,1698.92,ac,0,4.58,1256.21,5.93,279.66,152.54
2023-01-05 17:25:00,1497.61,ac,0,6.05,1180.36,2.93,167.66,140.61
2023-01-05 17:26:00,1372.52,ac,0,4.38,993.7,9.71,204.66,160.07
2023-01-05 17:27:00,1508.09,ac,0,0.48,1091.68,4.39,276.24,135.3
2023-01-05 17:28:00,1422.88,ac,0,8.15,1063.48,0.94,217.26,133.06
2023-01-05 17:29:00,1381.79,ac,0,6.4,1081.79,3.56,156.13,133.91
2023-01-05 17:30:00,1562.16,ac,1,17.89,1189.65,8.4,208.59,137.63
2023-01-05 17:31:00,1422.87,ac,0,2.87,1174.54,3.49,112.27,129.72
2023-01-05 17:32:00,1631.05,ac,0,6.45,1257.39,2.82,217.06,147.33
2023-01-05 17:33:00,1678.92,ac,0,5.41,1395.55,0.88,128.37,148.71
2023-01-05 17:34:00,1743.56,ac,0,5.88,1330.76,3.66,220.29,182.98
2023-01-05 17:35:00,1707.74,ac,0,5.31,1374.74,6.38,181.6,139.71
2023-01-05 17:36:00,1585.17,ac,0,4.69,1211.71,6.06,202.46,160.25
2023-01-05 17:37:00,1874.66,ac,0,3.64,1395.92,3.95,301.81,169.33
2023-01-05 17:38:00,1597.38,ac,0,5.72,1215.61,3.12,226.37,146.57
2023-01-05 17:39:00,1603.5,ac,0,10.47,1244.24,6.55,173.53,168.71
2023-01-05 17:40:00,1555.57,ac,0,5.62,1254.7,6.46,175.63,113.16
2023-01-05 17:41:00,1723.31,ac,0,6.63,1387.85,7.92,155.57,165.35
2023-01-05 17:42:00,1452.35,ac,0,7.85,1130.4,5.43,185.33,123.34
2023-01-05 17:43:00,1701.14,ac,0,4.48,1359.36,7.72,182.05,147.52
2023-01-05 17:44:00,1508.58,ac,0,6.16,1142.43,2.39,205.11,152.49
2023-01-05 17:45:00,1544.46,ac,0,2.93,1119.99,2.04,264.91,154.6
2023-01-05 17:46:00,1542.1,ac,0,1.86,1128.81,5.62,242.49,163.31
2023-01-05 17:47:00,1621.65,ac,0,10.21,1296.47,2.83,195.49,116.65
2023-01-05 17:48:00,1679.96,ac,0,5.47,1282.98,4.43,226.02,161.05
2023-01-05 17:49:00,1340.48,ac,0,8.3,1025.7,2.95,164.24,139.29
2023-01-05 17:50:00,1581.55,ac,0,1.46,1275.69,2.5,162.07,139.83
2023-01-05 17:51:00,1561.18,ac,0,5.33,1213.57,5.07,147.56,189.64
2023-01-05 17:52:00,1566.46,ac,0,5.07,1196.53,6.48,222.56,135.82
2023-01-05 17:53:00,1427.24,ac,0,5.12,1117.01,7.41,145.21,152.49
2023-01-05 17:54:00,1952.64,ac,0,3.43,1562.4,2.25,263.46,121.1
2023-01-05 17:55:00,1690.17,ac,0,5.35,1324.62,2.17,206.77,151.26
2023-01-05 17:56:00,1589.01,ac,0,8.04,1198.26,0.51,224.96,157.24
2023-01-05 17:57:00,1891.5,ac,0,4.05,1439.17,7.36,258.96,181.97
2023-01-05 17:58:00,1441.01,ac,0,1.05,1128.49,3.04,180.36,128.07
2023-01-05 17:59:00,1589.12,ac,0,4.77,1279.89,4.57,162.62,137.27
2023-01-05 18:00:00,1607.92,ac,0,6.57,1217.34,8.73,221.43,153.85
2023-01-05 18:01:00,1715.54,ac,0,8.22,1319.13,6.23,241.52,140.44
2023-01-05 18:02:00,1679.89,ac,0,6.07,1240.65,4.43,216.19,212.54
2023-01-05 18:03:00,1568.14,ac,0,5.65,1158.55,5.28,234.97,163.69
2023-01-05 18:04:00,1491.22,ac,0,3.72,1134.68,3.4,208.11,141.31
2023-01-05 18:05:00,1532.27,ac,0,3.72,1296.09,4.33,97.66,130.46
2023-01-05 18:06:00,1731.98,ac,0,4.71,1377.95,5.84,207.96,135.52
2023-01-05 18:07:00,1533.37,ac,0,6.11,1145.99,6.44,200.61,174.23
2023-01-05 18:08:00,1580.14,ac,0,3.76,1236.96,4.31,177.88,157.24
2023-01-05 18:09:00,1649.31,ac,0,5.63,1268.47,4.56,192.19,178.46
2023-01-05 18:10:00,1466.31,ac,0,5.67,1079.28,6.44,214.56,160.37
2023-01-05 18:11:00,1721.0,ac,0,6.94,1262.56,3.67,268.48,179.34
2023-01-05 18:12:00,1580.32,ac,0,2.19,1234.48,7.09,177.99,158.55
2023-01-05 18:13:00,1597.79,ac,0,6.54,1235.54,0.95,179.01,175.75
2023-01-05 18:14:00,1521.42,ac,0,4.8,1216.73,6.88,198.95,94.06
2023-01-05 18:15:00,1471.67,ac,0,4.59,1086.53,5.38,223.9,151.26
2023-01-05 18:16:00,1784.08,ac,0,2.03,1367.57,5.84,238.11,170.53
2023-01-05 18:17:00,1609.93,ac,0,6.02,1280.35,4.97,187.36,131.22
2023-01-05 18:18:00,1473.0,ac,0,1.42,1123.12,4.15,199.3,145.01
2023-01-05 18:19:00,1411.31,ac,0,6.11,1092.01,3.94,155.83,153.43
2023-01-05 18:20:00,1492.61,ac,0,6.01,1171.38,6.95,156.32,151.95
2023-01-05 18:21:00,1713.86,ac,0,1.19,1344.93,2.11,203.12,162.51
2023-01-05 18:22:00,1763.74,ac,0,5.11,1495.14,3.01,134.07,126.41
2023-01-05 18:23:00,1528.17,ac,0,8.01,1187.38,8.13,186.66,137.99
2023-01-05 18:24:00,1396.61,ac,0,1.54,1016.76,5.78,234.85,137.67
2023-01-05 18:25:00,1430.27,ac,0,4.83,1100.45,5.47,159.25,160.27
2023-01-05 18:26:00,1519.61,ac,0,3.65,1067.54,5.76,285.25,157.41
2023-01-05 18:27:00,1396.34,ac,0,5.63,1093.99,6.63,142.61,147.48
2023-01-05 18:28:00,1598.46,ac,0,7.39,1227.7,7.3,182.14,173.92
2023-01-05 18:29:00,1840.51,ac,0,3.48,1470.98,2.59,208.26,155.21
2023-01-05 18:30:00,1571.95,ac,0,0.43,1141.9,5.68,296.56,127.38
2023-01-05 18:31:00,1786.07,ac,1,6.79,1093.87,2.1,232.43,450.88
2023-01-05 18:32:00,1160.59,ac,0,5.91,810.06,7.51,185.33,151.77
2023-01-05 18:33:00,1592.42,ac,0,4.23,1213.72,5.17,220.62,148.69
2023-01-05 18:34:00,1691.22,ac,0,7.98,1262.58,2.16,269.87,148.64
2023-01-05 18:35:00,1669.04,ac,0,5.73,1334.87,0.69,179.99,147.77
2023-01-05 18:36:00,1894.98,ac,0,5.8,1441.65,2.95,279.84,164.75
2023-01-05 18:37:00,1642.22,ac,0,6.72,1297.4,2.89,214.74,120.48
2023-01-05 18:38:00,1464.05,ac,0,5.47,1031.43,3.04,244.59,179.51
2023-01-05 18:39:00,1411.4,ac,0,7.41,1083.82,5.36,140.69,174.11
2023-01-05 18:40:00,1331.15,ac,0,9.46,1021.5,4.37,158.61,137.2
2023-01-05 18:41:00,1594.67,ac,0,4.62,1295.88,5.22,102.38,186.57
2023-01-05 18:42:00,1545.44,ac,0,2.18,1221.33,6.18,170.84,144.92
2023-01-05 18:43:00,1582.22,ac,0,6.46,1270.84,6.22,147.34,151.36
2023-01-05 18:44:00,1469.85,ac,0,4.76,1158.72,5.91,183.1,117.36
2023-01-05 18:45:00,1628.46,ac,0,3.92,1288.96,5.64,200.42,129.53
2023-01-05 18:46:00,1215.5,ac,0,3.07,908.51,7.26,154.9,141.75
2023-01-05 18:47:00,1236.58,ac,0,4.89,921.2,2.64,171.39,136.45
2023-01-05 18:48:00,1781.16,ac,0,5.56,1426.58,7.6,189.3,152.11
2023-01-05 18:49:00,1446.24,ac,0,7.56,1049.46,5.86,237.19,146.17
2023-01-05 18:50:00,1698.05,ac,0,7.5,1325.33,6.74,193.81,164.66
2023-01-05 18:51:00,1905.0,ac,0,7.96,1493.36,8.23,264.05,131.39
2023-01-05 18:52:00,1213.94,ac,0,5.7,771.67,3.18,259.27,174.12
2023-01-05 18:53:00,1553.33,ac,0,3.22,1204.85,1.84,205.95,137.46
2023-01-05 18:54:00,1567.27,ac,0,6.94,1253.29,7.13,149.29,150.61
2023-01-05 18:55:00,1501.66,ac,0,4.51,1127.49,5.43,192.35,171.89
2023-01-05 18:56:00,1376.42,ac,0,4.3,996.66,7.06,229.28,139.12
2023-01-05 18:57:00,1589.91,ac,0,5.8,1164.07,6.45,274.89,138.7
2023-01-05 18:58:00,1557.24,ac,0,7.55,1170.3,4.61,254.77,120.01
2023-01-05 18:59:00,1469.26,ac,0,4.56,1133.99,3.78,166.54,160.39
2023-01-05 19:00:00,1836.06,ac,0,6.29,1379.45,0.18,294.88,155.26
2023-01-05 19:01:00,1799.39,ac,0,4.56,1427.14,5.76,200.15,161.77
2023-01-05 19:02:00,1676.5,ac,0,0.0,1344.37,5.56,218.4,108.17
2023-01-05 19:03:00,1530.5,ac,0,5.36,1227.16,1.87,204.78,91.33
2023-01-05 19:04:00,1660.51,ac,0,3.42,1251.54,4.41,234.17,166.96
2023-01-05 19:05:00,1627.1,ac,0,6.55,1192.93,7.49,228.73,191.39
2023-01-05 19:06:00,1541.64,ac,0,6.19,1136.72,4.47,236.8,157.46
2023-01-05 19:07:00,1554.94,ac,0,5.46,1240.09,1.16,180.51,127.73
2023-01-05 19:08:00,1553.42,ac,0,5.55,1218.35,7.38,183.17,138.97
2023-01-05 19:09:00,1449.28,ac,0,3.92,1148.22,3.64,180.13,113.36
2023-01-05 19:10:00,1492.99,ac,0,4.5,1202.42,6.48,135.4,144.18
2023-01-05 19:11:00,1312.83,ac,0,8.84,864.77,3.05,279.67,156.5
2023-01-05 19:12:00,1571.15,ac,0,1.91,1287.28,5.09,132.44,144.41
2023-01-05 19:13:00,1698.64,ac,0,1.19,1407.35,4.5,130.28,155.32
2023-01-05 19:14:00,1588.7,ac,0,3.65,1308.14,1.13,122.88,152.9
2023-01-05 19:15:00,1775.14,ac,0,4.72,1422.02,0.8,224.93,122.66
2023-01-05 19:16:00,1781.17,ac,0,2.26,1378.55,7.88,208.83,183.65
2023-01-05 19:17:00,1551.23,ac,0,4.08,1160.93,3.92,244.25,138.05
2023-01-05 19:18:00,1689.12,ac,0,3.58,1299.46,5.58,250.57,129.92
2023-01-05 19:19:00,1883.71,ac,0,3.85,1519.21,4.81,198.4,157.45
2023-01-05 19:20:00,1640.42,ac,0,4.3,1235.21,6.94,216.58,177.38
2023-01-05 19:21:00,1585.19,ac,0,6.08,1154.4,5.79,255.03,163.88
2023-01-05 19:22:00,1641.26,ac,0,4.27,1229.63,3.57,236.49,167.3
2023-01-05 19:23:00,1452.35,ac,0,4.56,1132.77,6.54,137.37,171.11
2023-01-05 19:24:00,1761.76,ac,0,6.96,1400.4,6.05,189.11,159.23
2023-01-05 19:25:00,1578.68,ac,0,4.94,1180.53,8.96,199.09,185.17
2023-01-05 19:26:00,1627.88,ac,0,3.86,1265.38,2.68,195.74,160.22
2023-01-05 19:27:00,1443.08,ac,1,21.11,1086.62,5.51,186.05,143.78
2023-01-05 19:28:00,1250.8,ac,0,5.71,934.49,4.38,197.82,108.4
2023-01-05 19:29:00,1640.3,ac,0,4.89,1278.5,4.32,187.9,164.68
2023-01-05 19:30:00,1653.46,ac,0,3.13,1301.58,7.66,188.58,152.51
2023-01-05 19:31:00,1416.58,ac,0,7.52,997.75,2.48,243.65,165.18
2023-01-05 19:32:00,1408.81,ac,0,4.46,1068.28,3.14,166.32,166.62
2023-01-05 19:33:00,1814.59,ac,0,1.61,1520.03,4.98,142.1,145.88
2023-01-05 19:34:00,1330.69,ac,0,4.9,1021.96,8.23,167.02,128.58
2023-01-05 19:35:00,1519.2,ac,0,7.34,1157.98,7.86,204.11,141.91
2023-01-05 19:36:00,1672.52,ac,0,7.85,1275.68,6.1,228.26,154.64
2023-01-05 19:37:00,1595.44,ac,0,9.07,1264.77,4.71,166.29,150.6
2023-01-05 19:38:00,1340.79,ac,0,6.13,963.47,5.13,219.43,146.63
2023-01-05 19:39:00,1539.46,ac,0,6.21,1227.97,5.6,169.57,130.12
2023-01-05 19:40:00,1646.85,ac,0,3.88,1323.7,4.55,172.32,142.41
2023-01-05 19:41:00,1440.95,ac,0,7.08,1135.96,4.83,124.59,168.49
2023-01-05 19:42:00,1518.7,ac,0,3.38,1220.26,5.92,107.06,182.08
2023-01-05 19:43:00,1442.83,ac,0,5.0,1139.37,5.85,150.57,142.04
2023-01-05 19:44:00,1471.24,ac,0,9.09,1153.84,4.91,170.63,132.77
2023-01-05 19:45:00,1510.95,ac,0,4.63,1240.13,6.02,104.07,156.1
2023-01-05 19:46:00,1816.25,ac,0,4.3,1432.58,4.81,241.06,133.51
2023-01-05 19:47:00,1621.61,ac,0,7.01,1285.48,3.33,202.54,123.25
2023-01-05 19:48:00,1497.49,ac,0,6.08,1145.51,6.25,183.07,156.57
2023-01-05 19:49:00,1489.89,ac,0,5.41,1110.13,5.86,212.1,156.39
2023-01-05 19:50:00,1705.84,ac,0,7.74,1375.14,8.51,143.58,170.87
2023-01-05 19:51:00,1508.74,ac,0,3.3,1194.83,7.63,154.87,148.11
2023-01-05 19:52:00,1429.47,ac,0,3.63,1122.34,4.26,161.16,138.08
2023-01-05 19:53:00,1895.8,ac,0,4.83,1504.47,8.18,223.01,155.31
2023-01-05 19:54:00,1825.43,ac,0,5.1,1435.55,3.45,214.44,166.89
2023-01-05 19:55:00,1560.8,ac,0,4.06,1154.54,2.67,217.25,182.27
2023-01-05 19:56:00,1653.73,ac,0,7.93,1327.59,0.26,149.8,168.15
2023-01-05 19:57:00,1553.1,ac,0,5.44,1215.51,6.57,190.38,135.19
2023-01-05 19:58:00,1321.04,ac,0,7.54,1012.56,2.69,146.66,151.58
2023-01-05 19:59:00,1532.8,ac,0,1.84,1186.82,5.75,202.65,135.74
2023-01-05 20:00:00,1673.31,ac,0,4.07,1270.64,1.7,210.59,186.3
2023-01-05 20:01:00,1358.48,ac,0,5.41,977.1,1.31,266.77,107.9
2023-01-05 20:02:00,1472.55,ac,0,4.56,1142.13,6.71,166.63,152.53
2023-01-05 20:03:00,1387.96,ac,0,2.79,1123.46,5.54,120.27,135.91
2023-01-05 20:04:00,1310.51,ac,0,3.8,988.99,9.31,200.68,107.73
2023-01-05 20:05:00,1676.83,ac,0,4.12,1303.01,5.93,229.14,134.64
2023-01-05 20:06:00,1564.1,ac,0,5.73,1195.28,7.12,203.98,151.99
2023-01-05 20:07:00,1802.91,ac,0,6.76,1411.11,5.9,241.48,137.66
2023-01-05 20:08:00,1601.16,ac,0,2.98,1214.29,2.46,210.37,171.05
2023-01-05 20:09:00,1372.41,ac,0,5.94,1072.51,3.03,153.41,137.51
2023-01-05 20:10:00,1536.06,ac,0,7.22,1163.01,6.79,211.51,147.53
2023-01-05 20:11:00,1735.22,ac,0,6.11,1369.31,5.19,211.8,142.81
2023-01-05 20:12:00,1370.92,ac,0,6.29,1054.51,1.44,202.83,105.85
2023-01-05 20:13:00,1605.86,ac,0,6.82,1319.39,8.16,143.36,128.13
2023-01-05 20:14:00,1317.65,ac,0,4.47,923.0,3.06,212.22,174.9
2023-01-05 20:15:00,1599.75,ac,0,2.96,1279.55,3.56,164.16,149.51
2023-01-05 20:16:00,1596.29,ac,0,6.53,1263.5,6.16,226.54,93.55
2023-01-05 20:17:00,1311.36,ac,0,8.15,883.08,6.06,246.96,167.1
2023-01-05 20:18:00,1892.44,ac,0,7.35,1489.35,4.52,235.58,155.65
2023-01-05 20:19:00,1569.27,ac,0,5.57,1306.97,7.3,126.85,122.58
2023-01-05 20:20:00,1581.22,ac,0,4.41,1188.47,7.78,189.1,191.45
2023-01-05 20:21:00,1727.29,ac,0,7.18,1308.93,7.83,229.5,173.85
2023-01-05 20:22:00,1744.38,ac,0,5.59,1358.88,0.0,211.14,168.76
2023-01-05 20:23:00,1418.53,ac,0,5.3,1013.38,4.46,218.11,177.28
2023-01-05 20:24:00,1607.01,ac,0,4.57,1222.87,4.55,226.73,148.29
2023-01-05 20:25:00,1631.56,ac,0,4.73,1289.92,3.35,206.49,127.08
2023-01-05 20:26:00,1641.31,ac,0,7.5,1275.59,5.82,187.62,164.77
2023-01-05 20:27:00,1661.4,ac,0,7.84,1281.56,3.91,224.8,143.3
2023-01-05 20:28:00,1625.28,ac,0,4.37,1278.07,7.15,194.44,141.25
2023-01-05 20:29:00,1183.58,ac,0,4.24,871.19,6.82,146.25,155.08
2023-01-05 20:30:00,1923.84,ac,0,4.48,1550.06,4.84,202.93,161.54
2023-01-05 20:31:00,1389.38,ac,0,3.16,1051.87,5.19,156.53,172.63
2023-01-05 20:32:00,1652.92,ac,0,2.63,1253.91,7.49,255.15,133.75
2023-01-05 20:33:00,1555.41,ac,0,3.51,1226.09,5.03,163.8,156.96
2023-01-05 20:34:00,1681.72,ac,0,3.55,1328.77,6.1,181.43,161.86
2023-01-05 20:35:00,1693.31,ac,0,5.72,1289.56,4.98,238.84,154.21
2023-01-05 20:36:00,1384.26,ac,0,3.09,1043.22,5.16,166.17,166.62
2023-01-05 20:37:00,1680.39,ac,0,3.96,1340.9,1.03,173.59,160.91
2023-01-05 20:38:00,1464.28,ac,0,5.44,1131.55,4.23,128.67,194.39
2023-01-05 20:39:00,1647.04,ac,0,5.85,1266.31,4.37,222.6,147.91
2023-01-05 20:40:00,1640.9,ac,0,2.53,1310.65,6.81,172.86,148.06
2023-01-05 20:41:00,1618.33,ac,0,4.49,1268.34,7.09,203.82,134.59
2023-01-05 20:42:00,1770.79,ac,0,6.53,1377.91,4.1,227.51,154.75
2023-01-05 20:43:00,1534.76,ac,0,3.87,1135.57,6.71,249.93,138.68
2023-01-05 20:44:00,1515.97,ac,0,7.28,1225.87,8.53,155.24,119.06
2023-01-05 20:45:00,1472.42,ac,0,2.09,1130.99,1.57,206.53,131.24
2023-01-05 20:46:00,1579.2,ac,0,3.36,1221.7,4.23,187.88,162.02
2023-01-05 20:47:00,1633.47,ac,0,4.07,1317.47,3.66,181.69,126.57
2023-01-05 20:48:00,1583.29,ac,0,4.61,1219.69,6.91,174.43,177.65
2023-01-05 20:49:00,1531.18,ac,0,3.29,1204.24,4.93,183.44,135.28
2023-01-05 20:50:00,1478.64,ac,0,6.63,1101.87,1.82,195.59,172.73
2023-01-05 20:51:00,1582.87,ac,0,3.24,1177.76,0.61,234.63,166.63
2023-01-05 20:52:00,1628.99,ac,0,9.28,1316.51,3.81,159.34,140.07
2023-01-05 20:53:00,1390.91,ac,0,0.38,1100.21,6.36,134.1,149.86
2023-01-05 20:54:00,1339.91,ac,0,9.34,950.56,5.33,217.04,157.64
2023-01-05 20:55:00,1605.3,ac,0,2.44,1251.33,2.78,234.55,114.2
2023-01-05 20:56:00,1471.39,ac,0,4.84,1167.65,5.76,178.08,115.06
2023-01-05 20:57:00,1753.82,ac,0,7.02,1404.76,8.87,159.13,174.05
2023-01-05 20:58:00,1532.0,ac,0,3.66,1152.11,3.77,228.44,144.02
2023-01-05 20:59:00,1623.82,ac,0,7.5,1276.86,5.73,178.4,155.34
2023-01-05 21:00:00,1630.48,ac,0,9.14,1299.95,8.66,189.62,123.11
2023-01-05 21:01:00,1494.23,ac,0,4.3,1190.53,2.53,166.74,130.12
2023-01-05 21:02:00,1482.43,ac,0,4.0,1083.33,3.22,233.98,157.9
2023-01-05 21:03:00,1726.75,ac,0,3.13,1341.45,3.69,205.48,173.0
2023-01-05 21:04:00,1664.34,ac,0,5.63,1281.39,0.72,207.57,169.03
2023-01-05 21:05:00,1750.19,ac,0,5.17,1422.45,3.99,164.85,153.73
2023-01-05 21:06:00,1623.07,ac,0,7.41,1257.5,7.91,192.67,157.58
2023-01-05 21:07:00,1344.99,ac,0,8.41,997.28,5.69,191.94,141.67
2023-01-05 21:08:00,1677.89,ac,0,1.08,1292.8,5.71,249.76,128.54
2023-01-05 21:09:00,1547.24,ac,0,5.6,1175.89,3.84,225.76,136.15
2023-01-05 21:10:00,1450.02,ac,0,9.99,1068.53,3.46,223.97,144.08
2023-01-05 21:11:00,1621.82,ac,0,3.93,1244.73,9.44,238.37,125.34
2023-01-05 21:12:00,1600.72,ac,0,5.54,1253.51,9.71,180.38,151.59
2023-01-05 21:13:00,1622.24,ac,0,5.58,1241.95,4.05,221.55,149.11
2023-01-05 21:14:00,1395.55,ac,0,8.89,1048.02,3.87,172.47,162.29
2023-01-05 21:15:00,1584.72,ac,0,8.59,1230.65,6.39,170.59,168.5
2023-01-05 21:16:00,1460.58,ac,0,3.77,1189.08,7.13,139.94,120.65
2023-01-05 21:17:00,1775.7,ac,0,6.92,1445.23,6.34,169.78,147.43
2023-01-05 21:18:00,1465.27,ac,0,4.03,1102.85,7.68,215.53,135.18
2023-01-05 21:19:00,1617.06,ac,0,5.98,1312.19,4.13,167.68,127.08
2023-01-05 21:20:00,1662.88,ac,0,5.86,1343.45,4.99,155.81,152.78
2023-01-05 21:21:00,1637.02,ac,0,3.78,1274.22,2.65,202.18,154.19
2023-01-05 21:22:00,1465.39,ac,0,3.03,1052.24,2.29,267.56,140.26
2023-01-05 21:23:00,1498.12,ac,0,4.99,1086.03,7.03,212.38,187.7
2023-01-05 21:24:00,1724.23,ac,0,4.71,1391.99,4.05,202.26,121.23
2023-01-05 21:25:00,1794.25,ac,0,3.53,1359.77,4.95,287.9,138.09
2023-01-05 21:26:00,1487.98,ac,0,3.24,1084.87,5.41,234.64,159.82
2023-01-05 21:27:00,1843.99,ac,0,5.48,1506.93,5.56,174.37,151.65
2023-01-05 21:28:00,1781.75,ac,0,3.2,1409.77,1.56,211.99,155.24
2023-01-05 21:29:00,1550.58,ac,0,6.35,1226.07,1.74,162.96,153.45
2023-01-05 21:30:00,1522.87,ac,0,3.77,1207.57,9.05,154.19,148.29
2023-01-05 21:31:00,1592.33,ac,0,7.11,1179.76,6.61,255.52,143.33
2023-01-05 21:32:00,1677.61,ac,0,7.29,1347.14,4.87,170.83,147.49
2023-01-05 21:33:00,1710.41,ac,0,3.96,1326.42,6.38,216.94,156.71
2023-01-05 21:34:00,1406.16,ac,0,1.31,1034.49,3.71,218.79,147.87
2023-01-05 21:35:00,1463.28,ac,0,1.8,1034.56,5.08,258.96,162.88
2023-01-05 21:36:00,1332.08,ac,0,5.42,930.45,0.18,246.18,149.85
2023-01-05 21:37:00,1439.07,ac,0,7.8,1092.33,4.39,194.03,140.53
2023-01-05 21:38:00,1528.76,ac,0,3.51,1129.86,4.01,237.39,153.99
2023-01-05 21:39:00,1575.82,ac,0,3.27,1194.19,4.22,235.62,138.52
2023-01-05 21:40:00,1541.52,ac,0,4.4,1236.01,0.85,177.25,123.01
2023-01-05 21:41:00,1511.79,ac,0,9.28,1209.49,4.82,148.4,139.8
2023-01-05 21:42:00,1380.09,ac,0,2.59,986.91,5.98,213.98,170.63
2023-01-05 21:43:00,1579.16,ac,0,2.82,1190.32,3.58,244.57,137.87
2023-01-05 21:44:00,1798.96,ac,0,3.95,1513.68,5.47,146.6,129.27
2023-01-05 21:45:00,1411.61,ac,0,3.5,1038.17,11.46,216.34,142.13
2023-01-05 21:46:00,1769.16,ac,0,7.26,1458.69,4.87,162.82,135.51
2023-01-05 21:47:00,1671.76,ac,0,4.28,1268.14,6.87,230.21,162.25
2023-01-05 21:48:00,1684.76,ac,0,3.17,1289.56,5.37,227.7,158.96
2023-01-05 21:49:00,1461.51,ac,0,6.05,1079.59,7.96,251.89,116.02
2023-01-05 21:50:00,1675.53,ac,0,4.5,1322.29,4.84,204.56,139.33
2023-01-05 21:51:00,1507.99,ac,0,0.8,1085.93,5.56,271.08,144.62
2023-01-05 21:52:00,1345.83,ac,0,5.41,1028.57,6.37,161.1,144.39
2023-01-05 21:53:00,1683.29,ac,0,5.52,1340.64,5.29,152.03,179.81
2023-01-05 21:54:00,1655.78,ac,0,4.83,1257.65,8.06,211.47,173.76
2023-01-05 21:55:00,1567.76,ac,0,7.47,1195.78,6.63,224.2,133.68
2023-01-05 21:56:00,1480.85,ac,0,7.89,1072.79,1.49,251.19,147.5
2023-01-05 21:57:00,1627.68,ac,0,6.19,1265.73,5.68,203.49,146.59
2023-01-05 21:58:00,1512.26,ac,0,1.39,1195.9,5.34,160.05,149.58
2023-01-05 21:59:00,1490.61,ac,0,6.62,1205.17,8.53,139.48,130.81
2023-01-05 22:00:00,468.27,tv,0,6.13,4.02,4.54,273.09,180.49
2023-01-05 22:01:00,405.33,tv,0,2.84,7.33,8.26,226.15,160.75
2023-01-05 22:02:00,405.99,tv,0,1.84,4.96,5.76,252.95,140.48
2023-01-05 22:03:00,446.75,tv,0,4.91,6.93,5.6,239.27,190.04
2023-01-05 22:04:00,417.93,tv,0,3.19,3.33,4.16,237.74,169.51
2023-01-05 22:05:00,305.44,tv,0,6.06,5.11,2.65,163.49,128.13
2023-01-05 22:06:00,321.56,fridge,0,5.49,4.78,3.97,151.33,155.99
2023-01-05 22:07:00,319.77,tv,0,8.33,6.06,2.73,177.52,125.12
2023-01-05 22:08:00,427.7,tv,0,2.17,4.28,4.16,261.0,156.09
2023-01-05 22:09:00,380.36,tv,0,3.16,5.25,2.92,216.95,152.08
2023-01-05 22:10:00,331.75,tv,0,7.06,4.84,3.28,168.06,148.5
2023-01-05 22:11:00,364.63,tv,0,1.73,5.82,5.47,214.4,137.21
2023-01-05 22:12:00,333.1,fridge,0,6.74,8.38,3.07,141.94,172.97
2023-01-05 22:13:00,295.88,tv,0,3.27,6.67,5.69,207.89,72.37
2023-01-05 22:14:00,345.16,tv,0,6.58,6.75,6.87,200.35,124.6
2023-01-05 22:15:00,460.49,tv,0,5.02,4.23,8.59,273.95,168.7
2023-01-05 22:16:00,384.22,tv,0,2.98,3.32,6.99,217.78,153.15
2023-01-05 22:17:00,392.34,tv,0,3.88,4.14,3.43,207.84,173.06
2023-01-05 22:18:00,369.66,tv,0,1.4,2.57,5.07,196.47,164.15
2023-01-05 22:19:00,322.48,tv,0,3.64,8.1,2.63,192.3,115.82
2023-01-05 22:20:00,391.19,tv,0,2.8,2.46,5.1,241.37,139.45
2023-01-05 22:21:00,332.68,tv,0,5.87,4.29,5.35,174.97,142.2
2023-01-05 22:22:00,440.83,tv,0,5.24,5.5,8.74,237.44,183.91
2023-01-05 22:23:00,430.59,tv,0,5.21,1.92,5.9,253.81,163.76
2023-01-05 22:24:00,333.27,tv,0,6.42,4.98,2.05,191.87,127.94
2023-01-05 22:25:00,398.28,tv,0,7.03,2.8,5.35,225.65,157.45
2023-01-05 22:26:00,386.06,tv,0,5.69,5.49,7.46,219.74,147.69
2023-01-05 22:27:00,312.68,tv,0,4.04,7.87,5.55,175.77,119.46
2023-01-05 22:28:00,346.91,fridge,0,2.42,3.42,2.72,144.91,193.45
2023-01-05 22:29:00,375.5,tv,0,5.17,5.81,6.93,209.14,148.44
2023-01-05 22:30:00,411.77,tv,0,5.24,3.48,6.3,224.43,172.32
2023-01-05 22:31:00,306.14,tv,0,5.74,4.53,5.84,160.61,129.42
2023-01-05 22:32:00,426.63,tv,0,5.74,5.09,6.31,255.2,154.28
2023-01-05 22:33:00,333.5,tv,0,7.78,5.65,6.54,159.47,154.07
2023-01-05 22:34:00,454.63,tv,0,5.38,6.8,7.49,269.13,165.82
2023-01-05 22:35:00,425.96,tv,0,3.14,3.66,7.07,245.31,166.77
2023-01-05 22:36:00,459.68,tv,0,4.91,3.91,3.97,264.93,181.96
2023-01-05 22:37:00,354.32,tv,0,5.28,4.52,3.44,222.62,118.46
2023-01-05 22:38:00,422.56,tv,0,4.55,6.15,4.16,244.52,163.18
2023-01-05 22:39:00,298.55,tv,0,6.73,4.83,5.97,145.8,135.22
2023-01-05 22:40:00,393.14,fridge,0,3.33,7.27,3.21,179.43,199.9
2023-01-05 22:41:00,486.3,tv,0,6.14,3.8,6.52,304.62,165.21
2023-01-05 22:42:00,390.26,tv,0,0.22,2.78,3.05,213.92,170.3
2023-01-05 22:43:00,394.47,tv,0,6.66,4.24,3.56,204.33,175.67
2023-01-05 22:44:00,400.54,tv,0,4.39,5.79,4.64,218.32,167.39
2023-01-05 22:45:00,393.16,tv,0,2.52,3.51,6.1,226.42,154.62
2023-01-05 22:46:00,337.03,fridge,0,7.51,8.23,6.44,122.64,192.22
2023-01-05 22:47:00,363.09,tv,0,5.37,3.73,6.12,222.3,125.57
2023-01-05 22:48:00,374.51,tv,0,4.04,0.92,8.33,204.46,156.76
2023-01-05 22:49:00,376.91,tv,0,2.71,1.25,7.39,201.56,163.99
2023-01-05 22:50:00,331.28,tv,0,5.89,8.35,0.76,165.86,150.42
2023-01-05 22:51:00,356.5,tv,0,4.5,3.99,3.05,182.12,162.84
2023-01-05 22:52:00,360.63,tv,0,5.54,5.83,4.63,173.16,171.47
2023-01-05 22:53:00,393.38,tv,0,5.54,5.49,1.31,232.91,148.12
2023-01-05 22:54:00,340.44,tv,0,2.49,4.18,4.71,188.03,141.02
2023-01-05 22:55:00,392.05,tv,0,7.31,6.55,7.83,224.05,146.3
2023-01-05 22:56:00,371.14,tv,0,6.27,7.34,3.58,186.3,167.66
2023-01-05 22:57:00,415.28,tv,0,3.86,4.69,2.09,232.38,172.25
2023-01-05 22:58:00,340.67,tv,0,4.84,4.21,4.55,191.63,135.44
2023-01-05 22:59:00,289.38,tv,0,6.35,4.39,3.91,151.02,123.69
2023-01-05 23:00:00,185.79,fridge,0,6.57,1.58,6.71,8.65,162.28
2023-01-05 23:01:00,149.63,fridge,0,7.82,2.44,6.39,3.66,129.33
2023-01-05 23:02:00,158.44,fridge,0,6.98,6.11,3.13,3.72,138.5
2023-01-05 23:03:00,153.65,fridge,0,7.0,3.19,8.19,5.38,129.89
2023-01-05 23:04:00,168.64,fridge,0,3.62,5.92,7.74,3.76,147.6
2023-01-05 23:05:00,173.92,fridge,0,7.7,4.09,0.98,8.34,152.81
2023-01-05 23:06:00,169.04,fridge,0,3.64,6.16,4.05,1.88,153.32
2023-01-05 23:07:00,151.87,fridge,0,1.95,7.26,7.23,5.92,129.51
2023-01-05 23:08:00,158.87,fridge,0,7.22,6.45,4.0,2.53,138.66
2023-01-05 23:09:00,164.45,fridge,0,0.84,4.08,5.74,0.89,152.9
2023-01-05 23:10:00,178.69,fridge,0,5.05,3.28,4.72,6.49,159.15
2023-01-05 23:11:00,134.27,fridge,0,8.73,4.94,1.85,2.23,116.51
2023-01-05 23:12:00,179.97,fridge,0,5.81,4.61,5.06,3.35,161.15
2023-01-05 23:13:00,177.97,fridge,0,4.84,6.79,5.93,7.64,152.77
2023-01-05 23:14:00,160.39,fridge,0,2.86,6.6,4.67,5.12,141.14
2023-01-05 23:15:00,147.62,fridge,0,4.58,3.1,3.26,6.86,129.83
2023-01-05 23:16:00,162.11,fridge,0,2.48,6.51,2.28,4.8,146.05
2023-01-05 23:17:00,147.47,fridge,0,4.67,2.89,7.56,6.39,125.95
2023-01-05 23:18:00,159.63,fridge,0,4.57,5.19,3.97,2.34,143.57
2023-01-05 23:19:00,207.34,fridge,0,8.09,3.61,5.79,5.03,184.82
2023-01-05 23:20:00,171.32,fridge,0,5.13,9.4,6.81,5.71,144.27
2023-01-05 23:21:00,154.86,fridge,0,6.9,5.34,3.3,9.71,129.61
2023-01-05 23:22:00,170.78,fridge,0,3.56,9.09,3.92,6.44,147.77
2023-01-05 23:23:00,152.43,fridge,0,2.49,4.94,4.52,5.85,134.63
2023-01-05 23:24:00,191.13,fridge,0,3.65,8.26,3.32,5.75,170.14
2023-01-05 23:25:00,196.02,fridge,0,7.46,3.78,7.55,6.97,170.27
2023-01-05 23:26:00,151.57,fridge,0,8.35,4.61,4.44,4.32,129.85
2023-01-05 23:27:00,157.01,fridge,0,5.35,1.44,2.63,5.68,141.91
2023-01-05 23:28:00,182.31,fridge,0,5.4,7.68,3.03,5.47,160.74
2023-01-05 23:29:00,160.97,fridge,0,3.36,4.85,6.14,4.89,141.73
2023-01-05 23:30:00,206.86,fridge,0,7.71,5.39,6.3,7.58,179.88
2023-01-05 23:31:00,188.84,fridge,0,4.72,4.35,2.07,5.18,172.52
2023-01-05 23:32:00,167.19,fridge,0,2.87,6.46,3.75,1.4,152.72
2023-01-05 23:33:00,174.2,fridge,0,5.6,4.01,7.2,4.53,152.86
2023-01-05 23:34:00,184.8,fridge,0,7.13,8.8,6.26,2.19,160.42
2023-01-05 23:35:00,171.57,fridge,0,3.1,4.75,4.74,5.23,153.76
2023-01-05 23:36:00,186.71,fridge,0,8.59,3.79,3.48,6.13,164.72
2023-01-05 23:37:00,161.9,fridge,0,7.91,4.66,3.91,6.38,139.04
2023-01-05 23:38:00,162.38,fridge,0,4.99,4.27,7.21,4.97,140.94
2023-01-05 23:39:00,144.04,fridge,0,6.46,2.49,5.45,3.62,126.01
2023-01-05 23:40:00,176.37,fridge,0,5.69,6.47,3.48,4.91,155.82
2023-01-05 23:41:00,175.85,fridge,0,2.44,6.24,4.02,2.87,160.28
2023-01-05 23:42:00,167.16,fridge,0,6.27,5.76,6.45,9.71,138.98
2023-01-05 23:43:00,165.58,fridge,0,4.94,6.49,6.63,6.82,140.72
2023-01-05 23:44:00,181.91,fridge,0,3.33,2.68,6.75,1.72,167.44
2023-01-05 23:45:00,169.14,fridge,0,7.31,4.44,3.81,6.85,146.73
2023-01-05 23:46:00,168.33,fridge,0,6.85,2.73,4.77,5.56,148.41
2023-01-05 23:47:00,176.2,fridge,0,3.85,4.7,7.49,6.61,153.56
2023-01-05 23:48:00,190.86,fridge,0,6.05,3.63,3.01,7.4,170.77
2023-01-05 23:49:00,175.69,fridge,0,3.11,3.63,4.46,6.19,158.3
2023-01-05 23:50:00,165.65,fridge,0,7.57,1.58,8.75,4.75,142.99
2023-01-05 23:51:00,161.06,fridge,0,3.91,7.62,4.44,5.46,139.63
2023-01-05 23:52:00,200.03,fridge,0,6.31,1.26,9.06,6.05,177.34
2023-01-05 23:53:00,174.16,fridge,0,4.08,5.36,6.19,5.53,153.0
2023-01-05 23:54:00,166.85,fridge,0,8.46,7.34,6.87,4.9,139.28
2023-01-05 23:55:00,157.11,fridge,0,5.19,3.76,2.24,5.92,140.0
2023-01-05 23:56:00,162.05,fridge,0,3.27,3.1,3.44,7.04,145.2
2023-01-05 23:57:00,139.56,fridge,0,3.76,2.9,4.66,8.17,120.07
2023-01-05 23:58:00,176.07,fridge,0,9.97,2.78,9.35,5.02,148.95
2023-01-05 23:59:00,172.22,fridge,0,3.68,11.35,5.81,3.35,148.03
2023-01-06 00:00:00,164.74,fridge,0,4.66,2.87,3.25,4.02,149.94
2023-01-06 00:01:00,144.68,fridge,0,2.6,6.6,2.16,1.51,131.8
2023-01-06 00:02:00,180.41,fridge,0,4.13,2.27,2.37,4.66,166.99
2023-01-06 00:03:00,151.08,fridge,0,2.03,2.56,3.84,3.92,138.73
2023-01-06 00:04:00,166.64,fridge,0,5.22,4.15,6.65,2.87,147.74
2023-01-06 00:05:00,147.64,fridge,0,2.69,4.86,6.45,8.46,125.19
2023-01-06 00:06:00,166.1,fridge,0,4.87,6.03,1.41,0.73,153.07
2023-01-06 00:07:00,214.1,fridge,0,2.94,5.47,4.84,1.75,199.09
2023-01-06 00:08:00,155.49,fridge,0,6.8,8.01,8.5,4.93,127.26
2023-01-06 00:09:00,96.91,fridge,0,2.53,5.99,4.17,2.49,81.72
2023-01-06 00:10:00,142.17,fridge,0,4.21,5.16,4.22,4.17,124.42
2023-01-06 00:11:00,192.71,fridge,0,7.51,3.64,1.71,3.61,176.24
2023-01-06 00:12:00,169.16,fridge,0,5.67,6.58,7.65,5.48,143.78
2023-01-06 00:13:00,170.83,fridge,0,4.22,7.7,7.31,4.03,147.57
2023-01-06 00:14:00,152.39,fridge,0,4.69,2.63,7.94,5.1,132.03
2023-01-06 00:15:00,166.33,fridge,0,8.06,6.64,3.66,7.04,140.92
2023-01-06 00:16:00,157.28,fridge,0,5.88,7.77,1.38,3.59,138.66
2023-01-06 00:17:00,152.53,fridge,0,4.76,6.08,3.76,4.46,133.47
2023-01-06 00:18:00,149.41,fridge,0,6.79,8.02,5.85,4.25,124.5
2023-01-06 00:19:00,185.21,fridge,0,1.74,6.61,4.02,2.69,170.14
2023-01-06 00:20:00,158.84,fridge,0,4.03,4.09,4.95,4.0,141.78
2023-01-06 00:21:00,172.07,fridge,0,6.29,5.42,2.93,10.1,147.31
2023-01-06 00:22:00,170.9,fridge,0,4.29,5.78,5.78,4.61,150.44
2023-01-06 00:23:00,134.24,fridge,0,7.39,6.09,4.02,3.32,113.43
2023-01-06 00:24:00,133.04,fridge,0,4.61,4.01,8.29,3.2,112.92
2023-01-06 00:25:00,202.66,fridge,0,3.63,7.57,4.94,6.01,180.5
2023-01-06 00:26:00,138.16,fridge,0,5.63,5.94,5.55,8.8,112.24
2023-01-06 00:27:00,188.42,fridge,0,4.5,4.69,5.63,3.8,169.8
2023-01-06 00:28:00,187.68,fridge,0,6.38,4.1,7.15,4.91,165.14
2023-01-06 00:29:00,177.72,fridge,0,4.45,4.13,3.88,3.09,162.17
2023-01-06 00:30:00,192.56,fridge,0,7.03,4.12,4.17,8.58,168.65
2023-01-06 00:31:00,150.33,fridge,0,5.28,4.38,4.3,8.59,127.78
2023-01-06 00:32:00,177.36,fridge,0,4.5,1.88,5.3,1.49,164.19
2023-01-06 00:33:00,190.56,fridge,0,5.81,6.78,3.87,1.62,172.48
2023-01-06 00:34:00,176.48,fridge,0,5.13,3.87,6.43,8.14,152.92
2023-01-06 00:35:00,165.86,fridge,0,5.57,5.96,4.54,6.25,143.54
2023-01-06 00:36:00,156.55,fridge,0,7.68,3.28,5.28,5.44,134.87
2023-01-06 00:37:00,155.22,fridge,0,4.85,3.28,7.93,3.77,135.39
2023-01-06 00:38:00,198.79,fridge,0,3.52,7.26,6.55,6.67,174.79
2023-01-06 00:39:00,159.04,fridge,0,6.21,4.98,3.67,2.75,141.44
2023-01-06 00:40:00,177.26,fridge,0,2.5,3.71,4.39,4.04,162.62
2023-01-06 00:41:00,214.0,fridge,0,4.5,3.97,3.64,10.14,191.76
2023-01-06 00:42:00,156.22,fridge,0,4.27,5.49,3.53,3.5,139.42
2023-01-06 00:43:00,181.79,fridge,0,4.95,10.04,4.04,5.18,157.58
2023-01-06 00:44:00,165.39,fridge,0,2.22,5.01,5.2,5.08,147.88
2023-01-06 00:45:00,162.63,fridge,0,6.46,1.58,4.75,2.26,147.58
2023-01-06 00:46:00,168.95,fridge,0,5.1,2.71,3.4,2.22,155.52
2023-01-06 00:47:00,182.79,fridge,0,4.69,5.02,6.04,4.07,162.97
2023-01-06 00:48:00,209.39,fridge,0,6.81,5.01,6.44,5.23,185.9
2023-01-06 00:49:00,144.39,fridge,0,1.01,5.75,5.85,9.65,122.13
2023-01-06 00:50:00,195.54,fridge,0,4.51,5.38,5.46,4.16,176.04
2023-01-06 00:51:00,154.13,fridge,0,5.54,6.33,7.81,3.01,131.44
2023-01-06 00:52:00,175.44,fridge,0,1.52,3.6,2.86,4.46,162.99
2023-01-06 00:53:00,143.12,fridge,0,3.56,5.26,3.18,5.88,125.25
2023-01-06 00:54:00,197.1,fridge,0,3.22,5.26,2.77,8.52,177.33
2023-01-06 00:55:00,181.4,fridge,0,5.4,6.4,5.58,5.53,158.49
2023-01-06 00:56:00,166.45,fridge,0,4.8,4.72,6.63,7.15,143.15
2023-01-06 00:57:00,177.17,fridge,0,8.55,6.24,4.27,7.61,150.5
2023-01-06 00:58:00,168.76,fridge,0,4.94,7.3,7.09,6.54,142.9
2023-01-06 00:59:00,173.11,fridge,0,5.16,1.61,4.46,4.25,157.63
2023-01-06 01:00:00,169.41,fridge,0,6.44,4.82,5.44,4.45,148.26
2023-01-06 01:01:00,155.27,fridge,0,6.83,5.02,2.12,3.36,137.95
2023-01-06 01:02:00,213.9,fridge,0,4.33,9.2,5.07,4.32,190.98
2023-01-06 01:03:00,206.75,fridge,0,5.32,4.65,9.3,6.23,181.25
2023-01-06 01:04:00,159.45,fridge,0,2.78,7.97,9.44,8.89,130.37
2023-01-06 01:05:00,172.6,fridge,0,6.73,3.5,7.59,4.14,150.64
2023-01-06 01:06:00,171.61,fridge,0,5.64,1.84,5.21,4.8,154.11
2023-01-06 01:07:00,151.15,fridge,0,4.75,6.04,6.45,4.28,129.63
2023-01-06 01:08:00,173.11,fridge,0,5.5,5.1,4.86,3.79,153.85
2023-01-06 01:09:00,146.34,fridge,0,5.25,7.29,5.11,5.22,123.47
2023-01-06 01:10:00,156.79,fridge,0,5.16,6.65,4.54,7.52,132.92
2023-01-06 01:11:00,172.45,fridge,0,5.21,8.27,4.01,5.27,149.69
2023-01-06 01:12:00,188.14,fridge,0,2.08,1.5,6.63,7.62,170.31
2023-01-06 01:13:00,196.03,fridge,0,7.87,4.55,5.99,4.56,173.06
2023-01-06 01:14:00,206.4,fridge,0,1.48,9.85,4.0,5.75,185.32
2023-01-06 01:15:00,180.16,fridge,0,6.73,4.08,3.15,7.03,159.16
2023-01-06 01:16:00,165.26,fridge,0,4.65,2.73,5.26,3.56,149.06
2023-01-06 01:17:00,167.52,fridge,1,21.49,4.7,3.91,6.36,131.07
2023-01-06 01:18:00,143.81,fridge,0,4.79,10.62,5.61,8.83,113.96
2023-01-06 01:19:00,157.27,fridge,0,5.48,5.47,1.32,7.03,137.97
2023-01-06 01:20:00,177.57,fridge,0,8.76,3.69,5.16,4.19,155.77
2023-01-06 01:21:00,178.91,fridge,0,4.5,5.17,4.55,0.85,163.84
2023-01-06 01:22:00,114.8,fridge,0,7.75,8.17,3.37,3.99,91.53
2023-01-06 01:23:00,117.62,fridge,0,3.74,0.97,5.63,7.11,100.16
2023-01-06 01:24:00,167.16,fridge,0,9.51,4.98,5.27,0.0,147.39
2023-01-06 01:25:00,155.7,fridge,0,4.08,2.48,3.67,5.58,139.89
2023-01-06 01:26:00,149.18,fridge,0,2.97,6.06,3.66,6.63,129.86
2023-01-06 01:27:00,198.82,fridge,0,1.37,5.01,6.51,5.91,180.01
2023-01-06 01:28:00,164.4,fridge,0,2.13,4.97,4.97,6.75,145.58
2023-01-06 01:29:00,193.11,fridge,0,4.35,6.63,5.97,5.98,170.19
2023-01-06 01:30:00,168.54,fridge,0,5.34,2.2,8.35,6.09,146.56
2023-01-06 01:31:00,198.45,fridge,0,7.88,5.32,3.25,1.88,180.12
2023-01-06 01:32:00,163.52,fridge,0,3.64,1.5,9.02,6.4,142.96
2023-01-06 01:33:00,179.08,fridge,0,0.38,4.02,3.18,4.3,167.2
2023-01-06 01:34:00,196.72,fridge,0,1.69,5.84,8.53,5.16,175.5
2023-01-06 01:35:00,175.56,fridge,0,6.57,3.41,3.99,4.03,157.57
2023-01-06 01:36:00,174.38,fridge,0,6.86,5.11,6.04,5.08,151.3
2023-01-06 01:37:00,165.09,fridge,0,7.15,1.75,0.16,3.16,152.86
2023-01-06 01:38:00,164.17,fridge,0,7.12,0.66,7.15,1.24,148.0
2023-01-06 01:39:00,139.09,fridge,0,6.24,3.92,5.44,4.76,118.73
2023-01-06 01:40:00,217.37,fridge,1,5.16,26.97,2.76,4.07,178.41
2023-01-06 01:41:00,156.46,fridge,0,6.19,7.1,0.88,4.79,137.49
2023-01-06 01:42:00,163.76,fridge,0,8.56,4.89,4.34,2.69,143.28
2023-01-06 01:43:00,165.13,fridge,0,6.01,6.48,5.71,5.59,141.34
2023-01-06 01:44:00,168.21,fridge,0,4.18,6.0,4.42,3.63,149.98
2023-01-06 01:45:00,194.04,fridge,0,3.73,4.67,6.41,6.34,172.89
2023-01-06 01:46:00,184.68,fridge,0,3.89,4.9,6.2,3.99,165.7
2023-01-06 01:47:00,165.01,fridge,0,5.69,3.94,2.94,5.72,146.72
2023-01-06 01:48:00,184.28,fridge,0,4.99,6.44,3.57,5.12,164.16
2023-01-06 01:49:00,149.49,fridge,0,5.2,7.5,8.59,1.68,126.53
2023-01-06 01:50:00,196.94,fridge,0,6.49,8.37,5.08,2.46,174.53
2023-01-06 01:51:00,197.96,fridge,1,0.0,3.34,24.13,4.83,165.66
2023-01-06 01:52:00,147.48,fridge,0,7.86,6.58,2.75,4.13,126.17
2023-01-06 01:53:00,166.0,fridge,0,3.87,5.17,2.89,6.82,147.25
2023-01-06 01:54:00,122.79,fridge,0,6.43,2.68,1.7,5.48,106.49
2023-01-06 01:55:00,191.45,fridge,0,5.7,5.55,4.99,3.02,172.2
2023-01-06 01:56:00,170.33,fridge,0,1.92,3.04,3.63,7.6,154.14
2023-01-06 01:57:00,168.5,fridge,0,4.46,0.5,0.76,0.37,162.4
2023-01-06 01:58:00,176.21,fridge,0,2.7,5.26,3.95,6.89,157.41
2023-01-06 01:59:00,163.52,fridge,0,0.0,4.1,3.08,4.35,151.99
2023-01-06 02:00:00,174.89,fridge,0,6.63,5.39,4.53,3.65,154.68
2023-01-06 02:01:00,198.66,fridge,0,4.65,4.54,5.02,7.55,176.9
2023-01-06 02:02:00,167.9,fridge,0,5.25,4.04,5.03,6.46,147.1
2023-01-06 02:03:00,153.95,fridge,0,7.8,6.05,5.15,1.46,133.49
2023-01-06 02:04:00,160.6,fridge,0,4.44,3.89,7.9,5.08,139.29
2023-01-06 02:05:00,178.53,fridge,0,7.11,4.77,5.91,5.2,155.54
2023-01-06 02:06:00,190.21,fridge,0,2.83,5.6,4.97,8.36,168.45
2023-01-06 02:07:00,146.0,fridge,0,5.06,5.36,2.0,1.21,132.37
2023-01-06 02:08:00,177.19,fridge,0,5.81,4.47,2.67,7.71,156.53
2023-01-06 02:09:00,158.21,fridge,0,4.27,3.66,6.57,5.47,138.24
2023-01-06 02:10:00,172.44,fridge,0,5.41,0.14,7.65,1.08,158.15
2023-01-06 02:11:00,155.3,fridge,0,1.41,4.14,6.24,8.35,135.15
2023-01-06 02:12:00,135.22,fridge,0,1.99,5.02,5.56,6.62,116.03
2023-01-06 02:13:00,189.5,fridge,0,7.15,6.99,8.83,2.6,163.92
2023-01-06 02:14:00,159.73,fridge,0,4.09,2.79,4.19,1.84,146.82
2023-01-06 02:15:00,163.25,fridge,0,4.35,3.87,7.24,6.75,141.05
2023-01-06 02:16:00,151.9,fridge,0,4.91,1.41,5.5,4.25,135.83
2023-01-06 02:17:00,203.71,fridge,0,5.83,5.39,4.73,5.24,182.52
2023-01-06 02:18:00,153.46,fridge,0,2.32,3.58,3.3,5.16,139.1
2023-01-06 02:19:00,165.27,fridge,0,5.3,2.22,3.9,6.32,147.52
2023-01-06 02:20:00,189.9,fridge,0,3.97,3.12,5.64,6.7,170.47
2023-01-06 02:21:00,133.53,fridge,0,8.49,3.52,2.55,9.43,109.54
2023-01-06 02:22:00,184.65,fridge,0,1.35,2.42,5.81,5.51,169.57
2023-01-06 02:23:00,149.02,fridge,0,3.44,3.54,0.0,1.13,140.91
2023-01-06 02:24:00,168.54,fridge,0,8.49,4.51,0.8,5.9,148.84
2023-01-06 02:25:00,168.76,fridge,0,6.75,3.99,3.45,4.18,150.39
2023-01-06 02:26:00,189.94,fridge,0,4.45,5.56,4.28,7.37,168.29
2023-01-06 02:27:00,193.89,fridge,0,3.26,5.4,1.18,6.19,177.85
2023-01-06 02:28:00,144.95,fridge,0,8.54,1.79,2.86,3.81,127.95
2023-01-06 02:29:00,186.05,fridge,0,7.03,7.08,0.0,2.84,169.09
2023-01-06 02:30:00,156.75,fridge,0,3.07,7.46,4.24,5.95,136.03
2023-01-06 02:31:00,146.72,fridge,1,7.58,4.65,3.26,13.61,117.63
2023-01-06 02:32:00,162.79,fridge,0,9.22,3.26,6.64,4.57,139.08
2023-01-06 02:33:00,146.45,fridge,1,5.33,7.08,5.37,20.34,108.32
2023-01-06 02:34:00,165.42,fridge,0,2.21,6.4,5.11,6.92,144.77
2023-01-06 02:35:00,199.94,fridge,0,8.72,4.0,4.89,5.02,177.31
2023-01-06 02:36:00,170.43,fridge,0,5.34,8.52,3.67,3.73,149.17
2023-01-06 02:37:00,170.85,fridge,0,3.23,5.99,3.46,0.0,158.16
2023-01-06 02:38:00,175.68,fridge,0,5.12,3.27,2.89,3.33,161.06
2023-01-06 02:39:00,141.4,fridge,0,3.72,5.17,1.18,3.44,127.89
2023-01-06 02:40:00,164.32,fridge,0,1.49,3.51,4.09,7.54,147.69
2023-01-06 02:41:00,156.24,fridge,0,5.42,6.5,8.15,5.43,130.74
2023-01-06 02:42:00,196.75,fridge,0,3.87,3.49,5.28,0.0,184.11
2023-01-06 02:43:00,153.99,fridge,0,6.63,7.17,4.81,5.81,129.56
2023-01-06 02:44:00,179.72,fridge,0,3.76,8.32,6.18,7.12,154.34
2023-01-06 02:45:00,187.33,fridge,0,6.7,6.07,8.03,5.42,161.11
2023-01-06 02:46:00,169.95,fridge,0,4.42,5.26,6.72,3.25,150.29
2023-01-06 02:47:00,198.37,fridge,0,7.17,7.4,7.39,3.61,172.8
2023-01-06 02:48:00,170.9,fridge,0,0.86,3.83,6.27,5.71,154.24
2023-01-06 02:49:00,176.42,fridge,0,5.67,5.39,3.27,5.87,156.22
2023-01-06 02:50:00,156.66,fridge,0,8.4,6.66,6.63,5.93,129.03
2023-01-06 02:51:00,175.74,fridge,0,5.79,6.49,4.93,4.15,154.39
2023-01-06 02:52:00,145.87,fridge,0,6.28,6.38,5.15,5.05,123.01
2023-01-06 02:53:00,150.4,fridge,0,10.34,4.49,5.15,4.18,126.24
2023-01-06 02:54:00,192.13,fridge,0,2.22,5.57,5.01,3.61,175.72
2023-01-06 02:55:00,201.06,fridge,0,6.03,7.22,4.58,4.19,179.03
2023-01-06 02:56:00,159.39,fridge,0,1.48,5.18,4.82,4.97,142.94
2023-01-06 02:57:00,168.61,fridge,0,6.24,4.76,0.42,8.08,149.12
2023-01-06 02:58:00,152.72,fridge,0,3.84,4.89,4.46,5.11,134.42
2023-01-06 02:59:00,210.23,fridge,0,4.75,5.76,6.66,5.46,187.61
2023-01-06 03:00:00,193.69,fridge,0,3.56,4.09,5.83,4.46,175.75
2023-01-06 03:01:00,152.23,fridge,0,5.52,5.99,6.38,4.99,129.35
2023-01-06 03:02:00,175.47,fridge,0,8.05,6.36,6.94,7.05,147.06
2023-01-06 03:03:00,148.24,fridge,0,3.91,6.96,7.07,5.72,124.58
2023-01-06 03:04:00,200.37,fridge,0,4.85,3.55,3.76,1.7,186.52
2023-01-06 03:05:00,163.1,fridge,0,6.7,0.64,3.85,1.9,150.0
2023-01-06 03:06:00,180.18,fridge,0,6.05,5.54,5.08,5.46,158.05
2023-01-06 03:07:00,149.7,fridge,0,3.34,5.95,2.49,3.83,134.1
2023-01-06 03:08:00,186.19,fridge,0,2.28,4.65,6.02,4.12,169.12
2023-01-06 03:09:00,211.74,fridge,0,8.64,7.2,6.5,7.02,182.38
2023-01-06 03:10:00,171.48,fridge,0,8.89,5.75,6.63,2.84,147.37
2023-01-06 03:11:00,176.88,fridge,0,4.52,6.2,3.45,6.8,155.91
2023-01-06 03:12:00,171.68,fridge,0,5.16,1.12,4.56,4.57,156.28
2023-01-06 03:13:00,139.17,fridge,0,7.3,1.62,3.75,5.6,120.89
2023-01-06 03:14:00,188.66,fridge,1,5.43,2.41,26.66,5.09,149.07
2023-01-06 03:15:00,185.83,fridge,0,4.89,5.78,5.04,4.88,165.24
2023-01-06 03:16:00,223.76,fridge,0,5.43,5.11,11.39,5.42,196.41
2023-01-06 03:17:00,201.93,fridge,0,3.33,7.68,7.89,4.15,178.89
2023-01-06 03:18:00,147.89,fridge,0,2.56,0.65,6.74,6.9,131.03
2023-01-06 03:19:00,152.33,fridge,0,6.12,4.83,5.23,6.69,129.47
2023-01-06 03:20:00,163.42,fridge,0,6.62,6.74,7.05,6.55,136.46
2023-01-06 03:21:00,176.32,fridge,0,0.99,5.65,5.32,7.99,156.37
2023-01-06 03:22:00,176.6,fridge,0,5.54,5.6,6.95,4.1,154.42
2023-01-06 03:23:00,160.75,fridge,0,4.5,3.19,6.32,4.32,142.42
2023-01-06 03:24:00,191.66,fridge,0,4.96,4.81,6.13,3.28,172.48
2023-01-06 03:25:00,181.55,fridge,0,5.37,4.52,3.87,7.14,160.65
2023-01-06 03:26:00,138.01,fridge,0,6.04,9.03,2.67,3.46,116.8
2023-01-06 03:27:00,148.72,fridge,0,4.93,6.87,6.25,2.19,128.48
2023-01-06 03:28:00,144.12,fridge,0,2.89,0.89,5.41,3.94,130.99
2023-01-06 03:29:00,178.1,fridge,0,1.56,7.42,4.77,9.0,155.34
2023-01-06 03:30:00,183.17,fridge,0,9.66,7.66,5.26,5.05,155.54
2023-01-06 03:31:00,164.18,fridge,0,6.6,7.67,7.63,2.33,139.96
2023-01-06 03:32:00,164.34,fridge,0,3.34,7.55,6.02,5.94,141.49
2023-01-06 03:33:00,155.2,fridge,0,5.97,5.4,5.66,3.35,134.82
2023-01-06 03:34:00,180.84,fridge,0,5.83,5.77,6.38,6.16,156.7
2023-01-06 03:35:00,183.35,fridge,0,4.55,2.92,4.67,4.69,166.51
2023-01-06 03:36:00,163.53,fridge,0,0.2,2.43,5.33,4.36,151.21
2023-01-06 03:37:00,173.75,fridge,0,7.07,6.49,1.81,6.98,151.41
2023-01-06 03:38:00,173.88,fridge,0,6.18,5.0,4.56,1.7,156.44
2023-01-06 03:39:00,181.37,fridge,0,1.28,6.73,2.28,4.81,166.28
2023-01-06 03:40:00,216.07,fridge,0,5.36,8.11,7.66,4.03,190.9
2023-01-06 03:41:00,154.71,fridge,0,4.04,5.7,5.31,3.92,135.75
2023-01-06 03:42:00,175.55,fridge,0,2.84,6.32,1.34,4.65,160.41
2023-01-06 03:43:00,139.49,fridge,0,3.22,5.5,5.65,3.5,121.61
2023-01-06 03:44:00,195.75,fridge,0,7.7,5.02,5.54,5.52,171.98
2023-01-06 03:45:00,158.21,fridge,0,5.04,4.87,3.3,3.74,141.25
2023-01-06 03:46:00,172.28,fridge,0,5.56,3.11,3.62,8.56,151.43
2023-01-06 03:47:00,146.75,fridge,0,4.81,6.0,6.04,3.56,126.35
2023-01-06 03:48:00,161.23,fridge,0,4.14,2.32,4.24,3.35,147.18
2023-01-06 03:49:00,157.26,fridge,0,8.05,1.44,6.13,2.58,139.06
2023-01-06 03:50:00,144.77,fridge,0,5.06,6.02,9.32,5.25,119.12
2023-01-06 03:51:00,161.29,fridge,0,1.9,5.04,2.44,0.95,150.96
2023-01-06 03:52:00,206.36,fridge,0,5.34,5.65,6.09,3.45,185.83
2023-01-06 03:53:00,128.42,fridge,0,2.63,4.41,6.08,7.14,108.16
2023-01-06 03:54:00,195.42,fridge,0,4.04,7.13,7.36,3.32,173.58
2023-01-06 03:55:00,189.37,fridge,0,7.23,4.62,5.05,4.99,167.48
2023-01-06 03:56:00,155.08,fridge,0,4.6,6.61,5.65,3.59,134.64
2023-01-06 03:57:00,188.5,fridge,0,3.78,5.75,6.78,3.63,168.57
2023-01-06 03:58:00,120.31,fridge,0,1.02,9.12,1.68,4.83,103.67
2023-01-06 03:59:00,175.69,fridge,0,3.46,8.88,1.75,2.26,159.34
2023-01-06 04:00:00,205.12,fridge,0,7.01,5.94,8.35,5.35,178.47
2023-01-06 04:01:00,198.27,fridge,0,7.53,8.6,8.2,2.29,171.66
2023-01-06 04:02:00,166.99,fridge,0,4.37,4.78,4.51,2.2,151.13
2023-01-06 04:03:00,186.28,fridge,0,9.36,4.69,8.31,0.0,163.91
2023-01-06 04:04:00,192.74,fridge,0,4.74,4.32,8.35,7.54,167.79
2023-01-06 04:05:00,134.84,fridge,0,8.47,6.79,4.13,3.57,111.87
2023-01-06 04:06:00,134.78,fridge,0,7.75,4.49,3.9,6.0,112.64
2023-01-06 04:07:00,192.8,fridge,0,3.58,9.21,5.81,6.17,168.03
2023-01-06 04:08:00,157.43,fridge,0,2.2,3.77,5.95,5.89,139.62
2023-01-06 04:09:00,150.8,fridge,0,4.16,7.56,4.05,8.68,126.35
2023-01-06 04:10:00,179.45,fridge,0,6.47,6.35,7.22,7.19,152.23
2023-01-06 04:11:00,166.85,fridge,0,4.17,4.0,5.46,4.48,148.73
2023-01-06 04:12:00,193.11,fridge,0,6.8,3.17,4.19,8.72,170.22
2023-01-06 04:13:00,167.05,fridge,0,6.95,3.18,8.6,5.47,142.85
2023-01-06 04:14:00,161.54,fridge,0,6.39,1.54,5.13,6.33,142.15
2023-01-06 04:15:00,163.7,fridge,0,7.24,7.19,5.54,5.22,138.5
2023-01-06 04:16:00,176.25,fridge,0,3.54,5.58,6.6,3.89,156.64
2023-01-06 04:17:00,174.12,fridge,0,8.5,3.53,2.96,4.66,154.47
2023-01-06 04:18:00,167.82,fridge,0,3.03,3.28,5.37,2.12,154.03
2023-01-06 04:19:00,181.94,fridge,0,2.74,3.7,4.0,5.22,166.28
2023-01-06 04:20:00,174.52,fridge,0,5.14,3.82,2.46,4.77,158.33
2023-01-06 04:21:00,183.57,fridge,1,6.31,9.93,2.91,4.45,159.97
2023-01-06 04:22:00,160.43,fridge,0,3.88,2.48,4.64,2.07,147.35
2023-01-06 04:23:00,179.85,fridge,0,3.2,6.74,7.41,1.3,161.2
2023-01-06 04:24:00,180.2,fridge,0,7.95,4.36,5.29,7.49,155.1
2023-01-06 04:25:00,207.96,fridge,0,2.09,1.86,0.0,6.88,197.14
2023-01-06 04:26:00,180.36,fridge,0,3.13,5.84,4.75,5.48,161.16
2023-01-06 04:27:00,153.13,fridge,0,4.8,2.99,4.5,2.98,137.86
2023-01-06 04:28:00,174.46,fridge,0,3.45,4.65,4.2,5.03,157.13
2023-01-06 04:29:00,161.13,fridge,0,4.98,6.46,4.65,1.65,143.38
2023-01-06 04:30:00,162.26,fridge,0,6.39,7.73,8.8,3.15,136.19
2023-01-06 04:31:00,173.06,fridge,0,5.27,4.79,3.01,5.07,154.93
2023-01-06 04:32:00,156.81,fridge,0,6.63,6.16,3.94,7.99,132.08
2023-01-06 04:33:00,154.71,fridge,0,3.71,2.52,2.0,2.33,144.15
2023-01-06 04:34:00,173.97,fridge,0,2.72,4.01,4.11,5.25,157.88
2023-01-06 04:35:00,152.26,fridge,0,2.68,3.68,7.18,5.02,133.71
2023-01-06 04:36:00,158.97,fridge,0,5.28,2.89,2.57,6.99,141.25
2023-01-06 04:37:00,141.09,fridge,0,5.63,5.22,7.82,6.49,115.93
2023-01-06 04:38:00,160.32,fridge,0,8.84,6.76,3.88,4.44,136.4
2023-01-06 04:39:00,172.44,fridge,0,3.79,7.02,6.81,5.39,149.44
2023-01-06 04:40:00,179.78,fridge,0,7.31,4.67,2.22,3.18,162.4
2023-01-06 04:41:00,203.12,fridge,0,3.56,4.08,7.61,2.49,185.38
2023-01-06 04:42:00,132.49,fridge,0,6.22,2.71,3.94,4.72,114.91
2023-01-06 04:43:00,161.17,fridge,0,2.22,5.02,6.22,3.92,143.79
2023-01-06 04:44:00,157.89,fridge,0,6.46,5.77,4.19,7.44,134.04
2023-01-06 04:45:00,157.37,fridge,1,1.78,4.03,15.21,2.92,133.44
2023-01-06 04:46:00,202.97,fridge,0,3.22,5.26,2.8,0.43,191.27
2023-01-06 04:47:00,127.86,fridge,0,5.46,3.54,3.11,5.23,110.51
2023-01-06 04:48:00,126.53,fridge,0,5.28,3.54,5.16,5.8,106.74
2023-01-06 04:49:00,170.76,fridge,0,8.67,5.88,3.52,4.18,148.52
2023-01-06 04:50:00,174.78,fridge,0,6.39,4.31,3.51,3.92,156.64
2023-01-06 04:51:00,211.84,fridge,0,3.38,4.81,6.65,4.19,192.81
2023-01-06 04:52:00,137.94,fridge,0,6.95,5.9,5.24,4.54,115.31
2023-01-06 04:53:00,173.82,fridge,0,4.87,7.9,4.02,5.65,151.38
2023-01-06 04:54:00,175.99,fridge,0,3.38,0.0,4.52,4.11,163.98
2023-01-06 04:55:00,205.93,fridge,0,8.01,3.77,6.97,6.47,180.71
2023-01-06 04:56:00,169.23,fridge,0,6.2,3.04,4.79,3.65,151.54
2023-01-06 04:57:00,206.89,fridge,0,4.44,5.48,7.87,2.45,186.66
2023-01-06 04:58:00,163.06,fridge,0,6.31,2.91,4.86,5.47,143.51
2023-01-06 04:59:00,160.46,fridge,0,5.54,2.02,5.78,7.08,140.03
2023-01-06 05:00:00,1655.55,geyser,0,1496.99,4.35,4.47,7.62,142.13
2023-01-06 05:01:00,1675.16,geyser,0,1508.43,6.04,3.55,3.7,153.44
2023-01-06 05:02:00,1687.5,geyser,0,1495.86,4.49,5.15,6.53,175.47
2023-01-06 05:03:00,1490.41,geyser,0,1271.51,5.39,4.02,6.6,202.9
2023-01-06 05:04:00,1738.97,geyser,0,1586.32,5.52,1.91,6.0,139.21
2023-01-06 05:05:00,1819.83,geyser,0,1638.98,10.85,7.09,6.75,156.16
2023-01-06 05:06:00,1591.07,geyser,0,1434.27,6.39,4.25,5.63,140.53
2023-01-06 05:07:00,1526.93,geyser,0,1367.45,4.69,6.8,4.58,143.42
2023-01-06 05:08:00,1512.31,geyser,0,1344.47,0.12,6.38,5.86,155.48
2023-01-06 05:09:00,1407.91,geyser,0,1280.87,4.23,2.33,2.59,117.9
2023-01-06 05:10:00,1721.23,geyser,0,1560.25,6.25,8.05,7.08,139.6
2023-01-06 05:11:00,1465.97,geyser,0,1309.8,5.16,8.35,5.26,137.41
2023-01-06 05:12:00,1528.02,geyser,0,1378.75,4.59,4.46,6.29,133.93
2023-01-06 05:13:00,1712.49,geyser,0,1526.98,4.79,4.23,3.68,172.8
2023-01-06 05:14:00,1678.69,geyser,0,1508.02,2.53,3.52,4.49,160.13
2023-01-06 05:15:00,1588.32,geyser,0,1379.87,3.44,3.63,5.44,195.95
2023-01-06 05:16:00,2015.43,geyser,0,1857.42,6.96,3.94,2.75,144.35
2023-01-06 05:17:00,1770.44,geyser,0,1591.05,0.89,2.79,6.37,169.34
2023-01-06 05:18:00,1779.07,geyser,0,1604.43,2.93,4.19,7.07,160.44
2023-01-06 05:19:00,1697.44,geyser,0,1545.42,5.65,5.39,3.19,137.8
2023-01-06 05:20:00,1729.99,geyser,0,1515.97,7.06,6.46,4.73,195.78
2023-01-06 05:21:00,1705.05,geyser,0,1557.9,5.22,7.93,4.6,129.39
2023-01-06 05:22:00,1522.53,geyser,0,1337.91,6.14,5.47,6.23,166.78
2023-01-06 05:23:00,1667.35,geyser,0,1509.12,3.38,5.11,5.49,144.26
2023-01-06 05:24:00,1888.07,geyser,0,1740.97,3.67,4.78,6.28,132.37
2023-01-06 05:25:00,1698.85,geyser,0,1562.88,3.45,5.65,5.21,121.66
2023-01-06 05:26:00,1829.94,geyser,0,1673.64,3.56,3.5,5.12,144.11
2023-01-06 05:27:00,1634.11,geyser,0,1458.1,6.53,6.81,7.42,155.25
2023-01-06 05:28:00,1747.45,geyser,0,1603.72,2.55,4.93,2.78,133.47
2023-01-06 05:29:00,1880.05,geyser,0,1736.07,1.68,7.77,4.11,130.42
2023-01-06 05:30:00,1560.52,geyser,0,1395.12,5.12,2.92,6.0,151.36
2023-01-06 05:31:00,1600.87,geyser,0,1433.21,2.37,5.12,6.13,154.04
2023-01-06 05:32:00,1536.53,geyser,0,1378.58,0.94,6.93,5.58,144.5
2023-01-06 05:33:00,1640.47,geyser,0,1460.05,1.67,8.46,6.83,163.46
2023-01-06 05:34:00,1689.63,geyser,0,1514.16,5.77,6.49,3.54,159.67
2023-01-06 05:35:00,1726.89,geyser,0,1592.77,3.13,3.05,6.28,121.66
2023-01-06 05:36:00,1711.61,geyser,0,1539.35,2.52,5.33,5.58,158.82
2023-01-06 05:37:00,1702.16,geyser,0,1517.21,4.51,3.68,3.16,173.6
2023-01-06 05:38:00,1746.7,geyser,0,1555.97,8.06,4.55,6.17,171.95
2023-01-06 05:39:00,1689.54,geyser,0,1515.36,4.32,3.64,4.68,161.54
2023-01-06 05:40:00,1764.45,geyser,0,1624.86,4.93,5.73,0.06,128.88
2023-01-06 05:41:00,1897.06,geyser,0,1740.54,2.91,3.0,4.26,146.35
2023-01-06 05:42:00,1600.59,geyser,0,1450.46,1.79,8.09,5.25,135.0
2023-01-06 05:43:00,1820.66,geyser,0,1648.37,5.47,3.58,1.78,161.47
2023-01-06 05:44:00,1385.43,geyser,0,1220.51,5.75,6.21,6.42,146.53
2023-01-06 05:45:00,1716.04,geyser,0,1554.21,4.35,4.98,5.9,146.6
2023-01-06 05:46:00,1699.59,geyser,0,1495.86,4.18,7.46,4.03,188.06
2023-01-06 05:47:00,1552.21,geyser,0,1387.03,3.25,5.73,4.57,151.63
2023-01-06 05:48:00,1422.08,geyser,0,1271.69,7.73,3.01,3.51,136.13
2023-01-06 05:49:00,1859.81,geyser,0,1716.86,2.34,4.81,2.94,132.86
2023-01-06 05:50:00,1824.09,geyser,0,1630.13,7.51,6.19,6.69,173.56
2023-01-06 05:51:00,1809.91,geyser,0,1650.3,3.6,4.43,1.53,150.04
2023-01-06 05:52:00,1640.14,geyser,0,1451.31,7.88,6.09,4.84,170.02
2023-01-06 05:53:00,1674.25,geyser,0,1511.45,3.66,10.95,6.16,142.03
2023-01-06 05:54:00,1766.6,geyser,0,1597.38,3.13,3.28,4.59,158.23
2023-01-06 05:55:00,1497.76,geyser,0,1348.23,7.49,5.45,5.32,131.27
2023-01-06 05:56:00,1398.97,geyser,0,1247.52,4.56,3.03,7.49,136.36
2023-01-06 05:57:00,1745.63,geyser,0,1610.18,7.46,3.8,4.61,119.58
2023-01-06 05:58:00,1650.16,geyser,0,1512.56,7.81,6.06,4.75,118.98
2023-01-06 05:59:00,1680.55,geyser,0,1489.81,0.0,4.84,1.97,183.94
2023-01-06 06:00:00,1826.58,geyser,0,1677.82,4.69,2.29,0.54,141.24
2023-01-06 06:01:00,1856.3,geyser,0,1677.99,6.53,3.98,5.86,161.94
2023-01-06 06:02:00,5007.75,geyser,1,4842.93,3.43,3.05,5.56,152.78
2023-01-06 06:03:00,1621.9,geyser,0,1481.08,0.96,2.89,3.15,133.82
2023-01-06 06:04:00,1745.61,geyser,0,1562.0,4.54,3.22,2.48,173.37
2023-01-06 06:05:00,1746.78,geyser,0,1563.07,5.8,5.45,0.23,172.22
2023-01-06 06:06:00,1983.65,geyser,0,1854.95,2.92,3.24,4.81,117.74
2023-01-06 06:07:00,1564.24,geyser,0,1414.31,6.64,3.79,5.88,133.63
2023-01-06 06:08:00,1660.51,geyser,0,1515.78,5.77,5.51,3.63,129.82
2023-01-06 06:09:00,1629.22,geyser,0,1438.05,3.38,4.66,1.88,181.25
2023-01-06 06:10:00,1764.23,geyser,0,1587.11,2.36,4.63,8.01,162.13
2023-01-06 06:11:00,1693.27,geyser,0,1509.91,2.91,4.77,5.1,170.57
2023-01-06 06:12:00,1793.36,geyser,0,1609.9,4.5,4.02,4.33,170.62
2023-01-06 06:13:00,1555.99,geyser,0,1407.46,1.4,3.76,4.46,138.9
2023-01-06 06:14:00,1693.16,geyser,0,1570.55,4.81,7.79,2.62,107.38
2023-01-06 06:15:00,1593.07,geyser,0,1402.46,4.38,5.87,4.79,175.57
2023-01-06 06:16:00,1716.65,geyser,0,1528.08,6.53,3.67,5.9,172.47
2023-01-06 06:17:00,1624.94,geyser,0,1469.54,4.36,8.03,2.46,140.55
2023-01-06 06:18:00,1474.05,geyser,0,1350.1,6.58,2.68,4.69,109.99
2023-01-06 06:19:00,1813.34,geyser,0,1652.8,5.62,6.63,4.79,143.5
2023-01-06 06:20:00,1587.27,geyser,0,1408.53,3.62,3.39,6.6,165.13
2023-01-06 06:21:00,1915.21,geyser,0,1734.83,6.52,5.35,3.99,164.51
2023-01-06 06:22:00,1609.01,geyser,0,1435.22,6.41,2.98,6.25,158.15
2023-01-06 06:23:00,1693.19,geyser,0,1539.67,1.56,5.2,0.38,146.38
2023-01-06 06:24:00,1556.2,geyser,0,1433.75,2.73,2.57,3.24,113.91
2023-01-06 06:25:00,1497.98,geyser,0,1343.96,0.49,6.43,2.51,144.59
2023-01-06 06:26:00,1704.95,geyser,0,1529.24,5.49,6.99,9.53,153.71
2023-01-06 06:27:00,1733.44,geyser,0,1540.3,7.74,7.77,3.98,173.64
2023-01-06 06:28:00,1806.03,geyser,0,1614.87,3.22,5.52,0.55,181.87
2023-01-06 06:29:00,1505.04,geyser,0,1381.09,8.76,5.07,8.1,102.02
2023-01-06 06:30:00,1762.26,geyser,0,1543.39,2.12,8.28,6.47,202.0
2023-01-06 06:31:00,1761.83,geyser,0,1614.5,7.05,1.78,4.66,133.86
2023-01-06 06:32:00,1632.42,geyser,0,1473.91,3.85,4.49,9.97,140.19
2023-01-06 06:33:00,1894.43,geyser,0,1739.16,3.02,3.04,7.93,141.27
2023-01-06 06:34:00,1558.38,geyser,0,1422.06,4.22,2.1,5.04,124.95
2023-01-06 06:35:00,1747.32,geyser,0,1576.99,6.92,6.35,3.11,153.95
2023-01-06 06:36:00,1685.57,geyser,0,1505.79,6.22,4.37,4.7,164.5
2023-01-06 06:37:00,1713.83,geyser,0,1550.5,5.16,3.44,4.84,149.89
2023-01-06 06:38:00,1847.83,geyser,0,1676.24,2.47,7.2,8.62,153.31
2023-01-06 06:39:00,1485.54,geyser,0,1360.87,3.12,5.06,4.23,112.26
2023-01-06 06:40:00,1584.17,geyser,0,1459.27,3.51,7.12,2.0,112.26
2023-01-06 06:41:00,1422.52,geyser,0,1210.77,2.97,1.49,4.99,202.3
2023-01-06 06:42:00,1598.65,geyser,0,1433.37,5.51,7.24,4.7,147.83
2023-01-06 06:43:00,1726.46,geyser,0,1518.88,3.59,3.56,0.59,199.83
2023-01-06 06:44:00,1525.03,geyser,0,1375.78,7.54,4.89,1.43,135.39
2023-01-06 06:45:00,1640.76,geyser,0,1480.36,4.69,0.24,4.72,150.76
2023-01-06 06:46:00,1628.76,geyser,0,1515.14,4.18,6.8,2.44,100.21
2023-01-06 06:47:00,1971.21,geyser,0,1790.2,5.92,5.74,6.77,162.59
2023-01-06 06:48:00,1870.44,geyser,0,1702.34,3.95,8.26,5.85,150.03
2023-01-06 06:49:00,1598.24,geyser,0,1379.35,8.28,3.37,2.95,204.28
2023-01-06 06:50:00,1697.31,geyser,0,1490.51,6.24,4.42,4.92,191.21
2023-01-06 06:51:00,1579.06,geyser,0,1424.47,5.32,3.63,3.86,141.78
2023-01-06 06:52:00,1815.62,geyser,0,1669.69,3.52,7.96,6.14,128.31
2023-01-06 06:53:00,1683.73,geyser,0,1539.23,5.51,4.21,1.91,132.86
2023-01-06 06:54:00,1500.38,geyser,0,1334.76,6.21,5.92,6.3,147.18
2023-01-06 06:55:00,1349.35,geyser,0,1191.16,5.47,6.2,6.17,140.35
2023-01-06 06:56:00,1582.04,geyser,0,1448.24,4.86,5.34,3.56,120.04
2023-01-06 06:57:00,1617.19,geyser,0,1458.89,4.99,1.0,2.86,149.45
2023-01-06 06:58:00,1678.27,geyser,0,1549.29,2.4,2.82,2.6,121.16
2023-01-06 06:59:00,1911.33,geyser,0,1748.15,2.21,8.34,7.58,145.05
2023-01-06 07:00:00,1708.71,geyser,0,1561.86,4.6,5.52,7.04,129.69
2023-01-06 07:01:00,1813.0,geyser,0,1643.86,6.93,3.67,3.39,155.16
2023-01-06 07:02:00,1654.16,geyser,0,1506.79,4.47,0.99,7.7,134.22
2023-01-06 07:03:00,1668.36,geyser,0,1528.93,5.08,4.89,2.57,126.88
2023-01-06 07:04:00,1733.71,geyser,0,1563.14,6.87,4.4,4.73,154.57
2023-01-06 07:05:00,1577.92,geyser,0,1379.41,1.69,6.58,0.0,190.24
2023-01-06 07:06:00,1754.36,geyser,0,1581.74,6.19,4.92,4.81,156.71
2023-01-06 07:07:00,1738.5,geyser,0,1581.86,7.72,2.41,8.16,138.35
2023-01-06 07:08:00,1611.8,geyser,0,1447.88,8.06,5.15,2.83,147.88
2023-01-06 07:09:00,1690.4,geyser,0,1532.86,2.35,0.34,9.52,145.33
2023-01-06 07:10:00,1549.89,geyser,0,1395.57,6.25,6.95,6.73,134.4
2023-01-06 07:11:00,1683.81,geyser,0,1523.26,5.46,5.54,0.92,148.63
2023-01-06 07:12:00,1630.54,geyser,0,1449.43,5.41,6.12,3.74,165.83
2023-01-06 07:13:00,1721.02,geyser,0,1566.51,2.98,5.68,5.0,140.86
2023-01-06 07:14:00,1745.22,geyser,0,1573.42,5.61,6.5,5.15,154.54
2023-01-06 07:15:00,1555.24,geyser,0,1396.86,7.69,2.87,6.42,141.41
2023-01-06 07:16:00,1936.86,geyser,0,1802.01,3.96,3.68,4.14,123.06
2023-01-06 07:17:00,1643.3,geyser,0,1484.63,7.84,6.73,5.78,138.32
2023-01-06 07:18:00,2020.12,geyser,0,1829.53,4.28,5.08,4.67,176.55
2023-01-06 07:19:00,1470.96,geyser,0,1306.13,3.27,6.64,10.54,144.38
2023-01-06 07:20:00,1799.21,geyser,0,1618.0,5.45,8.45,3.47,163.85
2023-01-06 07:21:00,1579.03,geyser,0,1393.46,4.76,4.89,4.62,171.29
2023-01-06 07:22:00,1605.28,geyser,0,1448.34,1.65,2.02,3.7,149.58
2023-01-06 07:23:00,1791.02,geyser,0,1601.82,5.77,2.52,5.64,175.28
2023-01-06 07:24:00,1546.44,geyser,0,1387.24,5.53,6.63,3.98,143.05
2023-01-06 07:25:00,1975.58,geyser,1,1547.39,1.26,5.93,2.45,418.55
2023-01-06 07:26:00,1648.67,geyser,0,1442.94,3.38,7.04,4.05,191.25
2023-01-06 07:27:00,1849.4,geyser,0,1689.68,6.87,1.72,5.69,145.44
2023-01-06 07:28:00,1605.48,geyser,0,1444.49,6.16,7.51,6.68,140.65
2023-01-06 07:29:00,1931.32,geyser,0,1741.82,7.07,5.54,12.22,164.67
2023-01-06 07:30:00,1413.46,geyser,0,1246.34,4.27,4.72,1.76,156.37
2023-01-06 07:31:00,1559.91,geyser,0,1422.57,7.55,1.8,8.27,119.7
2023-01-06 07:32:00,1846.85,geyser,0,1692.98,2.91,5.81,7.45,137.71
2023-01-06 07:33:00,1563.42,geyser,0,1417.63,7.24,6.21,7.26,125.07
2023-01-06 07:34:00,1758.03,geyser,0,1581.29,4.23,5.26,4.84,162.4
2023-01-06 07:35:00,2042.44,geyser,0,1857.18,5.06,4.76,5.52,169.91
2023-01-06 07:36:00,1697.52,geyser,0,1514.0,6.57,4.42,7.47,165.06
2023-01-06 07:37:00,1625.48,geyser,0,1418.71,5.2,3.68,6.8,191.09
2023-01-06 07:38:00,1614.69,geyser,0,1425.07,3.2,3.7,5.33,177.38
2023-01-06 07:39:00,1780.25,geyser,0,1600.73,4.55,4.94,6.92,163.11
2023-01-06 07:40:00,1759.43,geyser,0,1582.76,5.01,7.27,5.68,158.72
2023-01-06 07:41:00,1708.89,geyser,0,1514.49,3.26,3.78,4.74,182.62
2023-01-06 07:42:00,1532.2,geyser,0,1415.67,5.18,5.92,3.5,101.92
2023-01-06 07:43:00,1684.41,geyser,0,1491.32,5.12,4.76,8.34,174.88
2023-01-06 07:44:00,1820.07,geyser,0,1650.11,3.42,3.48,5.92,157.14
2023-01-06 07:45:00,1425.12,geyser,0,1254.92,5.29,3.11,6.34,155.46
2023-01-06 07:46:00,1747.79,geyser,0,1559.77,5.45,4.48,3.32,174.76
2023-01-06 07:47:00,1593.99,geyser,1,1419.24,8.27,14.39,4.6,147.5
2023-01-06 07:48:00,1484.64,geyser,0,1359.89,3.04,3.31,3.76,114.64
2023-01-06 07:49:00,1756.25,geyser,0,1616.99,2.98,5.03,5.08,126.17
2023-01-06 07:50:00,1761.71,geyser,0,1602.9,4.08,3.86,6.36,144.51
2023-01-06 07:51:00,1560.32,geyser,0,1404.44,6.8,7.92,5.32,135.83
2023-01-06 07:52:00,1744.55,geyser,0,1602.4,7.07,6.86,6.14,122.07
2023-01-06 07:53:00,1708.27,geyser,0,1543.11,4.2,8.03,4.24,148.69
2023-01-06 07:54:00,1595.79,geyser,0,1433.61,5.57,1.75,3.18,151.68
2023-01-06 07:55:00,1579.49,geyser,0,1397.9,5.67,4.79,3.36,167.77
2023-01-06 07:56:00,1533.97,geyser,0,1378.06,5.81,5.1,3.8,141.2
2023-01-06 07:57:00,1601.97,geyser,0,1438.87,4.86,7.3,5.48,145.46
2023-01-06 07:58:00,1695.49,geyser,0,1535.91,3.16,3.49,3.73,149.2
2023-01-06 07:59:00,1517.15,geyser,0,1402.03,4.56,7.35,7.91,95.29
2023-01-06 08:00:00,2087.31,geyser,0,1326.29,1.35,587.07,7.36,165.24
2023-01-06 08:01:00,2206.81,geyser,0,1423.3,6.86,657.52,4.75,114.38
2023-01-06 08:02:00,2323.87,geyser,0,1520.67,3.4,645.15,4.65,150.01
2023-01-06 08:03:00,2076.53,geyser,0,1412.13,1.65,533.73,6.04,122.99
2023-01-06 08:04:00,2322.77,geyser,0,1487.03,6.33,685.5,3.91,140.0
2023-01-06 08:05:00,2444.57,geyser,0,1601.54,5.35,667.85,3.45,166.39
2023-01-06 08:06:00,2338.49,geyser,0,1634.78,6.76,554.73,2.85,139.37
2023-01-06 08:07:00,2205.77,geyser,0,1405.94,2.91,673.15,3.16,120.61
2023-01-06 08:08:00,2200.8,geyser,0,1431.49,2.76,599.79,4.3,162.45
2023-01-06 08:09:00,2427.86,geyser,0,1533.2,5.96,739.31,1.99,147.4
2023-01-06 08:10:00,2396.46,geyser,0,1509.3,5.14,699.51,8.53,173.99
2023-01-06 08:11:00,2584.88,geyser,0,1654.13,4.57,781.8,7.91,136.47
2023-01-06 08:12:00,2396.89,geyser,0,1555.76,6.52,682.59,8.17,143.84
2023-01-06 08:13:00,2344.87,geyser,0,1534.39,3.21,635.15,4.01,168.11
2023-01-06 08:14:00,2330.14,geyser,0,1486.02,6.36,644.24,3.14,190.38
2023-01-06 08:15:00,2179.33,geyser,0,1424.64,6.68,589.49,4.28,154.24
2023-01-06 08:16:00,2352.44,geyser,0,1518.43,6.48,654.52,1.24,171.78
2023-01-06 08:17:00,2482.25,geyser,0,1567.27,3.77,768.12,6.12,136.98
2023-01-06 08:18:00,2309.52,geyser,0,1435.01,6.23,723.89,2.41,142.0
2023-01-06 08:19:00,2352.97,geyser,0,1387.77,5.18,787.15,4.5,168.38
2023-01-06 08:20:00,2343.27,geyser,0,1547.4,6.3,619.7,4.19,165.69
2023-01-06 08:21:00,2434.35,geyser,0,1490.64,4.76,782.82,3.99,152.14
2023-01-06 08:22:00,2369.74,geyser,0,1458.16,6.58,771.54,4.55,128.91
2023-01-06 08:23:00,2354.87,geyser,0,1497.97,7.94,663.39,1.91,183.65
2023-01-06 08:24:00,2213.43,geyser,0,1450.89,4.07,618.6,3.76,136.1
2023-01-06 08:25:00,2342.82,geyser,0,1412.81,6.93,744.61,6.64,171.83
2023-01-06 08:26:00,2339.87,geyser,0,1552.62,5.39,624.08,3.7,154.08
2023-01-06 08:27:00,2538.25,geyser,0,1552.71,5.77,826.2,5.37,148.19
2023-01-06 08:28:00,2322.37,geyser,0,1413.54,9.12,705.84,1.74,192.12
2023-01-06 08:29:00,2259.06,geyser,0,1436.91,5.23,676.62,7.83,132.48
2023-01-06 08:30:00,2288.47,geyser,0,1525.38,6.28,591.25,3.63,161.94
2023-01-06 08:31:00,2291.14,geyser,0,1394.94,2.43,770.43,3.74,119.6
2023-01-06 08:32:00,2105.03,geyser,0,1340.73,5.88,618.73,8.55,131.15
2023-01-06 08:33:00,2415.97,geyser,0,1476.57,5.5,799.3,6.06,128.54
2023-01-06 08:34:00,2150.42,geyser,0,1383.04,4.41,599.72,5.77,157.49
2023-01-06 08:35:00,2435.11,geyser,0,1617.21,2.23,677.96,7.92,129.8
2023-01-06 08:36:00,2379.18,geyser,0,1481.46,6.77,750.14,8.91,131.9
2023-01-06 08:37:00,2492.89,geyser,0,1482.59,6.89,858.4,5.45,139.56
2023-01-06 08:38:00,2545.26,geyser,0,1707.59,4.38,646.85,7.4,179.04
2023-01-06 08:39:00,2322.62,geyser,0,1429.51,2.96,754.45,8.81,126.89
2023-01-06 08:40:00,2271.41,geyser,0,1347.03,5.78,736.34,2.92,179.34
2023-01-06 08:41:00,2341.47,geyser,0,1408.77,4.99,778.56,2.95,146.19
2023-01-06 08:42:00,2583.18,geyser,0,1653.6,6.86,743.48,4.27,174.97
2023-01-06 08:43:00,2424.77,geyser,0,1548.17,5.7,696.9,4.41,169.59
2023-01-06 08:44:00,2256.22,geyser,0,1570.42,5.94,530.47,5.28,144.12
2023-01-06 08:45:00,2266.25,geyser,0,1448.61,8.89,638.81,7.13,162.81
2023-01-06 08:46:00,2255.88,geyser,0,1539.13,7.37,538.0,4.47,166.91
2023-01-06 08:47:00,2385.25,geyser,0,1555.24,3.26,662.47,5.34,158.95
2023-01-06 08:48:00,2319.89,geyser,0,1536.18,5.7,609.69,5.69,162.63
2023-01-06 08:49:00,2361.0,geyser,0,1486.93,6.07,680.67,4.25,183.09
2023-01-06 08:50:00,2508.25,geyser,0,1666.0,2.43,660.84,3.83,175.15
2023-01-06 08:51:00,2253.35,geyser,0,1493.37,6.55,614.53,5.9,133.0
2023-01-06 08:52:00,2320.78,geyser,0,1577.5,6.21,579.4,4.23,153.44
2023-01-06 08:53:00,2158.69,geyser,0,1411.85,5.36,607.04,3.97,130.46
2023-01-06 08:54:00,2287.72,geyser,0,1406.43,0.73,687.85,5.08,187.64
2023-01-06 08:55:00,2429.47,geyser,0,1384.29,5.99,905.77,2.16,131.26
2023-01-06 08:56:00,2259.57,geyser,0,1518.36,5.17,596.9,8.13,131.02
2023-01-06 08:57:00,2412.89,geyser,0,1592.56,5.26,670.4,4.9,139.78
2023-01-06 08:58:00,2539.59,geyser,0,1625.17,4.93,787.6,6.92,114.97
2023-01-06 08:59:00,2240.38,geyser,0,1446.57,8.95,609.92,5.41,169.52
2023-01-06 09:00:00,689.5,washing_machine,0,5.34,0.87,522.95,7.91,152.43
2023-01-06 09:01:00,861.24,washing_machine,0,2.95,4.47,701.68,6.39,145.74
2023-01-06 09:02:00,811.74,washing_machine,0,6.93,7.17,640.95,4.85,151.84
2023-01-06 09:03:00,796.03,washing_machine,0,5.81,5.51,635.32,2.27,147.11
2023-01-06 09:04:00,887.89,washing_machine,0,5.81,6.77,723.85,5.55,145.91
2023-01-06 09:05:00,807.9,washing_machine,0,3.67,8.84,639.59,5.14,150.65
2023-01-06 09:06:00,940.05,washing_machine,0,8.57,4.96,767.82,6.52,152.17
2023-01-06 09:07:00,925.81,washing_machine,0,4.93,4.0,768.84,7.03,141.01
2023-01-06 09:08:00,949.21,washing_machine,0,4.34,4.49,764.62,8.36,167.38
2023-01-06 09:09:00,966.95,washing_machine,0,2.93,6.46,797.59,3.76,156.22
2023-01-06 09:10:00,825.2,washing_machine,0,3.79,0.0,681.87,2.92,136.63
2023-01-06 09:11:00,833.11,washing_machine,0,4.97,8.58,636.3,7.46,175.8
2023-01-06 09:12:00,872.46,washing_machine,0,7.19,7.95,702.97,7.22,147.13
2023-01-06 09:13:00,847.81,washing_machine,0,6.53,0.75,677.6,6.01,156.92
2023-01-06 09:14:00,976.92,washing_machine,0,4.48,5.65,785.12,7.01,174.66
2023-01-06 09:15:00,1004.03,washing_machine,0,7.68,4.45,825.22,7.75,158.93
2023-01-06 09:16:00,772.46,washing_machine,0,5.34,8.2,598.64,3.67,156.61
2023-01-06 09:17:00,751.64,washing_machine,0,0.37,6.58,558.88,5.96,179.84
2023-01-06 09:18:00,951.58,washing_machine,0,10.3,5.71,785.69,5.68,144.2
2023-01-06 09:19:00,785.49,washing_machine,0,4.32,7.31,610.71,7.67,155.47
2023-01-06 09:20:00,1001.66,washing_machine,0,6.73,5.39,798.41,6.98,184.15
2023-01-06 09:21:00,827.47,washing_machine,0,0.0,4.54,674.32,5.7,142.91
2023-01-06 09:22:00,728.21,washing_machine,0,4.16,0.15,574.85,4.02,145.03
2023-01-06 09:23:00,802.37,washing_machine,0,9.08,3.8,604.01,7.11,178.36
2023-01-06 09:24:00,684.08,washing_machine,0,3.77,2.43,543.0,4.01,130.87
2023-01-06 09:25:00,759.81,washing_machine,0,5.26,5.34,586.62,5.02,157.57
2023-01-06 09:26:00,1036.92,washing_machine,0,5.59,3.43,872.19,5.67,150.04
2023-01-06 09:27:00,936.2,washing_machine,0,6.69,8.17,772.94,2.77,145.63
2023-01-06 09:28:00,943.41,washing_machine,0,6.41,7.93,753.31,5.28,170.49
2023-01-06 09:29:00,646.27,washing_machine,0,8.14,2.95,520.92,3.37,110.9
2023-01-06 09:30:00,960.4,washing_machine,0,7.31,8.39,804.64,4.35,135.7
2023-01-06 09:31:00,793.49,washing_machine,0,3.84,4.23,634.4,2.62,148.4
2023-01-06 09:32:00,795.81,washing_machine,0,6.68,4.96,614.45,8.43,161.29
2023-01-06 09:33:00,957.95,washing_machine,0,4.3,4.36,794.73,7.13,147.43
2023-01-06 09:34:00,914.99,washing_machine,0,5.9,6.13,737.72,5.03,160.21
2023-01-06 09:35:00,1036.94,washing_machine,0,5.78,4.19,844.05,6.8,176.12
2023-01-06 09:36:00,783.2,washing_machine,0,6.95,6.61,607.4,5.07,157.17
2023-01-06 09:37:00,669.57,washing_machine,0,6.33,4.54,524.5,5.47,128.73
2023-01-06 09:38:00,731.53,washing_machine,0,5.98,9.48,563.52,3.65,148.9
2023-01-06 09:39:00,805.29,washing_machine,0,6.73,4.2,616.45,7.03,170.88
2023-01-06 09:40:00,938.82,washing_machine,0,5.2,6.34,770.9,7.04,149.35
2023-01-06 09:41:00,822.31,washing_machine,0,1.6,1.09,665.97,6.77,146.88
2023-01-06 09:42:00,709.91,washing_machine,0,5.69,6.85,542.18,1.46,153.74
2023-01-06 09:43:00,741.22,washing_machine,0,6.7,3.81,609.44,3.66,117.62
2023-01-06 09:44:00,889.02,washing_machine,0,3.69,7.93,718.46,5.21,153.72
2023-01-06 09:45:00,624.81,washing_machine,0,3.19,2.76,467.62,4.12,147.11
2023-01-06 09:46:00,1020.77,washing_machine,0,6.97,2.58,829.61,5.35,176.25
2023-01-06 09:47:00,849.69,washing_machine,0,2.42,4.34,680.23,7.5,155.2
2023-01-06 09:48:00,1013.58,washing_machine,0,7.32,4.86,854.23,7.27,139.91
2023-01-06 09:49:00,833.73,washing_machine,0,2.06,5.46,653.58,8.29,164.34
2023-01-06 09:50:00,847.41,washing_machine,0,3.2,6.92,667.67,4.73,164.89
2023-01-06 09:51:00,862.17,washing_machine,0,5.65,5.7,696.69,7.44,146.7
2023-01-06 09:52:00,827.66,washing_machine,0,6.36,5.06,666.31,3.6,146.33
2023-01-06 09:53:00,830.32,washing_machine,0,7.89,7.97,652.55,5.91,156.0
2023-01-06 09:54:00,705.68,washing_machine,0,10.4,6.78,522.58,6.61,159.31
2023-01-06 09:55:00,736.49,washing_machine,0,6.87,4.83,572.23,2.65,149.92
2023-01-06 09:56:00,699.64,washing_machine,0,3.75,3.57,541.24,5.38,145.7
2023-01-06 09:57:00,952.74,washing_machine,0,5.21,6.26,743.94,5.43,191.89
2023-01-06 09:58:00,1024.72,washing_machine,0,3.84,8.28,826.65,3.78,182.18
2023-01-06 09:59:00,837.31,washing_machine,0,1.9,8.12,653.61,5.69,167.98
2023-01-06 10:00:00,798.58,washing_machine,0,4.87,3.95,646.98,2.94,139.84
2023-01-06 10:01:00,784.51,washing_machine,0,4.39,3.96,606.53,4.75,164.88
2023-01-06 10:02:00,755.57,washing_machine,0,5.67,3.46,633.79,5.98,106.67
2023-01-06 10:03:00,809.27,washing_machine,0,1.49,6.09,678.27,0.93,122.49
2023-01-06 10:04:00,769.32,washing_machine,0,7.75,4.42,624.31,0.0,132.84
2023-01-06 10:05:00,1018.45,washing_machine,0,6.44,0.91,847.88,3.62,159.6
2023-01-06 10:06:00,789.51,washing_machine,0,4.24,5.0,617.31,5.96,157.0
2023-01-06 10:07:00,800.61,washing_machine,0,4.55,3.66,626.04,6.21,160.14
2023-01-06 10:08:00,842.55,washing_machine,0,9.18,5.34,656.45,2.03,169.56
2023-01-06 10:09:00,968.27,washing_machine,0,5.74,8.32,772.02,4.03,178.17
2023-01-06 10:10:00,816.42,washing_machine,0,6.44,4.82,675.89,1.35,127.92
2023-01-06 10:11:00,925.36,washing_machine,0,0.62,2.68,774.97,5.1,141.98
2023-01-06 10:12:00,689.04,washing_machine,0,5.41,3.82,528.35,5.12,146.34
2023-01-06 10:13:00,1014.23,washing_machine,0,6.28,9.13,845.53,6.27,147.02
2023-01-06 10:14:00,799.43,washing_machine,0,5.82,1.61,644.6,4.62,142.78
2023-01-06 10:15:00,857.47,washing_machine,0,5.43,2.26,714.22,0.43,135.13
2023-01-06 10:16:00,949.16,washing_machine,0,6.23,3.75,782.53,7.27,149.38
2023-01-06 10:17:00,989.48,washing_machine,0,4.45,9.65,805.21,4.47,165.69
2023-01-06 10:18:00,817.4,washing_machine,0,3.05,3.35,638.65,4.76,167.58
2023-01-06 10:19:00,852.21,washing_machine,0,2.02,7.37,721.09,5.09,116.65
2023-01-06 10:20:00,1021.36,washing_machine,0,2.29,6.88,823.64,5.6,182.95
2023-01-06 10:21:00,874.64,washing_machine,0,4.35,3.69,738.2,4.24,124.16
2023-01-06 10:22:00,895.05,washing_machine,0,6.59,3.24,710.88,4.56,169.78
2023-01-06 10:23:00,990.75,washing_machine,0,6.49,4.47,829.8,5.52,144.47
2023-01-06 10:24:00,876.77,washing_machine,0,4.66,5.62,732.28,6.41,127.81
2023-01-06 10:25:00,965.9,washing_machine,0,6.4,8.65,810.07,5.98,134.8
2023-01-06 10:26:00,698.32,washing_machine,0,2.97,2.97,534.1,4.61,153.66
2023-01-06 10:27:00,834.68,washing_machine,1,20.7,4.91,645.54,6.53,156.99
2023-01-06 10:28:00,789.03,washing_machine,0,5.44,0.0,605.12,0.8,177.67
2023-01-06 10:29:00,766.73,washing_machine,0,1.32,6.5,632.16,6.0,120.75
2023-01-06 10:30:00,812.23,washing_machine,0,4.69,1.92,645.91,4.9,154.81
2023-01-06 10:31:00,867.56,washing_machine,0,4.59,7.92,688.1,2.91,164.03
2023-01-06 10:32:00,831.16,washing_machine,0,4.05,5.32,692.64,6.31,122.84
2023-01-06 10:33:00,1056.61,washing_machine,0,7.09,8.74,862.52,5.15,173.12
2023-01-06 10:34:00,913.96,washing_machine,0,2.39,5.75,735.86,2.25,167.71
2023-01-06 10:35:00,1030.74,washing_machine,0,3.23,4.55,856.46,3.88,162.62
2023-01-06 10:36:00,823.29,washing_machine,0,6.55,1.89,667.78,2.75,144.32
2023-01-06 10:37:00,853.51,washing_machine,0,3.8,8.46,714.25,6.4,120.59
2023-01-06 10:38:00,858.35,washing_machine,0,3.18,9.04,661.71,7.61,176.82
2023-01-06 10:39:00,799.67,washing_machine,0,8.29,5.22,625.89,7.2,153.07
2023-01-06 10:40:00,825.02,washing_machine,0,1.33,6.1,659.9,5.62,152.08
2023-01-06 10:41:00,895.75,washing_machine,0,9.96,1.36,739.34,1.2,143.88
2023-01-06 10:42:00,1297.6,washing_machine,1,7.25,4.72,696.05,4.23,585.34
2023-01-06 10:43:00,919.06,washing_machine,0,9.25,5.03,741.18,4.67,158.93
2023-01-06 10:44:00,1000.42,washing_machine,0,2.65,6.47,804.83,5.3,181.16
2023-01-06 10:45:00,979.91,washing_machine,0,6.0,3.25,809.43,4.4,156.83
2023-01-06 10:46:00,915.54,washing_machine,0,3.03,5.58,729.99,3.99,172.95
2023-01-06 10:47:00,1046.8,washing_machine,0,2.35,2.59,888.2,4.94,148.73
2023-01-06 10:48:00,867.14,washing_machine,0,4.63,4.45,691.46,6.9,159.71
2023-01-06 10:49:00,820.15,washing_machine,0,6.62,9.01,637.37,5.79,161.35
2023-01-06 10:50:00,948.94,washing_machine,0,6.21,9.93,780.89,5.27,146.64
2023-01-06 10:51:00,728.95,washing_machine,0,2.55,7.26,570.51,6.95,141.69
2023-01-06 10:52:00,865.02,washing_machine,0,4.45,5.86,681.7,7.14,165.87
2023-01-06 10:53:00,864.42,washing_machine,0,3.85,5.02,718.6,5.58,131.36
2023-01-06 10:54:00,848.76,washing_machine,0,3.84,1.19,663.24,4.15,176.33
2023-01-06 10:55:00,776.4,washing_machine,0,3.87,4.31,619.64,4.2,144.38
2023-01-06 10:56:00,892.98,washing_machine,0,4.78,4.61,712.33,4.53,166.72
2023-01-06 10:57:00,1168.25,washing_machine,0,4.33,4.18,990.49,4.87,164.37
2023-01-06 10:58:00,801.45,washing_machine,0,4.81,4.79,631.78,8.24,151.83
2023-01-06 10:59:00,860.38,washing_machine,0,4.58,3.85,718.48,7.99,125.48
2023-01-06 11:00:00,1007.54,washing_machine,0,4.98,3.91,879.4,6.53,112.72
2023-01-06 11:01:00,858.8,washing_machine,0,5.21,2.84,686.54,2.09,162.13
2023-01-06 11:02:00,1239.43,washing_machine,1,5.28,3.93,684.33,4.51,541.37
2023-01-06 11:03:00,806.53,washing_machine,0,6.78,9.89,644.82,8.09,136.95
2023-01-06 11:04:00,927.36,washing_machine,0,5.43,4.88,762.66,4.81,149.57
2023-01-06 11:05:00,875.24,washing_machine,0,5.2,2.51,730.83,3.22,133.48
2023-01-06 11:06:00,1035.75,washing_machine,0,8.29,3.24,845.25,7.47,171.5
2023-01-06 11:07:00,867.01,washing_machine,0,5.71,0.51,700.05,5.03,155.71
2023-01-06 11:08:00,816.12,washing_machine,0,7.67,2.44,678.05,7.33,120.63
2023-01-06 11:09:00,860.35,washing_machine,0,8.76,0.18,661.26,3.92,186.24
2023-01-06 11:10:00,881.1,washing_machine,0,6.11,6.85,733.83,3.8,130.51
2023-01-06 11:11:00,816.37,washing_machine,0,4.75,4.86,653.74,8.5,144.51
2023-01-06 11:12:00,889.54,washing_machine,0,7.96,4.26,686.99,5.01,185.33
2023-01-06 11:13:00,809.83,washing_machine,0,1.45,9.82,637.78,2.23,158.55
2023-01-06 11:14:00,882.22,washing_machine,0,4.66,1.38,718.33,3.93,153.92
2023-01-06 11:15:00,794.98,washing_machine,0,5.43,5.37,640.71,2.43,141.04
2023-01-06 11:16:00,830.59,washing_machine,0,5.04,3.95,685.19,5.78,130.62
2023-01-06 11:17:00,868.76,washing_machine,0,6.31,6.47,694.47,4.26,157.24
2023-01-06 11:18:00,846.19,washing_machine,0,2.92,7.76,693.62,5.65,136.23
2023-01-06 11:19:00,932.95,washing_machine,0,5.61,4.28,793.26,8.16,121.63
2023-01-06 11:20:00,1050.67,washing_machine,0,4.67,6.87,851.94,3.39,183.8
2023-01-06 11:21:00,824.15,washing_machine,0,4.8,3.23,648.14,6.69,161.29
2023-01-06 11:22:00,929.21,washing_machine,0,4.13,9.65,754.03,5.78,155.62
2023-01-06 11:23:00,981.17,washing_machine,0,7.24,5.11,811.53,7.92,149.37
2023-01-06 11:24:00,832.38,washing_machine,0,5.05,8.23,680.08,1.57,137.45
2023-01-06 11:25:00,745.72,washing_machine,0,2.99,5.89,586.26,4.0,146.58
2023-01-06 11:26:00,840.66,washing_machine,0,6.88,3.29,673.47,2.49,154.53
2023-01-06 11:27:00,510.12,washing_machine,0,5.24,7.85,346.83,3.95,146.25
2023-01-06 11:28:00,699.39,washing_machine,0,4.01,4.94,551.12,4.28,135.03
2023-01-06 11:29:00,864.75,washing_machine,0,4.84,3.04,706.12,3.27,147.48
2023-01-06 11:30:00,971.46,washing_machine,0,2.84,3.1,808.86,7.3,149.37
2023-01-06 11:31:00,864.61,washing_machine,0,8.67,2.84,710.53,6.59,135.98
2023-01-06 11:32:00,836.69,washing_machine,0,4.62,5.76,660.85,3.15,162.32
2023-01-06 11:33:00,852.22,washing_machine,0,8.52,6.72,696.32,8.28,132.39
2023-01-06 11:34:00,769.83,washing_machine,0,5.6,8.36,618.39,5.35,132.13
2023-01-06 11:35:00,790.97,washing_machine,0,2.87,5.23,622.53,4.46,155.88
2023-01-06 11:36:00,846.15,washing_machine,0,5.15,5.5,679.34,3.98,152.17
2023-01-06 11:37:00,848.42,washing_machine,0,5.85,8.61,701.63,3.32,129.0
2023-01-06 11:38:00,954.88,washing_machine,0,6.27,4.98,762.72,5.0,175.91
2023-01-06 11:39:00,762.15,washing_machine,0,3.74,8.57,616.38,4.72,128.74
2023-01-06 11:40:00,953.15,washing_machine,0,8.23,2.84,792.95,4.62,144.51
2023-01-06 11:41:00,701.55,washing_machine,0,7.78,5.43,521.96,4.87,161.5
2023-01-06 11:42:00,798.71,washing_machine,0,4.25,5.69,611.5,4.38,172.89
2023-01-06 11:43:00,737.86,washing_machine,0,4.65,7.43,570.28,3.91,151.58
2023-01-06 11:44:00,782.22,washing_machine,0,3.04,5.1,637.31,4.28,132.49
2023-01-06 11:45:00,872.59,washing_machine,0,4.43,7.55,713.69,4.5,142.43
2023-01-06 11:46:00,861.52,washing_machine,0,2.39,7.07,714.48,5.68,131.89
2023-01-06 11:47:00,890.75,washing_machine,0,2.26,4.78,693.91,4.62,185.18
2023-01-06 11:48:00,935.92,washing_machine,0,4.38,6.3,789.83,1.73,133.67
2023-01-06 11:49:00,909.0,washing_machine,0,7.41,0.75,747.46,5.19,148.2
2023-01-06 11:50:00,894.45,washing_machine,0,7.1,7.81,707.26,2.55,169.73
2023-01-06 11:51:00,698.88,washing_machine,0,5.22,5.07,503.87,4.54,180.17
2023-01-06 11:52:00,811.16,washing_machine,0,5.7,5.95,652.15,3.69,143.67
2023-01-06 11:53:00,794.85,washing_machine,0,5.14,3.04,650.64,4.59,131.44
2023-01-06 11:54:00,947.83,washing_machine,0,4.37,7.86,769.42,1.35,164.83
2023-01-06 11:55:00,753.45,washing_machine,0,5.3,3.35,597.0,4.98,142.82
2023-01-06 11:56:00,574.86,washing_machine,0,4.09,3.24,426.27,1.69,139.57
2023-01-06 11:57:00,938.07,washing_machine,0,4.35,2.84,755.26,6.47,169.16
2023-01-06 11:58:00,796.13,washing_machine,0,6.61,3.11,636.0,4.54,145.87
2023-01-06 11:59:00,1148.53,washing_machine,0,5.2,8.8,980.5,3.71,150.32
2023-01-06 12:00:00,1385.47,ac,0,4.6,1212.37,4.35,2.45,161.71
2023-01-06 12:01:00,1206.22,ac,0,5.36,1038.81,7.33,8.11,146.62
2023-01-06 12:02:00,1277.22,ac,0,6.68,1113.27,4.59,2.98,149.7
2023-01-06 12:03:00,1536.63,ac,0,8.48,1366.28,5.83,5.11,150.93
2023-01-06 12:04:00,1324.46,ac,0,3.61,1186.88,1.25,6.37,126.36
2023-01-06 12:05:00,1410.71,ac,0,3.78,1243.02,5.83,2.29,155.79
2023-01-06 12:06:00,1150.11,ac,0,4.83,1001.31,4.74,5.21,134.02
2023-01-06 12:07:00,1321.46,ac,0,6.74,1150.56,6.9,5.27,152.0
2023-01-06 12:08:00,1390.79,ac,0,4.4,1232.93,6.52,7.88,139.05
2023-01-06 12:09:00,1359.92,ac,0,7.56,1227.64,5.38,5.37,113.97
2023-01-06 12:10:00,1188.33,ac,0,6.37,1014.75,6.77,3.81,156.64
2023-01-06 12:11:00,1471.25,ac,0,6.76,1317.98,5.73,10.42,130.36
2023-01-06 12:12:00,1548.85,ac,0,4.84,1368.11,5.77,4.55,165.58
2023-01-06 12:13:00,1378.71,ac,0,3.88,1182.4,4.4,7.05,180.99
2023-01-06 12:14:00,1352.69,ac,0,8.06,1208.1,4.63,5.99,125.91
2023-01-06 12:15:00,1570.98,ac,0,8.54,1423.56,6.91,9.43,122.54
2023-01-06 12:16:00,1339.0,ac,0,2.06,1162.17,2.5,3.27,169.0
2023-01-06 12:17:00,1103.04,ac,0,3.21,929.11,5.82,5.39,159.51
2023-01-06 12:18:00,1309.16,ac,0,7.14,1128.74,4.67,5.68,162.93
2023-01-06 12:19:00,1057.27,ac,0,4.41,926.54,3.51,5.62,117.19
2023-01-06 12:20:00,1313.2,ac,0,3.23,1146.77,4.89,4.62,153.68
2023-01-06 12:21:00,1321.9,ac,0,5.93,1184.44,9.13,6.75,115.64
2023-01-06 12:22:00,1515.26,ac,0,11.18,1336.22,4.75,3.93,159.17
2023-01-06 12:23:00,1219.98,ac,0,3.27,1018.61,4.42,5.91,187.77
2023-01-06 12:24:00,1408.82,ac,0,3.94,1220.47,8.29,0.77,175.34
2023-01-06 12:25:00,1279.79,ac,0,4.29,1143.98,3.03,4.97,123.52
2023-01-06 12:26:00,1154.97,ac,0,2.72,961.43,6.46,7.31,177.05
2023-01-06 12:27:00,1417.86,ac,0,4.16,1250.71,5.1,6.28,151.62
2023-01-06 12:28:00,1702.9,ac,0,8.03,1529.84,5.03,6.21,153.78
2023-01-06 12:29:00,1261.57,ac,0,4.9,1088.18,5.96,6.56,155.97
2023-01-06 12:30:00,1397.86,ac,0,2.29,1239.41,2.58,7.13,146.45
2023-01-06 12:31:00,1241.02,ac,0,3.39,1076.82,4.44,6.41,149.95
2023-01-06 12:32:00,1227.0,ac,0,2.89,1062.65,6.33,2.21,152.91
2023-01-06 12:33:00,1672.87,ac,0,3.98,1485.9,4.76,6.22,172.01
2023-01-06 12:34:00,1462.06,ac,1,15.75,1271.1,6.99,7.05,161.18
2023-01-06 12:35:00,1422.46,ac,0,6.41,1244.95,4.13,5.56,161.41
2023-01-06 12:36:00,1315.53,ac,0,4.79,1134.51,3.94,3.68,168.61
2023-01-06 12:37:00,1571.16,ac,0,5.91,1386.27,4.14,5.11,169.74
2023-01-06 12:38:00,1424.07,ac,0,3.26,1275.42,4.02,1.7,139.66
2023-01-06 12:39:00,1476.77,ac,0,6.31,1297.33,4.95,3.9,164.28
2023-01-06 12:40:00,1312.05,ac,0,6.35,1105.09,5.43,4.89,190.29
2023-01-06 12:41:00,1601.19,ac,1,5.96,1431.56,24.09,6.65,132.93
2023-01-06 12:42:00,1559.97,ac,0,2.25,1402.17,5.68,6.06,143.81
2023-01-06 12:43:00,1266.87,ac,0,5.08,1104.75,6.01,5.61,145.42
2023-01-06 12:44:00,1465.48,ac,0,6.52,1307.98,5.52,7.46,138.0
2023-01-06 12:45:00,1344.91,ac,0,4.82,1179.11,3.53,4.46,153.0
2023-01-06 12:46:00,1195.25,ac,0,4.51,1019.19,2.2,4.2,165.15
2023-01-06 12:47:00,1269.87,ac,0,6.11,1135.85,4.7,2.87,120.34
2023-01-06 12:48:00,1244.05,ac,0,4.3,1082.38,4.8,3.66,148.9
2023-01-06 12:49:00,1332.86,ac,0,6.11,1151.9,1.69,5.7,167.45
2023-01-06 12:50:00,1439.69,ac,0,2.85,1252.85,1.52,5.21,177.26
2023-01-06 12:51:00,1178.51,ac,0,7.35,996.52,4.31,5.59,164.74
2023-01-06 12:52:00,1315.37,ac,0,2.1,1148.83,3.99,4.84,155.62
2023-01-06 12:53:00,1586.12,ac,0,2.29,1423.74,6.37,1.11,152.61
2023-01-06 12:54:00,1193.8,ac,0,4.08,1017.48,6.34,3.82,162.08
2023-01-06 12:55:00,1331.12,ac,0,4.78,1151.31,2.55,5.29,167.18
2023-01-06 12:56:00,1282.39,ac,0,2.79,1179.39,5.16,5.43,89.62
2023-01-06 12:57:00,1633.79,ac,0,5.65,1457.14,1.39,3.47,166.15
2023-01-06 12:58:00,1543.87,ac,0,0.36,1395.62,3.73,2.5,141.67
2023-01-06 12:59:00,1367.2,ac,0,6.91,1202.27,5.51,0.17,152.34
2023-01-06 13:00:00,1579.39,ac,0,0.14,1417.57,4.73,2.66,154.3
2023-01-06 13:01:00,1344.54,ac,0,8.38,1185.66,6.1,7.17,137.23
2023-01-06 13:02:00,1555.56,ac,0,6.83,1381.64,3.67,4.12,159.31
2023-01-06 13:03:00,1206.91,ac,0,4.83,1046.35,5.59,4.18,145.96
2023-01-06 13:04:00,1567.93,ac,0,5.51,1433.87,5.74,3.36,119.46
2023-01-06 13:05:00,1487.26,ac,0,5.71,1298.79,6.32,5.62,170.8
2023-01-06 13:06:00,1572.29,ac,0,4.81,1430.08,4.2,6.95,126.25
2023-01-06 13:07:00,1399.95,ac,0,7.04,1262.66,7.31,6.77,116.17
2023-01-06 13:08:00,1477.73,ac,0,5.87,1315.83,3.42,4.04,148.57
2023-01-06 13:09:00,1461.84,ac,0,3.92,1334.03,6.06,6.89,110.95
2023-01-06 13:10:00,1351.33,ac,0,7.09,1195.03,5.8,2.79,140.62
2023-01-06 13:11:00,1705.07,ac,1,1.85,1221.82,5.12,7.55,468.73
2023-01-06 13:12:00,921.21,ac,0,7.53,757.42,4.67,4.32,147.28
2023-01-06 13:13:00,1412.47,ac,0,9.56,1256.48,5.88,5.8,134.75
2023-01-06 13:14:00,1696.5,ac,0,4.89,1526.37,3.06,8.47,153.71
2023-01-06 13:15:00,975.38,ac,0,7.72,823.72,6.01,7.6,130.32
2023-01-06 13:16:00,1508.07,ac,0,4.84,1331.27,5.75,4.22,161.99
2023-01-06 13:17:00,1497.56,ac,0,5.74,1352.97,4.01,5.89,128.95
2023-01-06 13:18:00,1424.44,ac,1,2.01,994.93,5.28,2.52,419.71
2023-01-06 13:19:00,1433.74,ac,0,0.9,1255.17,5.3,8.38,164.0
